Unique ID,Alias Name,Alias strength
AFG0001,HAJI ALIM HAWALA,
AFG0001,HAJI HAKIM HAWALA,
AFG0001,HAJI KHAIR ULLAH MONEY SERVICE,
AFG0001,HAJI KHAIRULLAH AND ABDUL SATTAR AND COMPANY,
AFG0001,HAJI KHAIRULLAH MONEY EXCHANGE,
AFG0001,HAJI KHAIRULLAH-HAJI SATTAR SARAFI,
AFG0001,HAJI SALAM HAWALA,
AFG0001,SARAFI-YI HAJI KHAIRULLAH HAJI SATAR HAJI ESMATULLAH,
AFG0002,HAJI AHMAD SHAH HAWALA,
AFG0002,MAULAWI AHMED SHAH HAWALA,
AFG0002,MULLAH AHMED SHAH HAWALA,
AFG0002,ROSHAN SARAFI,
AFG0002,ROSHAN SHIRKAT,
AFG0002,ROSHAN TRADING COMPANY,
AFG0002,RUSHAAN TRADING COMPANY,
AFG0004,HAJI MUHAMMAD QASIM SARAFI,
AFG0004,MUSA KALIM HAWALA,
AFG0004,NEW CHAGAI TRADING,
AFG0004,RAHAT TRADING COMPANY,
AFG0005,HAJI ABDUL BASIR AND ZAR JAMEEL HAWALA,
AFG0005,HAJI ABDUL BASIR EXCHANGE SHOP,
AFG0005,HAJI BASEER HAWALA,
AFG0005,HAJI BASHIR AND ZARJMIL HAWALA COMPANY,
AFG0005,HAJI BASIR AND ZARJAMIL CURRENCY EXCHANGE,
AFG0005,HAJI BASIR HAWALA,
AFG0005,"HAJI ZAR JAMIL, HAJI ABDUL BASEER MONEY CHANGER",
AFG0007,KABIR MUHAMMAD JAN ABDUL,
AFG0007,ABDUL KABIR MUHAMMAD JAN,
AFG0007,A KABIR,Good quality a.k.a
AFG0009,MOHAMMAD TAHER ANWARI,Good quality a.k.a
AFG0009,MOHAMMAD TAHRE ANWARI,Good quality a.k.a
AFG0009,MUHAMMAD TAHIR ANWARI,Good quality a.k.a
AFG0009,MUDIR,Low quality a.k.a
AFG0010,SAYYED MOHAMMAD HAQQANI,Good quality a.k.a
AFG0011,ABDUL LATIF MANSOOR,Good quality a.k.a
AFG0011,WALI MOHAMMAD,Good quality a.k.a
AFG0012,SHAMSURRAHMAN ABDURAHMAN,Good quality a.k.a
AFG0012,SHAMS UR-RAHMAN SHER ALAM,Low quality a.k.a
AFG0012,SHAMS-U-RAHMAN,Good quality a.k.a
AFG0012,SHAMSURRAHMAN,Good quality a.k.a
AFG0014,NAIB IMAM,Low quality a.k.a
AFG0014,AKHTAR MUHAMMAD MANSOOR,Good quality a.k.a
AFG0014,AKHTAR MOHAMMAD MANSOUR KHAN MUHAMMAD,Good quality a.k.a
AFG0015,NAIM BARECH AKHUND,Good quality a.k.a
AFG0015,NAEEM BARAICH,Good quality a.k.a
AFG0015,NAEEM BARECH,Good quality a.k.a
AFG0015,NAIM BARECH,Good quality a.k.a
AFG0015,NAIM BAREH,Good quality a.k.a
AFG0015,NAEEM BARIC,Good quality a.k.a
AFG0015,GUL MOHAMMED NAIM BARICH,Good quality a.k.a
AFG0015,NAIM NAIM BARICH,Good quality a.k.a
AFG0015,NAIM BERICH,Good quality a.k.a
AFG0015,GUL MOHAMMAD KAMRAN,Good quality a.k.a
AFG0015,GHUL MOHAMMAD,Good quality a.k.a
AFG0015,GUL MOHAMMAD,Good quality a.k.a
AFG0015,MOHAMMAD NAIM,Good quality a.k.a
AFG0015,NAIMULLAH,Good quality a.k.a
AFG0015,SPEN ZRAE,Low quality a.k.a
AFG0016,ABU TURAB,Good quality a.k.a
AFG0018,ALLAH DAD TABEEB,Good quality a.k.a
AFG0018,ALLAH DAD TAYYAB,Good quality a.k.a
AFG0019,NIK MOHAMMAD,Good quality a.k.a
AFG0021,AKHUND,Low quality a.k.a
AFG0021,ALLAHDAD,Good quality a.k.a
AFG0021,SHAHIDWROR,Good quality a.k.a
AFG0022,OBAID ULLAH AKHUND,Good quality a.k.a
AFG0022,OBAIDULLAH AKHUND,Good quality a.k.a
AFG0023,MOLAH FAZL,Good quality a.k.a
AFG0023,FAZEL MOHAMMAD MAZLOOM,Good quality a.k.a
AFG0023,FADEL AAKHUND MOHAMMAD,
AFG0024,BARADAR AKHUND,Good quality a.k.a
AFG0024,ABDUL GHANI BARADAR,Good quality a.k.a
AFG0025,ABDUL RAUF ALIZA,Good quality a.k.a
AFG0026,AMIR KHAN MUTAQI,Good quality a.k.a
AFG0026,AMIR KHAN MUTTAQI,Good quality a.k.a
AFG0027,ABDUL SALAM HANAFI,
AFG0027,ABDUSSALAM HANIFI,Good quality a.k.a
AFG0027,HANAFI SAHEB,Good quality a.k.a
AFG0029,AREFULLAH AREF,Good quality a.k.a
AFG0031,ABDUL REHMAN ZAHID,Good quality a.k.a
AFG0032,ABDUL JALIL AKHUND,Good quality a.k.a
AFG0032,HAJI GULAB GUL,Good quality a.k.a
AFG0032,ABDUL JALIL HAQQANI,Good quality a.k.a
AFG0032,NAZAR JAN,Low quality a.k.a
AFG0032,AKHTER MOHMAD,Good quality a.k.a
AFG0034,ABDUL BAQI HAQQANI,
AFG0034,ABDUL BAQI,Good quality a.k.a
AFG0036,JALALUDDIN HAQANI,Good quality a.k.a
AFG0036,JALLALOUDDIN HAQANI,Good quality a.k.a
AFG0036,JALLALOUDDINE HAQQANI,Good quality a.k.a
AFG0037,IBRAHIM HAQQANI,Good quality a.k.a
AFG0038,IADENAMOHAMMAD NAZRI MOHAMMAD,
AFG0038,QARI DIN MOHAMMAD,
AFG0040,SAHIB,Good quality a.k.a
AFG0041,HOTTAK SAHIB,Good quality a.k.a
AFG0042,ABDUL HAQ,Good quality a.k.a
AFG0046,MULLAH NOORDIN TORABI,
AFG0046,KARIM,Low quality a.k.a
AFG0046,NOOR UD DIN TURABI,Good quality a.k.a
AFG0047,MOHAMMAD EISA SANI,Good quality a.k.a
AFG0048,MUHAMMAD AZAMI,Good quality a.k.a
AFG0049,EZATULLAH HAQQANI,Good quality a.k.a
AFG0052,NANAI,Good quality a.k.a
AFG0053,ROSTAM NURISTANI,Good quality a.k.a
AFG0053,HANAFI SAHIB,Low quality a.k.a
AFG0054,ATIQULLAH,Good quality a.k.a
AFG0055,NAJIBULLAH HAQANI,Good quality a.k.a
AFG0055,NAJEEBULLAH HAYAT,Good quality a.k.a
AFG0056,SAYYED GHAYASUDIN,Good quality a.k.a
AFG0056,SAYED GHIAS,Good quality a.k.a
AFG0056,SAYED GHIASUDDIN SAYED GHOUSUDDIN,Good quality a.k.a
AFG0057,MOSLIM HAQQANI,Good quality a.k.a
AFG0059,MOHAMMAD WALI,Good quality a.k.a
AFG0061,ASMATULLAH ASEM,Good quality a.k.a
AFG0061,ESMATULLAH ASEM,Good quality a.k.a
AFG0061,SAYED ESMATULLAH ASEM,Good quality a.k.a
AFG0062,ABDULHAQ WASEEQ,Good quality a.k.a
AFG0062,ABDUL HAQ WASIQ,Good quality a.k.a
AFG0062,ABDUL-HAQ WASSEQ,Good quality a.k.a
AFG0063,EHSANULLAH SARFADI,Good quality a.k.a
AFG0063,EHSANULLAH SARFIDA,Good quality a.k.a
AFG0065,AHMED JAN AKHUND,Good quality a.k.a
AFG0065,HAJI AHMED JAN,Good quality a.k.a
AFG0066,SADRUDDIN,Good quality a.k.a
AFG0066,SADUDIN SAYED,Good quality a.k.a
AFG0067,JABBAR,Low quality a.k.a
AFG0067,MAUWIN JABBAR,Low quality a.k.a
AFG0068,NORULLAH NOORI,Good quality a.k.a
AFG0069,ABDULLAH JAN AGHA,Good quality a.k.a
AFG0070,DOOST MOHAMMAD,Good quality a.k.a
AFG0071,KHAIRULLAH KHAIRKHWA,Good quality a.k.a
AFG0071,KHIRULLAH SAID WALI KHAIRKHWA,Good quality a.k.a
AFG0072,HAJI MULLAH SAHIB,Good quality a.k.a
AFG0072,ZAKIR,Low quality a.k.a
AFG0074,GUD MULLAH MOHAMMAD HASSAN,
AFG0075,BARYALAI,Low quality a.k.a
AFG0075,BARYALY,Low quality a.k.a
AFG0075,ABDUL MANAN NAYAZI,Good quality a.k.a
AFG0075,ABDUL MANAN NIAZI,Good quality a.k.a
AFG0078,NAZAR MOHAMMAD,Good quality a.k.a
AFG0079,MOHAMMAD ISHAQ AKHUND,Good quality a.k.a
AFG0080,ZIAURRAHMAN MADANI,Good quality a.k.a
AFG0080,DIYA' AL-RAHMAN MADANI,Good quality a.k.a
AFG0080,ZAIA U RAHMAN MADANI,Good quality a.k.a
AFG0080,MADANI SAHEB,Good quality a.k.a
AFG0081,PAHLAWAN SHAMSUDDIN,Good quality a.k.a
AFG0082,GURG,Good quality a.k.a
AFG0084,MOHAMMAD SHAFIQ AHMADI,Good quality a.k.a
AFG0084,SHAFIQULLAH,Good quality a.k.a
AFG0085,AMINULLAH AMIN,Good quality a.k.a
AFG0085,MUHAMMAD YUSUF,Good quality a.k.a
AFG0087,AHMAD JAN AKHUNZADA,Good quality a.k.a
AFG0087,AHMAD JAN AKHUND ZADA,Good quality a.k.a
AFG0088,NOOR MOHAMMED SAQEB,Good quality a.k.a
AFG0089,SANANI,Good quality a.k.a
AFG0092,HAMIDULLAH AKHUND,Good quality a.k.a
AFG0092,JANAT GUL,Good quality a.k.a
AFG0092,SAEED HAMIDULLAH,Good quality a.k.a
AFG0094,AZIZURAHMAN ABDUL AHAD,Good quality a.k.a
AFG0096,MOHAMMAD SARWAR SIDDIQMAL,Good quality a.k.a
AFG0098,ABDUL QADIR BASIR,Good quality a.k.a
AFG0098,AHMAD HAJI,Good quality a.k.a
AFG0098,ABDUL QADIR HAQQANI,Good quality a.k.a
AFG0098,ABDUL QADIR,Good quality a.k.a
AFG0099,NAZIRULLAH AANAFI WALIULLAH,Good quality a.k.a
AFG0100,ABDUL GHAFFAR QURESHI,Good quality a.k.a
AFG0101,NAJIB ULLAH,Low quality a.k.a
AFG0103,AKHTAR MOHAMMAD MAZ-HARI,Good quality a.k.a
AFG0105,KAKAZADA,Good quality a.k.a
AFG0105,NASIR,Low quality a.k.a
AFG0105,REHMATULLAH,Good quality a.k.a
AFG0109,AL-HAMMAD,Good quality a.k.a
AFG0110,ABDUL HAI HAZEM,Good quality a.k.a
AFG0112,ABDUL SATAR ABDULLAH,Good quality a.k.a
AFG0112,SARAJ HAQANI,Good quality a.k.a
AFG0112,SERAJUDDIN HAQANI,Good quality a.k.a
AFG0112,SIRAJ HAQANI,Good quality a.k.a
AFG0112,SIRAJ HAQQANI,Good quality a.k.a
AFG0112,KHALIFA,Low quality a.k.a
AFG0113,AMIR ABDULLAH SAHIB,Low quality a.k.a
AFG0114,ALIM GHAIR,Good quality a.k.a
AFG0114,MASEER HAQQANI,Good quality a.k.a
AFG0114,NASHIR HAQQANI,Good quality a.k.a
AFG0114,NASSIR HAQQANI,Good quality a.k.a
AFG0114,NASERUDDIN,Low quality a.k.a
AFG0115,GUL AGHA,Good quality a.k.a
AFG0115,GUL AGHA AKHUND,Good quality a.k.a
AFG0115,HEDAYATULLAH BADRI,Good quality a.k.a
AFG0115,HIDAYATULLAH BADRI,Good quality a.k.a
AFG0115,HAYADATULLAH,Low quality a.k.a
AFG0115,HEDAYATULLAH HEDAYAT,Good quality a.k.a
AFG0115,HIDAYATULLAH,Low quality a.k.a
AFG0116,LOI AGHA,Good quality a.k.a
AFG0116,AGHA JAN ALAZAI,Good quality a.k.a
AFG0116,AGHA JAN ALIZAI,Good quality a.k.a
AFG0116,ABDUL HABIB,Good quality a.k.a
AFG0116,AGHA JAN,Good quality a.k.a
AFG0116,LOI LALA,Good quality a.k.a
AFG0117,SALEH MOHAMMAD,Good quality a.k.a
AFG0118,KHALEEL HAQQANI,Good quality a.k.a
AFG0118,KHALIL AL-RAHMAN HAQQANI,Good quality a.k.a
AFG0118,KHALIL UR RAHMAN HAQQANI,Good quality a.k.a
AFG0119,MULLAH FAIZULLAH,
AFG0119,FIAZULLAH,
AFG0119,FAIZULLAH KHAN,
AFG0119,FAIZULLAH NOORZAI AKHTAR MOHAMMED MIRA KHAN,
AFG0119,FAIZULLAH NOOR,
AFG0119,FAIZULLAH NOORI,
AFG0119,FAIZULLAH KHAN NOORZAI,
AFG0119,PAZULLAH NOORZAI,
AFG0119,FAIZUULAH KHAN NOREZAI,
AFG0120,AMINULLAH,Low quality a.k.a
AFG0120,MALUK,Low quality a.k.a
AFG0120,ALLAH MUHAMMAD,Good quality a.k.a
AFG0120,MALAK NOORZAI,Good quality a.k.a
AFG0120,MALEK NOORZAI,Good quality a.k.a
AFG0120,MALIK NOORZAI,Good quality a.k.a
AFG0121,ABDUL AZIZ MAHSUD,Good quality a.k.a
AFG0122,NOOR AHMED AGHA,Good quality a.k.a
AFG0122,ZIA AGHA,Good quality a.k.a
AFG0122,NOOR AHMAD,Good quality a.k.a
AFG0122,NOOR AHMED,Good quality a.k.a
AFG0122,AGHA SIA SAYEED,Low quality a.k.a
AFG0123,FAISAL RABBI,Good quality a.k.a
AFG0123,FAZL RABBI,Good quality a.k.a
AFG0123,FAZAL RABI,Good quality a.k.a
AFG0124,MOHAMMED AMAN,Good quality a.k.a
AFG0124,MAD AMAN USTAD NOORZAI,Low quality a.k.a
AFG0124,MOHAMMAD AMAN USTAD NOORZAI,Good quality a.k.a
AFG0124,MOHAMMED OMAN,Good quality a.k.a
AFG0124,SANAULLAH,Low quality a.k.a
AFG0125,AHMED JAN KUCHI,Good quality a.k.a
AFG0125,AHMED JAN ZADRAN,Good quality a.k.a
AFG0126,ABDUL SAMAN,Good quality a.k.a
AFG0127,BAKHT GUL BAHAR,Good quality a.k.a
AFG0127,BAKHTA GUL,Good quality a.k.a
AFG0127,SHUQIB,Good quality a.k.a
AFG0128,ABDULASATTAR,Good quality a.k.a
AFG0128,ABDUL SATTAR BARAKZAI,Good quality a.k.a
AFG0128,SATAR BARAKZAI,Good quality a.k.a
AFG0128,ABDUL SATAR,Good quality a.k.a
AFG0129,KARIMULLAH,Good quality a.k.a
AFG0129,KHAIRULLAH,Good quality a.k.a
AFG0129,KHEIRULLAH,Good quality a.k.a
AFG0129,KHAIR MOHAMMAD,Good quality a.k.a
AFG0129,KHAIR ULLAH,Good quality a.k.a
AFG0130,ZAKIR,Good quality a.k.a
AFG0131,MUHAMMAD QASIM,Good quality a.k.a
AFG0131,ABDUL SALAM,Good quality a.k.a
AFG0132,MULLAH AHMAD SHAH,Good quality a.k.a
AFG0132,AHMED SHAH,Good quality a.k.a
AFG0132,AHMED SHAH NOORZAI,Good quality a.k.a
AFG0132,AHMAD SHAH,Good quality a.k.a
AFG0132,MOHAMMED SHAH,Good quality a.k.a
AFG0133,ADAM,Good quality a.k.a
AFG0133,ADAM KHAN,Good quality a.k.a
AFG0134,QARI SAIFULLAH AL TOKHI,Good quality a.k.a
AFG0134,QARI SAHAB,Low quality a.k.a
AFG0134,QARI SAIFULLAH,Good quality a.k.a
AFG0134,SAIFULLAH TOKHI,Good quality a.k.a
AFG0135,QARI SAHAB,Low quality a.k.a
AFG0135,YAYA,Good quality a.k.a
AFG0136,ABID KHAN,Good quality a.k.a
AFG0137,MOHAMMAD-OMAR JADRAN,Good quality a.k.a
AFG0138,KARI RAHMAT,Good quality a.k.a
AFG0138,QARI RAHMAT,Good quality a.k.a
AFG0139,'ABD AL-BASIR,Good quality a.k.a
AFG0139,ABDUL BASEER,Good quality a.k.a
AFG0139,ABDUL BASIR,Good quality a.k.a
AFG0139,BASIR NOORZAI,Good quality a.k.a
AFG0140,TORAK AGHA,Low quality a.k.a
AFG0140,TORIQ AGHA,Low quality a.k.a
AFG0140,SAYED MOHAMMED HASHAN,Good quality a.k.a
AFG0140,TORIQ AGHA SAYED,Low quality a.k.a
AQD0001,ABD AL-RAHMAN BIN UMAYR AL-NU'AYMI,
AQD0001,ABDELRAHMAN IMER AL JABER AL NAIMEH,Good quality a.k.a
AQD0001,ABDULRAHMAN OMAIR AL NEAIMI,Good quality a.k.a
AQD0001,A. RAHMAN OMAIR J ALNAIMI,Good quality a.k.a
AQD0001,A. RAHMAN AL-NAIMI,Good quality a.k.a
AQD0001,ABD AL-RAHMAN BIN 'AMIR AL-NA'IMI,Good quality a.k.a
AQD0001,'ABD AL-RAHMAN AL-NU'AIMI,Good quality a.k.a
AQD0001,'ABD AL-RAHMAN BIN 'AMIR AL-NU'AYMI,Good quality a.k.a
AQD0001,'ABDALLAH MUHAMMAD AL-NU'AYMI,Good quality a.k.a
AQD0001,'ABD AL-RAHMAN AL-NUA'YMI,Good quality a.k.a
AQD0001,'ABD AL-RAHMAN BIN 'AMIR AL-NU'IMI,Good quality a.k.a
AQD0002,ABDALLAH AZZAM BRIGADES (AAB),
AQD0002,AAB,
AQD0002,ABDULLAH AZZAM BRIGADES,
AQD0002,YUSUF AL-'UYAYRI BATTALIONS OF THE ABDALLAH AZZAM BRIGADES,
AQD0002,ZIYAD AL-JARRAH BATTALIONS OF THE ABDALLAH AZZAM BRIGADES,
AQD0003,ABU SAYYAF GROUP,
AQD0003,AL HARAKAT AL ISLAMIYYA,
AQD0004,AFGHAN SUPPORT COMMITTEE (ASC),
AQD0004,AHYA UL TURAS,
AQD0004,JAMIAT AYAT-UR-RHAS AL ISLAMIAC,
AQD0004,JAMIAT IHYA UL TURATH AL ISLAMIA,
AQD0004,LAJNAT UL MASA EIDATUL AFGHANIA,
AQD0005,AL FURQAN,
AQD0005,ASSOCIATION FOR CITIZENS RIGHTS AND RESISTANCE TO LIES,
AQD0005,ASSOCIATION FOR EDUCATION CULTURAL AND TO CREATE SOCIETY -SIRAT,
AQD0005,ASSOCIATION FOR EDUCATION CULTURE AND BUILDING SOCIETY-SIRAT,
AQD0005,ASSOCIATION OF CITIZENS FOR THE SUPPORT OF TRUTH AND SUPRESSION OF LIES,
AQD0005,CITIZENS' ASSOCIATION FOR SUPPORT AND PREVENTION OF LIES - FURQAN,
AQD0005,DZEMIJETUL FURKAN,
AQD0005,DZEM'IJJETUL FURQAN,
AQD0005,DZEMILIJATI FURKAN,
AQD0005,IN SIRATEL,
AQD0005,ISTIKAMET,
AQD0005,SIRAT,
AQD0006,AL MOUAKAOUNE BIDDAM,
AQD0006,CEUX QUI SIGNENT AVEC LE SANG,
AQD0006,LES SIGNATAIRES PAR LE SANG,
AQD0006,THOSE WHO SIGN IN BLOOD,
AQD0007,AL MOULATHAMOUN,
AQD0007,LES ENTURBANNES,
AQD0007,THE VEILED,
AQD0008,AL MOURABITOUN,
AQD0008,LES SENTINELLES,
AQD0008,THE SENTINELS,
AQD0009,AL RASHID TRUST,
AQD0009,"AID ORGANIZATION OF THE ULEMA, PAKISTAN",
AQD0009,AL AMEEN TRUST,
AQD0009,AL AMIN TRUST,
AQD0009,AL AMIN WELFARE TRUST,
AQD0009,AL MADINA TRUST,
AQD0009,AL RASHEED TRUST,
AQD0009,AL-AMEEN TRUST,
AQD0009,AL-MADINA TRUST,
AQD0009,AL-RASHEED TRUST,
AQD0009,AL-RASHID TRUST,
AQD0010,AL-AKHTAR TRUST INTERNATIONAL,
AQD0010,AKHTARABAD MEDICAL CAMP,
AQD0010,AL AKHTAR TRUST,
AQD0010,AL-AKHTAR MEDICAL CENTRE,
AQD0010,AZMAT PAKISTAN TRUST,
AQD0010,AZMAT-E-PAKISTAN TRUST,
AQD0010,PAKISTAN RELIEF FOUNDATION,
AQD0010,PAKISTANI RELIEF FOUNDATION,
AQD0011,AL-HARAMAIN & AL MASJED AL-AQSA CHARITY FOUNDATION,
AQD0011,AL HARAMAIN AL MASJED AL AQSA,
AQD0011,AL HARAMAYN AL MASJID AL AQSA,
AQD0011,AL HARAMMEIN AL MASJED AL-AQSA CHARITY FOUNDATION,
AQD0011,AL-HARAMAYN AND AL MASJID AL AQSA CHARITABLE FOUNDATION,
AQD0013,AL-HARAMAIN FOUNDATION (PAKISTAN),
AQD0014,AL-HARAMAIN FOUNDATION (UNION OF THE COMOROS),
AQD0017,AL-HARAMAIN (AFGHANISTAN BRANCH),
AQD0018,AL-HARAMAIN (ALBANIA BRANCH),
AQD0019,AL-HARAMAIN (BANGLADESH),
AQD0020,AL-HARAMAIN (ETHIOPIA BRANCH),
AQD0021,AL-HARAMAIN (THE NETHERLANDS BRANCH),
AQD0021,STICHTING AL HARAMAIN HUMANITARIAN AID,
AQD0022,AL-HARAMAYN FOUNDATION (KENYA),
AQD0023,AL-HARAMAYN FOUNDATION (TANZANIA),
AQD0024,AL-ITIHAAD AL-ISLAMIYA (AIAI),
AQD0025,AL-KAWTHAR MONEY EXCHANGE,
AQD0025,AL KAWTHAR CO.,
AQD0025,AL KAWTHAR COMPANY,
AQD0025,AL-KAWTHAR HAWALA,
AQD0027,AL-QAIDA,
AQD0027,AL QAEDA,
AQD0027,AL QA'IDA,
AQD0027,ISLAMIC ARMY,
AQD0027,ISLAMIC SALVATION FOUNDATION,
AQD0027,THE BASE,
AQD0027,THE GROUP FOR THE PRESERVATION OF THE HOLY SITES,
AQD0027,THE ISLAMIC ARMY FOR THE LIBERATION OF HOLY PLACES,
AQD0027,THE WORLD ISLAMIC FRONT FOR JIHAD AGAINST JEWS AND CRUSADERS,
AQD0027,USAMA BIN LADEN NETWORK,
AQD0027,USAMA BIN LADEN ORGANIZATION,
AQD0028,AL-QAIDA IN IRAQ,
AQD0028,AL-QAIDA OF JIHAD IN THE LAND OF THE TWO RIVERS,
AQD0028,AL-TAWHID,
AQD0028,AL-ZARQAWI NETWORK,
AQD0028,AQI,
AQD0028,ISI,
AQD0028,ISLAMIC STATE IN IRAQ AND THE LEVANT,
AQD0028,ISLAMIC STATE OF IRAQ,
AQD0028,JAMA'AT AL-TAWHID WA'AL-JIHAD,
AQD0028,JTJ,
AQD0028,QAIDA OF THE JIHAD IN THE LAND OF THE TWO RIVERS,
AQD0028,TANZEEM QA IDAT AL JIHAD/BILAD AL RAAFIDAINI,
AQD0028,TANZIM QA'IDAT AL-JIHAD FI BILAD AL-RAFIDAYN,
AQD0028,THE MONOTHEISM AND JIHAD GROUP,
AQD0028,THE ORGANIZATION BASE OF JIHAD/COUNTRY OF THE TWO RIVERS,
AQD0028,THE ORGANIZATION BASE OF JIHAD/MESOPOTAMIA,
AQD0029,AL-QAIDA IN THE ARABIAN PENINSULA,
AQD0029,AL-QAIDA IN THE SOUTH ARABIAN PENINSULA,
AQD0029,AL-QAIDA IN YEMEN (AQY),
AQD0029,AL-QAIDA OF JIHAD ORGANIZATION IN THE ARABIAN PENINSULA,
AQD0029,AL-QAIDA ORGANIZATION IN THE ARABIAN PENINSULA AQAP,
AQD0029,ANSAR AL-SHARI'A AAS,
AQD0029,AQAP,
AQD0029,TANZIM QA'IDAT AL-JIHAD FI JAZIRAT AL-ARAB,
AQD0030,ANSAR AL CHARIA BENGHAZI,
AQD0030,ANSAR AL CHARIA,
AQD0030,ANSAR AL CHARIA IN LIBYA ASL,
AQD0030,ANSAR AL SHARIA,
AQD0030,ANSAR AL-CHARIA,
AQD0030,ANSAR AL-CHARIA BENGHAZI,
AQD0030,ANSAR AL-SHARIA,
AQD0030,ANSAR AL-SHARIA BENGHAZI,
AQD0030,KATIBAT ANSAR AL CHARIA,
AQD0031,ANSAR AL CHARIA DERNA,
AQD0031,ANSAR AL CHARIA,
AQD0031,ANSAR AL SHARIA,
AQD0031,ANSAR AL-CHARIA DERNA,
AQD0031,ANSAR AL-SHARIA DERNA,
AQD0032,ANSAR AL-ISLAM,
AQD0032,ANSAR AL-SUNNA,
AQD0032,ANSAR AL-SUNNA ARMY,
AQD0032,DEVOTEES OF ISLAM,
AQD0032,FOLLOWERS OF ISLAM IN KURDISTAN,
AQD0032,JAISH ANSAR AL-SUNNA,
AQD0032,JUND AL-ISLAM,
AQD0032,KURDISH TALIBAN,
AQD0032,KURDISTAN SUPPORTERS OF ISLAM,
AQD0032,SOLDIERS OF GOD,
AQD0032,SOLDIERS OF ISLAM,
AQD0032,SUPPORTERS OF ISLAM IN KURDISTAN,
AQD0033,ANSAR AL-SHARI'A IN TUNISIA,
AQD0033,AAS-T,
AQD0033,AL-QAYRAWAN MEDIA FOUNDATION,
AQD0033,ANSAR AL-SHARIA,
AQD0033,ANSAR AL-SHARIA IN TUNISIA,
AQD0033,ANSAR AL-SHARI'AH IN TUNISIA,
AQD0033,SUPPORTERS OF ISLAMIC LAW,
AQD0034,ANSAR EDDINE,
AQD0035,ANSARUL MUSLIMINA FI BILADIS SUDAN,
AQD0035,ANSARU,
AQD0035,JAMA'ATU ANSARIL MUSLIMINA FI BILADIS SUDAN (JAMBS),
AQD0035,JAMA'ATU ANSARUL MUSLIMINA FI BILADIS-SUDAN (JAMBS),
AQD0035,JAMMA'ATU ANSARUL MUSLIMINA FI BILADIS-SUDAN(JAMBS),
AQD0035,VANGUARD FOR THE PROTECTION OF MUSLIMS IN BLACK AFRICA,
AQD0035,VANGUARDS FOR THE PROTECTION OF MUSLIMS IN BLACK AFRICA,
AQD0036,ARMED ISLAMIC GROUP,
AQD0036,AL JAMM'AH AL-ISLAMIAH AL- MUSALLAH,
AQD0036,GIA,
AQD0036,GROUPE ISLAMIQUE ARME,
AQD0037,ASBAT AL-ANSAR,
AQD0038,BENEVOLENCE INTERNATIONAL FOUNDATION,
AQD0038,AL BIR AL DAWALIA,
AQD0038,BIF,
AQD0038,BIF-USA,
AQD0038,MEZHDUNARODNYJ BLAGOTVORITEL'NYL FOND,
AQD0040,EASTERN TURKISTAN ISLAMIC MOVEMENT,
AQD0040,DJAMAAT TURKISTAN,
AQD0040,ETIM,
AQD0040,ISLAMIC PARTY OF TURKESTAN,
AQD0040,THE EASTERN TURKISTAN ISLAMIC PARTY,
AQD0040,THE EASTERN TURKISTAN ISLAMIC PARTY OF ALLAH,
AQD0041,EGYPTIAN ISLAMIC JIHAD,
AQD0041,AL-JIHAD,
AQD0041,EGYPTIAN AL-JIHAD,
AQD0041,EGYPTIAN ISLAMIC MOVEMENT,
AQD0041,JIHAD GROUP,
AQD0041,NEW JIHAD,
AQD0042,EMARAT KAVKAZ,
AQD0043,GLOBAL RELIEF FOUNDATION,
AQD0044,"HANIFA MONEY EXCHANGE OFFICE (BRANCH LOCATED IN ALBU KAMAL, SYRIAN ARAB REPUBLIC)",
AQD0044,HANIFA EXCHANGE,
AQD0044,HANIFA MONEY EXCHANGE OFFICE,
AQD0044,HANIFAH CURRENCY EXCHANGE,
AQD0044,HANIFAH EXCHANGE COMPANY,
AQD0044,HANIFEH EXCHANGE,
AQD0044,HUNAIFA OFFICE,
AQD0045,HARAKAT SHAM AL-ISLAM,
AQD0045,HARAKET SHAM AL-ISLAM,
AQD0045,SHAM AL-ISLAM,
AQD0045,SHAM AL-ISLAM MOVEMENT,
AQD0046,HARAKAT UL-MUJAHIDIN (HUM),
AQD0046,AL-FARAN,
AQD0046,AL-HADID,
AQD0046,AL-HADITH,
AQD0046,HARAKAT UL- MUJAHIDEEN,
AQD0046,HARAKAT UL-ANSAR,
AQD0046,HUA,
AQD0047,HARAKAT-UL JIHAD ISLAMI,
AQD0047,HARAKAT UL JIHAD-E-ISLAMI,
AQD0047,HARAKAT-UL-ANSAR,
AQD0047,HARKAT-AL-JIHAD-UL ISLAMI,
AQD0047,HARKAT-UL-JEHAD-AL-ISLAMI,
AQD0047,HARKAT-UL-JIHAD-AL ISLAMI,
AQD0047,HUA,
AQD0047,HUJI,
AQD0047,MOVEMENT OF ISLAMIC HOLY WAR,
AQD0048,HILAL AHMAR SOCIETY INDONESIA (HASI),
AQD0048,INDONESIA HILAL AHMAR SOCIETY FOR SYRIA,
AQD0048,YAYASAN HILAL AHMAR,
AQD0049,ISLAMIC ARMY OF ADEN,
AQD0050,ISLAMIC INTERNATIONAL BRIGADE,
AQD0050,IIB,
AQD0050,INTERNATIONAL BATTALION,
AQD0050,ISLAMIC PEACEKEEPING BATTALION,
AQD0050,ISLAMIC PEACEKEEPING INTERNATIONAL BRIGADE,
AQD0050,THE INTERNATIONAL BRIGADE,
AQD0050,THE ISLAMIC PEACEKEEPING ARMY,
AQD0050,THE ISLAMIC PEACEKEEPING BRIGADE,
AQD0051,ISLAMIC JIHAD GROUP,
AQD0051,AL-DJIHAD AL-ISLAMI,
AQD0051,DZHAMAAT MODZHAKHEDOV,
AQD0051,ISLAMIC JIHAD GROUP OF UZBEKISTAN,
AQD0051,ISLAMIC JIHAD UNION,
AQD0051,JAMA'AT AL-JIHAD,
AQD0051,JAMAAT MOJAHEDIN,
AQD0051,JAMIAT AL-JIHAD AL-ISLAMI,
AQD0051,JAMIYAT,
AQD0051,KAZAKH JAMA'AT,
AQD0051,LIBYAN SOCIETY,
AQD0051,ZAMAAT MODZHAKHEDOV TSENTRALNOY ASII,
AQD0052,ISLAMIC MOVEMENT OF UZBEKISTAN,
AQD0052,IMU,
AQD0053,JAISH-I-MOHAMMED,
AQD0053,ARMY OF MOHAMMED,
AQD0054,JAMA'A NUSRAT UL-ISLAM WA AL-MUSLIMIN,
AQD0054,JNIM,
AQD0055,JAMA'ATU AHLIS SUNNA LIDDA'AWATI WAL-JIHAD,
AQD0055,BOKO HARAM,
AQD0055,JAMA'ATU AHLUS-SUNNA LIDDA'AWATI WAL JIHAD,
AQD0055,JAMA'ATU AHLUS-SUNNAH LIDDA'AWATI WAL JIHAD,
AQD0055,WESTERN EDUCATION IS A SIN,
AQD0056,JAMAAT-UL-AHRAR,
AQD0056,AHRAR-UL-HIND,
AQD0056,JAMAAT-E-AHRAR,
AQD0056,JUA,
AQD0056,TEHRIK-E TALIBAN PAKISTAN JAMAAT UL AHRAR,
AQD0057,JAM'YAH TA'AWUN AL-ISLAMIA,
AQD0057,JAM'IYAT AL TA'AWUN AL ISLAMIYYA,
AQD0057,JIT,
AQD0057,SOCIETY OF ISLAMIC COOPERATION,
AQD0058,JAYSH KHALID IBN AL WALEED,
AQD0058,HARAKAT AL-MUTHANNA AL-ISLAMIA,
AQD0058,KHALID IBN AL-WALID ARMY,
AQD0058,LIWA SHUHADA AL-YARMOUK,
AQD0059,JEMAAH ISLAMIYAH,
AQD0059,JAMAAH ISLAMIYAH,
AQD0059,JAMA'AH ISLAMIYAH,
AQD0059,JEMAAH ISLAMIAH,
AQD0059,JEMAAH ISLAMIYA,
AQD0059,JEMA'AH ISLAMIYAH,
AQD0060,JEMMAH ANSHORUT TAUHID,
AQD0060,JAMAAH ANSHARUT TAUHID,
AQD0060,JAMA'AH ANSHARUT TAUHID,
AQD0060,JAT,
AQD0060,JEMAAH ANSHORUT TAUHID,
AQD0060,JEMMAH ANSHARUT TAUHID,
AQD0060,JEM'MAH ANSHARUT TAUHID,
AQD0060,LASKAR 99,
AQD0061,JUND AL AQSA,
AQD0061,SARAYAT AL QUDS,
AQD0061,SOLDIERS OF AQSA,
AQD0061,THE SOLDIERS OF AQSA,
AQD0062,JUND AL-KHILAFAH IN ALGERIA,
AQD0062,JAK-A,
AQD0062,JUND AL KHALIFA,
AQD0062,JUND AL-KHALIFA FI ARD AL-JAZAYER,
AQD0062,JUND AL-KHILAFAH FI ARD AL-JAZA'IR,
AQD0062,SOLDIERS OF THE CALIPHATE IN ALGERIA,
AQD0062,SOLDIERS OF THE CALIPHATE IN THE LAND OF ALGERIA,
AQD0062,SOLDIERS OF THE CALIPHATE OF ALGERIA,
AQD0063,KHATIBA IMAM AL-BUKHARI (KIB),
AQD0063,KHATAIB AL-IMAM AL-BUKHARI,
AQD0064,LASHKAR I JHANGVI,
AQD0064,LJ,
AQD0065,LASHKAR-E-TAYYIBA,
AQD0065,AL MANSOOREEN,
AQD0065,AL MANSOORIAN,
AQD0065,ARMY OF THE PURE,
AQD0065,ARMY OF THE PURE AND RIGHTEOUS,
AQD0065,ARMY OF THE RIGHTEOUS,
AQD0065,FALAH-I-INSANIAT FOUNDATION (FIF),
AQD0065,JAMA'AT AL-DAWA,
AQD0065,JAMAAT UD-DAAWA,
AQD0065,JAMAAT UL-DAWAH,
AQD0065,JAMA'AT-I-DAWAT,
AQD0065,JAMAATI-UD-DAWA,
AQD0065,JAMA'AT-UD-DA'AWAH,
AQD0065,JAMAAT-UD-DAWA,
AQD0065,JAMAAT-UL-DAWA,
AQD0065,JAMAIAT-UD-DAWA,
AQD0065,JUD,
AQD0065,LASHKAR E TAYYABA,
AQD0065,LASHKAR-E-TOIBA,
AQD0065,LASHKAR-I-TAIBA,
AQD0065,LET,
AQD0065,PAASBAN-E-AHLE-HADIS,
AQD0065,PAASBAN-E-KASHMIR,
AQD0065,PAASBAN-I-AHLE-HADITH,
AQD0065,PASBAN-E-AHLE-HADITH,
AQD0065,PASBAN-E-KASHMIR,
AQD0065,PASHAN-E-AHLE HADIS,
AQD0066,LIBYAN ISLAMIC FIGHTING GROUP,
AQD0066,LIFG,
AQD0067,MAKHTAB AL-KHIDAMAT,
AQD0067,AFGHAN SERVICE BUREAU,
AQD0067,AL KIFAH,
AQD0067,MAK,
AQD0068,MOROCCAN ISLAMIC COMBATANT GROUP,
AQD0068,GICM,
AQD0068,GROUPE ISLAMIQUE COMBATTANT MAROCAIN,
AQD0069,MOUVEMENT POUR L'UNIFICATION ET LE JIHAD EN AFRIQUE DE L'OUEST (MUJAO),
AQD0070,MUHAMMAD JAMAL NETWORK,
AQD0070,ABU AHMED GROUP,
AQD0070,AL-QAIDA IN EGYPT AQE,
AQD0070,JAMAL NETWORK,
AQD0070,MJN,
AQD0070,MUHAMMAD JAMAL GROUP,
AQD0071,MUJAHIDIN INDONESIAN TIMUR,
AQD0071,EAST INDONESIA MUJAHIDEEN,
AQD0071,MIT,
AQD0071,MUJAHIDIN INDONESIA BARAT MIB,
AQD0071,MUJAHIDIN INDONESIA TIMOR,
AQD0071,MUJAHIDIN OF EASTERN INDONESIA,
AQD0071,MUJAHIDIN OF WESTERN INDONESIA,
AQD0072,RABITA TRUST,
AQD0073,RAJAH SOLAIMAN MOVEMENT,
AQD0073,RAJAH SOLAIMAN ISLAMIC MOVEMENT,
AQD0073,RAJAH SOLAIMAN REVOLUTIONARY MOVEMENT,
AQD0074,REVIVAL OF ISLAMIC HERITAGE SOCIETY,
AQD0074,AL-FURQAN FOUNDATION WELFARE TRUST,
AQD0074,AL-FURQAN WELFARE FOUNDATION,
AQD0074,JAMIA IHYA UL TURATH,
AQD0074,JAMIAT IHIA AL-TURATH AL-ISLAMIYA,
AQD0074,REVIVAL OF ISLAMIC SOCIETY HERITAGE ON THE AFRICAN CONTINENT,
AQD0074,RIHS,
AQD0075,RIYADUS-SALIKHIN RECONNAISSANCE AND SABOTAGE BATTALION OF CHECHEN MARTYRS,
AQD0075,FIRQAT AL-TAKHRIB WA AL-ISTITLA AL-ASKARIYAH LI SHUHADA RIYADH AL-SALIHIN,
AQD0075,RIYADH-AS-SALIHEEN,
AQD0075,RIYADUS-SALIKHIN RECONNAISSANCE AND SABOTAGE BATTALION,
AQD0075,RIYADUS-SALIKHIN RECONNAISSANCE AND SABOTAGE BATTALION OF SHAHIDS MARTYRS,
AQD0075,RSRSBCM,
AQD0075,THE SABOTAGE AND MILITARY SURVEILLANCE GROUP OF THE RIYADH AL-SALIHIN MARTYRS,
AQD0076,SELESELAT AL-THAHAB,
AQD0076,AL SILSILAH AL DHAHABA,
AQD0076,SELSELAT AL THAHAB FOR MONEY EXCHANGE,
AQD0076,SILSALAT AL DHAB,
AQD0076,SILSILAH MONEY EXCHANGE COMPANY,
AQD0076,SILSILAT MONEY EXCHANGE COMPANY,
AQD0076,SILSILET AL THAHAB,
AQD0077,SPECIAL PURPOSE ISLAMIC REGIMENT,
AQD0077,ISLAMIC REGIMENT OF SPECIAL MEANING,
AQD0077,SPIR,
AQD0077,THE AL-JIHAD-FISI-SABILILAH SPECIAL ISLAMIC REGIMENT,
AQD0077,THE ISLAMIC SPECIAL PURPOSE REGIMENT,
AQD0078,TAIBAH INTERNATIONAL-BOSNIA OFFICES,
AQD0078,"AL TAIBAH, INTL.",
AQD0078,TAIBAH INTERNATIONAL AID AGENCY,
AQD0078,TAIBAH INTERNATIONAL AID ASSOCIATION,
AQD0078,TAIBAH INTERNATIONAL AIDE ASSOCIATION,
AQD0079,TEHRIK-E TALIBAN PAKISTAN,
AQD0079,PAKISTANI TALIBAN,
AQD0079,TEHREEK-E-TALIBAN,
AQD0079,TEHRIK-E-TALIBAN,
AQD0079,TEHRIK-I-TALIBAN PAKISTAN,
AQD0079,TTP,
AQD0080,THE ARMY OF EMIGRANTS AND SUPPORTERS,
AQD0080,ARMY OF EMIGRANTS AND SUPPORTERS ORGANIZATION,
AQD0080,BATTALION OF EMIGRANTS AND ANSAR,
AQD0080,BATTALION OF EMIGRANTS AND SUPPORTERS,
AQD0080,JAYSH AL-MUHAJIRIN WAL-ANSAR JAMWA,
AQD0081,THE ORGANIZATION OF AL-QAIDA IN THE ISLAMIC MAGHREB,
AQD0081,AL QAIDA AU MAGHREB ISLAMIQUE AQMI,
AQD0081,AQIM,
AQD0081,LE GROUPE SALAFISTE POUR LA PREDICATION ET LE COMBAT GSPC,
AQD0081,SALAFIST GROUP FOR CALL AND COMBAT,
AQD0082,TUNISIAN COMBATANT GROUP,
AQD0082,GICT,
AQD0082,GROUPE COMBATTANT TUNISIEN,
AQD0082,GROUPE ISLAMISTE COMBATTANT TUNISIEN,
AQD0083,UMMAH TAMEER E-NAU (UTN),
AQD0084,WAFA HUMANITARIAN ORGANIZATION,
AQD0084,AL WAFA,
AQD0084,AL WAFA ORGANIZATION,
AQD0084,WAFA AL-IGATHA AL-ISLAMIA,
AQD0085,ABD AL-RAHMAN KHALAF UBAYD JUDAY' AL-'ANIZI,
AQD0085,SHAIMA' KUWAITI ABU,Low quality a.k.a
AQD0085,USAMAH AL-KUWAITI ABU,Low quality a.k.a
AQD0085,USAMAH AL-RAHMAN ABU,Low quality a.k.a
AQD0085,'ABD AL-RAHMAN KHALAF AL-ANIZI,Good quality a.k.a
AQD0085,'ABD AL-RAHMAN KHALAF AL-'ANZI,Good quality a.k.a
AQD0085,YUSUF,Low quality a.k.a
AQD0086,'ABD AL-RAHMAN MUHAMMAD MUSTAFA AL-QADULI,
AQD0086,AL-RAHMAN MUHAMMAD MUSTAFA SHAYKHLARI 'ABD,Good quality a.k.a
AQD0086,RAHMAN MUHAMMAD AL-BAYATI ABDUL,Good quality a.k.a
AQD0086,ALA ABU,Low quality a.k.a
AQD0086,HASAN ABU,Low quality a.k.a
AQD0086,IMAN ABU,Low quality a.k.a
AQD0086,MUHAMMAD ABU,Low quality a.k.a
AQD0086,ZAYNA ABU,Low quality a.k.a
AQD0086,ABU-SHUAYB,Low quality a.k.a
AQD0086,RA'AD AHMAD ALIAZRA,Good quality a.k.a
AQD0086,IMAN HAJJI,Low quality a.k.a
AQD0086,MUHAMMAD KHALIL MUSTAFA AL-BAYATI TAHIR,Good quality a.k.a
AQD0086,MUHAMMAD KHALIL MUSTAFA UMAR,Good quality a.k.a
AQD0087,AAMIR ALI CHAUDHRY,
AQD0087,AAMIR ALI CHAUDARY,Good quality a.k.a
AQD0087,AMIR ALI CHAUDRY,Good quality a.k.a
AQD0087,AAMIR ALI CHOUDRY,Good quality a.k.a
AQD0087,HUZAIFA,Low quality a.k.a
AQD0089,ABD AL-BASET AZZOUZ,
AQD0089,AA,Low quality a.k.a
AQD0089,ABDELBASSED AZOUZ,Good quality a.k.a
AQD0089,ABDUL BASET AZOUZ,Good quality a.k.a
AQD0090,ABD ALLAH MOHAMED RAGAB ABDEL RAHMAN,
AQD0090,AL-KHAYR ABU,Good quality a.k.a
AQD0090,JIHAD ABU,Good quality a.k.a
AQD0090,HASAN AHMAD,Good quality a.k.a
AQD0091,ABD AL-LATIF BIN ABDALLAH SALIH MUHAMMAD AL-KAWARI,
AQD0091,ABD-AL-LATIF ABDALLAH AL-KAWARI,Good quality a.k.a
AQD0091,ABD-AL-LATIF ABDALLAH SALIH AL-KAWARI,Good quality a.k.a
AQD0091,ABU ALI AL-KAWARI,Good quality a.k.a
AQD0091,ABD-AL-LATIF ABDALLAH AL-KAWWARI,Good quality a.k.a
AQD0091,ABD-AL-LATIF ABDALLAH SALIH AL-KUWARI,Good quality a.k.a
AQD0093,ABD AL-RAHMAN OULD MUHAMMAD AL-HUSAYN OULD MUHAMMAD SALIM,
AQD0093,SHEIKH YUNIS AL-MAURITANI,Good quality a.k.a
AQD0093,YOUNIS AL-MAURITANI,Good quality a.k.a
AQD0093,YUNIS AL-MAURITANI,Good quality a.k.a
AQD0093,CHINGHEITY,Low quality a.k.a
AQD0093,EL HADJ OULD ABDEL GHADER,Low quality a.k.a
AQD0093,YOUSSEF OULD ABDEL JELIL,Low quality a.k.a
AQD0093,ABDEL KHADER,Low quality a.k.a
AQD0093,ABDARRAHMANE OULD MOHAMED EL HOUCEIN OULD MOHAMED SALEM,Good quality a.k.a
AQD0093,MOHAMED SALEM,Low quality a.k.a
AQD0093,ABOU SOULEIMANE,Low quality a.k.a
AQD0093,SHAYKH YUNIS THE MAURITANIAN,Good quality a.k.a
AQD0093,SALIH THE MAURITANIAN,Low quality a.k.a
AQD0094,ABD EL KADER MAHMOUD MOHAMED EL SAYED,
AQD0094,ABDEL KHADER MAHMOUD MOHAMED EL SAYED,Good quality a.k.a
AQD0094,KADER ES SAYED,Good quality a.k.a
AQD0095,ABD-AL-HAMID AL-MASLI,
AQD0095,HAMZA AL-DARNAVI,Low quality a.k.a
AQD0095,ABU-HAMZAH AL-DARNAWI,Low quality a.k.a
AQD0095,HAMZA AL-DARNAWI,Low quality a.k.a
AQD0095,HAMZAH AL-DARNAWI,Low quality a.k.a
AQD0095,ABD-AL-HAMID MUHAMMAD ABD-AL-HAMID AL-MASLI,Good quality a.k.a
AQD0095,HAMZA DARNAVI,Low quality a.k.a
AQD0095,ABDULLAH DARNAWI,Low quality a.k.a
AQD0095,HAMZA DARNAWI,Low quality a.k.a
AQD0095,HAMZAH DARNAWI,Low quality a.k.a
AQD0095,HAMZAH DIRNAWI,Low quality a.k.a
AQD0095,HAMID MASLI,Good quality a.k.a
AQD0095,ABD-AL-HAMID MUSALLI,Good quality a.k.a
AQD0096,ABD-AL-MAJID AZIZ AL-ZINDANI,
AQD0096,SHEIKH ABD AL-MEGUID AL-ZANDANI,Good quality a.k.a
AQD0096,ABDELMAJID AL-ZINDANI,Good quality a.k.a
AQD0096,SHAYKH 'ABD AL-MAJID AL-ZINDANI,Good quality a.k.a
AQD0097,ABDELHALIM HAFED ABDELFATTAH REMADNA,
AQD0097,JALLOUL,Good quality a.k.a
AQD0097,ABDELHALIM REMADNA,Good quality a.k.a
AQD0098,ABDELKADER LAAGOUB,
AQD0098,RACHID,Low quality a.k.a
AQD0099,ABDELMALEK DROUKDEL,
AQD0099,ABOU MOSSAAB ABDELOUADOUD,Good quality a.k.a
AQD0100,ABDELRAHMAN MOUHAMAD ZAFIR AL DABIDI AL JAHANI,
AQD0100,ABDULRHMAN MOHAMMED D. ALJAHANI,Good quality a.k.a
AQD0100,ABD AL-RAHMAN MUHAMMAD ZAFIR AL-DABISI AL-JAHANI,Good quality a.k.a
AQD0100,ABD AL-RAHMAN MUHAMMAD ZAFIR AL-DUBAYSI AL-JAHANI,Good quality a.k.a
AQD0100,ABD AL-RAHMAN MUHAMMAD THAFIR AL-JAHNI,Good quality a.k.a
AQD0100,ABD AL-RAHMAN MUHAMMAD ZAFIR AL-DUBAYSI AL-JAHNI,Good quality a.k.a
AQD0100,ABD AL-RAHMAN MUHAMMAD AL-JUHANI,Good quality a.k.a
AQD0100,ABD AL-RAHMAN MUHAMMAD ZAFIR AL-DUBAYSI AL-JUHANI,Good quality a.k.a
AQD0100,ABD AL-RAHMAN MUHAMMAD ZAFIR AL-DUBAYSI AL-JUHNI,Good quality a.k.a
AQD0100,ABOU WAFA AL-SAOUDI,Low quality a.k.a
AQD0100,ABU WAFA AL-SAUDI,Good quality a.k.a
AQD0100,ABU AL-WAFA,Good quality a.k.a
AQD0100,ABU AL-WAFA',Good quality a.k.a
AQD0100,ABU ANAS,Good quality a.k.a
AQD0100,ABDELRAHMAN MOUHAMAD ZAFIR AL DABISSI JUHAN,Good quality a.k.a
AQD0100,ABDELRAHMAN MOUHAMAD ZAFIR AL DABISSI JUHANI,Good quality a.k.a
AQD0101,ABDERRAHMANE OULD EL AMAR,
AQD0101,AHMED EL TILEMSI,Good quality a.k.a
AQD0101,AHMAD OULD AMAR,Good quality a.k.a
AQD0101,ABDERRAHMANE OULD EL AMAR OULD SIDAHMED LOUKBEITI,Good quality a.k.a
AQD0102,ABDUL HAKIM MURAD,
AQD0102,SAEED AKMAN,Good quality a.k.a
AQD0102,ABDUL HAKIM AL HASHIM MURAD,Good quality a.k.a
AQD0102,ABDUL HAKIM ALI AL-HASHEM MURAD,Good quality a.k.a
AQD0102,ABDUL HAKIM ALI HASHIM MURAD,Good quality a.k.a
AQD0102,ABDUL HAKIM HASIM MURAD,Good quality a.k.a
AQD0103,ABDUL HAQ,
AQD0103,'ABD AL-HAQ,Good quality a.k.a
AQD0103,MEMETIMING AXIMU,Good quality a.k.a
AQD0103,ABUDU HAKE,Good quality a.k.a
AQD0103,ABDUL HEQ,Good quality a.k.a
AQD0103,MAIMAITI IMAN,Low quality a.k.a
AQD0103,ABDUL HEQ JUNDULLAH,Good quality a.k.a
AQD0103,MUHAMMAD AHMED KHALIQ,Good quality a.k.a
AQD0103,MAIMAITIMING MAIMAITI,Good quality a.k.a
AQD0103,MAIUMAITIMIN MAIMAITI,Good quality a.k.a
AQD0103,MEMETIMING MEMETI,Good quality a.k.a
AQD0103,MUHELISI,Low quality a.k.a
AQD0103,MEMETIMING QEKEMAN,Good quality a.k.a
AQD0103,QERMAN,Low quality a.k.a
AQD0103,SAIFUDING,Low quality a.k.a
AQD0103,ABDUL SAIMAITI,Good quality a.k.a
AQD0104,ABDUL MANAN AGHA,
AQD0104,SAIYID ABD AL-MAN,Low quality a.k.a
AQD0104,ABDUL MANAN,Good quality a.k.a
AQD0104,ABDUL MAN'AM SAIYID,Low quality a.k.a
AQD0105,ABDUL MOHSEN ABDALLAH IBRAHIM AL CHAREKH,
AQD0105,SANAFI AL NASR,Good quality a.k.a
AQD0105,ABDUL MOHSEN ABDULLAH IBRAHIM AL-SHARIKH,Good quality a.k.a
AQD0106,ABDUL RAHIM BA'AYSIR,
AQD0106,ABD AL-RAHIM BA'ASYIR,Good quality a.k.a
AQD0106,ABDUL RACHIM BA'ASYIR,Good quality a.k.a
AQD0106,ABDUL ROCHIM BA'ASYIR,Good quality a.k.a
AQD0106,ABDUROCHIM BA'ASYIR,Good quality a.k.a
AQD0106,ABDURRAHIM BA'ASYIR,Good quality a.k.a
AQD0106,ABDURRAHMAN BA'ASYIR,Good quality a.k.a
AQD0106,ABDURROCHIM BA'ASYIR,Good quality a.k.a
AQD0106,ABD AL-RAHIM BASHIR,Good quality a.k.a
AQD0106,ABDUL RACHIM BASHIR,Good quality a.k.a
AQD0106,ABDUL RAHIM BASHIR,Good quality a.k.a
AQD0106,ABDUL ROCHIM BASHIR,Good quality a.k.a
AQD0106,ABDUROCHIM BASHIR,Good quality a.k.a
AQD0106,ABDURRAHIM BASHIR,Good quality a.k.a
AQD0106,ABDURRAHMAN BASHIR,Good quality a.k.a
AQD0106,ABDURROCHIM BASHIR,Good quality a.k.a
AQD0107,ABDUL RAHMAN YASIN,
AQD0107,ABDUL RAHMAN S. TAHA,Good quality a.k.a
AQD0107,ABDUL RAHMAN S TAHER,Good quality a.k.a
AQD0107,ABDUL RAHMAN SAID YASIN,Good quality a.k.a
AQD0107,ABOUD YASIN,Good quality a.k.a
AQD0108,ABDUL ROSYID RIDHO BA'ASYIR,
AQD0108,RASHID RIDA BA'AYSIR,Good quality a.k.a
AQD0108,ABDUL ROSYID RIDHO BASHIR,Good quality a.k.a
AQD0108,RASHID RIDA BASHIR,Good quality a.k.a
AQD0109,ABDULLAH AHMED ABDULLAH EL ALFI,
AQD0109,ABU MARIAM,Low quality a.k.a
AQD0109,ABU MOHAMED AL-MASRI,Low quality a.k.a
AQD0109,SALEH,Low quality a.k.a
AQD0110,ABDULLAH ANSHORI,
AQD0110,ABU FATHI,Good quality a.k.a
AQD0110,ABU FATIH,Good quality a.k.a
AQD0110,IBNU THOYIB,Good quality a.k.a
AQD0110,IBNU TOYIB,Good quality a.k.a
AQD0111,ABDULPATTA ESCALON ABUBAKAR,
AQD0111,ABDUL PATTA ABU BAKAR,Good quality a.k.a
AQD0111,ABDUL PATTA ESCALON ABUBAKAR,Good quality a.k.a
AQD0111,ABDULPATTA ABUBAKAR ESCALON,Good quality a.k.a
AQD0112,ABDUR REHMAN,
AQD0112,ABD UR-REHMAN,Good quality a.k.a
AQD0112,ABDUR RAHMAN,Good quality a.k.a
AQD0112,ABDUL REHAMN AL-SINDHI,Good quality a.k.a
AQD0112,ABDUR RAHMAN AL-SINDHI,Good quality a.k.a
AQD0112,ABDUL REHMAN,Good quality a.k.a
AQD0112,ABDUL REHMAN SINDHI,Good quality a.k.a
AQD0112,ABDULLAH SINDHI,Good quality a.k.a
AQD0112,ABDUR REHMAN SINDHI,Good quality a.k.a
AQD0112,ABDURAHMAN SINDHI,Good quality a.k.a
AQD0112,ABDUR REHMAN MUHAMMAD YAMIN,Low quality a.k.a
AQD0113,ABOU MOHAMED AL ADNANI,
AQD0113,TAH AL BINCHI,Good quality a.k.a
AQD0113,ABU MOHAMED AL-ADNANI,Good quality a.k.a
AQD0113,ABU MOHAMMED AL-ADNANI,Good quality a.k.a
AQD0113,TAHA AL-BANSHI,Good quality a.k.a
AQD0113,ABU BAKER AL-KHATAB,Good quality a.k.a
AQD0113,ABOU SADEQ ALRAWI,Good quality a.k.a
AQD0113,YASER KHALAF NAZZAL ALRAWI,Good quality a.k.a
AQD0113,ABU SADEK AL-RAWI,Good quality a.k.a
AQD0113,YASSER KHALAF HUSSEIN NAZAL AL-RAWI,Good quality a.k.a
AQD0113,ABU-MOHAMMAD AL-ADNANI AL-SHAMI,Good quality a.k.a
AQD0113,JABER TAHA FALAH,Good quality a.k.a
AQD0113,TAHA SOBHI FALAHA,Good quality a.k.a
AQD0113,HAJJ IBRAHIM,Good quality a.k.a
AQD0113,ABOU KHATTAB,Good quality a.k.a
AQD0114,ABU BAKAR BA'ASYIR,
AQD0114,ABU BAKAR BAASYIR,Good quality a.k.a
AQD0114,ABU BAKAR BASHIR,Good quality a.k.a
AQD0114,ABDUS SAMAD,Good quality a.k.a
AQD0114,ABDUS SOMAD,Good quality a.k.a
AQD0116,ABU RUSDAN,
AQD0116,RUSDJAN,Low quality a.k.a
AQD0116,RUSJAN,Low quality a.k.a
AQD0116,RUSYDAN,Low quality a.k.a
AQD0116,ABU THORIQ,Low quality a.k.a
AQD0116,THORIQUDDIN,Low quality a.k.a
AQD0116,THORIQUIDDIN,Low quality a.k.a
AQD0116,THORIQUIDIN,Low quality a.k.a
AQD0116,TORIQUDDIN,Low quality a.k.a
AQD0117,ABU UBAYDAH YUSUF AL-ANABI,
AQD0117,ABOU OBEIDA YOUSSEF AL-ANNABI,Good quality a.k.a
AQD0117,ABU-UBAYDAH YUSUF AL-INABI,Good quality a.k.a
AQD0117,YAZID MABRAK,Low quality a.k.a
AQD0117,YAZID MEBRAK,Low quality a.k.a
AQD0117,YOUCEF ABU OBEIDA,Low quality a.k.a
AQD0117,YUSUF ABU UBAYDAH,Low quality a.k.a
AQD0117,MEBRAK YAZID,Low quality a.k.a
AQD0117,MIBRAK YAZID,Low quality a.k.a
AQD0117,YOUSIF ABU OBAYDA YAZID,Low quality a.k.a
AQD0117,ABOU YOUCEF,Low quality a.k.a
AQD0118,ABUBAKAR MOHAMMED SHEKAU,
AQD0118,ABU MOHAMMED ABUBAKAR BIN MOHAMMED,Low quality a.k.a
AQD0118,ABU MUHAMMED ABUBAKAR BI MOHAMMED,Low quality a.k.a
AQD0118,SHAYKU,Low quality a.k.a
AQD0118,SHEHU,Low quality a.k.a
AQD0118,SHEKAU,Low quality a.k.a
AQD0118,ABUBAKAR SHEKAU,Good quality a.k.a
AQD0118,DARUL TAUHID,Low quality a.k.a
AQD0118,DARUL TAWHEED,Low quality a.k.a
AQD0119,ADEL BEN AL-AZHAR BEN YOUSSEF HAMDI,
AQD0119,ADEL BEN AL- AZHAR BEN YOUSSEF BEN SOLTANE,Good quality a.k.a
AQD0119,ZAKARIYA,Low quality a.k.a
AQD0120,ADEM YILMAZ,
AQD0120,TALHA,Low quality a.k.a
AQD0121,ADNAN ABOU WALID AL-SAHRAOUI,
AQD0121,ABU WALID AL SAHRAWI,Good quality a.k.a
AQD0121,ADNAN ABU WALID AL-SAHRAOUI,Good quality a.k.a
AQD0121,ADNAN ABU WALEED AL-SAHRAWI,Good quality a.k.a
AQD0121,ADNAN ABU WALID AL-SAHRAWI,Good quality a.k.a
AQD0121,LAHBIB IDRISSI OULD SIDI ABDI OULD SAID OULD EL BACHIR,Good quality a.k.a
AQD0121,LEHBIB OULD ALI OULD SAID OULD JOUMANI,Good quality a.k.a
AQD0122,AGUS DWIKARNA,
AQD0123,AHMED ABDULLAH SALEH AL-KHAZMARI AL-ZAHRANI,
AQD0123,ABU MARYAM AL-AZADI,Good quality a.k.a
AQD0123,AHMED ABDULLAH SALEH AL-ZAHRANI AL-KHOZMRI,Good quality a.k.a
AQD0123,ABU MARYAM AL-SAUDI,Good quality a.k.a
AQD0123,ABU MARYAM AL-ZAHRANI,Good quality a.k.a
AQD0123,AHMAD ABDULLAH SALIH AL-ZAHRANI,Good quality a.k.a
AQD0123,AHMED ABDULLAH S AL-ZAHRANI,Good quality a.k.a
AQD0123,AHMED BIN ABDULLAH SALEH BIN AL-ZAHRANI,Good quality a.k.a
AQD0124,AHMED DEGHDEGH,
AQD0124,ABDELLILLAH DIT ABDELLAH AHMED DIT SAID,Good quality a.k.a
AQD0124,ABD EL ILLAH,Good quality a.k.a
AQD0125,AHMED KHALFAN GHAILANI,
AQD0125,AHMED A,Low quality a.k.a
AQD0125,ABU BAKR AHMAD,Good quality a.k.a
AQD0125,ABUBAKAR AHMED,Good quality a.k.a
AQD0125,ABUBAKAR KHALFAN AHMED,Good quality a.k.a
AQD0125,ABUBAKAR K. AHMED,Good quality a.k.a
AQD0125,ABUBAKARY K. AHMED,Good quality a.k.a
AQD0125,AHMED KHALFAN AHMED,Good quality a.k.a
AQD0125,AHMED THE TANZANIAN,Low quality a.k.a
AQD0125,AHMAD AL TANZANI,Low quality a.k.a
AQD0125,AHMED KHALFAN ALI,Good quality a.k.a
AQD0125,HAYTHEM AL-KINI,Good quality a.k.a
AQD0125,ABU BAKR,Low quality a.k.a
AQD0125,FOOPIE,Low quality a.k.a
AQD0125,FUPI,Low quality a.k.a
AQD0125,ABUBAKARY KHALFAN AHMED GHAILANI,Good quality a.k.a
AQD0125,AHMED GHAILANI,Good quality a.k.a
AQD0125,AHMAD KHALAFAN GHILANI,Good quality a.k.a
AQD0125,MAHAFUDH ABUBAKAR AHMED ABDALLAH HUSSEIN,Good quality a.k.a
AQD0125,ABU KHABAR,Low quality a.k.a
AQD0125,AHMED KHALFAN,Good quality a.k.a
AQD0125,SHARIFF OMAR MOHAMMED,Good quality a.k.a
AQD0126,AIMAN MUHAMMED RABI AL-ZAWAHIRI,
AQD0126,ABDUL QADER ABDUL AZIZ ABDUL MOEZ AL DOCTOR,Good quality a.k.a
AQD0126,AYMAN AL ZAWAHARI,Good quality a.k.a
AQD0126,AYMAN AL-ZAWAHARI,Good quality a.k.a
AQD0126,AL ZAWAHIRI AYMAN,Good quality a.k.a
AQD0126,DHAWAHRI AYMAN,Good quality a.k.a
AQD0126,EDDAOUAHIRI AYMAN,Good quality a.k.a
AQD0126,ABU FATMA,Low quality a.k.a
AQD0126,ABU MOHAMMED,Low quality a.k.a
AQD0126,NUR AL DEEN ABU MOHAMMED,Good quality a.k.a
AQD0126,AL ZAWAHRY AIMAN MOHAMED RABI ABDEL MUAZ,Good quality a.k.a
AQD0126,AL ZAWAHRY AIMAN MOHAMED RABI,Good quality a.k.a
AQD0126,AL ZAWAHRY AIMAN MOHAMED RABIE,Good quality a.k.a
AQD0126,AL ZAWAHRY AIMAN MOHAMED ROBI,Good quality a.k.a
AQD0126,AHMAD FUAD SALIM,Good quality a.k.a
AQD0126,AHMED FUAD SALIM,Good quality a.k.a
AQD0127,AKHMED RAJAPOVICH CHATAEV,
AQD0127,DAVID MAYER,Good quality a.k.a
AQD0127,ODNORUKIY,Low quality a.k.a
AQD0127,ELMIR SENE,Good quality a.k.a
AQD0127,AKHMAD SHISHANI,Good quality a.k.a
AQD0128,AKRAM TURKI HISHAN AL-MAZIDIH,
AQD0128,ABU AKRAM,Low quality a.k.a
AQD0128,AKRAM TURKI AL-HISHAN,Good quality a.k.a
AQD0128,ABU JARRAH,Low quality a.k.a
AQD0129,AL-AZHAR BEN KHALIFA BEN AHMED ROUINE,
AQD0129,LAZHAR,Low quality a.k.a
AQD0129,SALMANE,Low quality a.k.a
AQD0130,ALEXANDA AMON KOTEY,
AQD0130,ALEXANDA KOTE,Good quality a.k.a
AQD0130,ALEXE KOTEY,Good quality a.k.a
AQD0131,ALI BEN TAHER BEN FALEH OUNI HARZI,
AQD0131,ABOU ZOUBAIR,Low quality a.k.a
AQD0132,ALI MUSA AL-SHAWAKH,
AQD0132,ABDULLAH SHUWAR AL-AUJAYD,Low quality a.k.a
AQD0132,ALI AL-HAMUD,Low quality a.k.a
AQD0132,ABU LUQMAN AL-SAHL,Low quality a.k.a
AQD0132,ALI MUSA AL-SHAWAGH,Good quality a.k.a
AQD0132,ALI AL-HAMOUD AL-SHAWAKH,Good quality a.k.a
AQD0132,MUHAMMAD ALI AL-SHAWAKH,Good quality a.k.a
AQD0132,IBRAHIM AL-SHAWWAKH,Good quality a.k.a
AQD0132,ABU LUQMAN AL-SURI,Low quality a.k.a
AQD0132,ALI AWAS,Low quality a.k.a
AQD0132,ABU AYYUB,Low quality a.k.a
AQD0132,ALI DERWISH,Low quality a.k.a
AQD0132,ALI HAMMUD,Low quality a.k.a
AQD0132,ABU LUQMAN,Low quality a.k.a
AQD0133,ALI SAYYID MUHAMED MUSTAFA BAKRI,
AQD0133,ABD AL-AZIZ AL-MASRI,Good quality a.k.a
AQD0133,ALI SALIM,Good quality a.k.a
AQD0135,ALY SOLIMAN MASSOUD ABDUL SAYED,
AQD0135,ADAM,Low quality a.k.a
AQD0135,IBN EL QAIM,Good quality a.k.a
AQD0135,MOHAMED OSMAN,Good quality a.k.a
AQD0136,AMIN MUHAMMAD UL HAQ SAAM KHAN,
AQD0136,AMIN AL-HAQ,Good quality a.k.a
AQD0136,AMIN,Low quality a.k.a
AQD0136,MUHAMMAD AMIN,Good quality a.k.a
AQD0136,AMIN UL-HAQ,Low quality a.k.a
AQD0137,AMOR MOHAMED GHEDEIR,
AQD0137,ABOU ABDELLAH,Good quality a.k.a
AQD0137,YOUCEF ADEL,Good quality a.k.a
AQD0137,ABID HAMMADOU,Good quality a.k.a
AQD0137,ABDELHAMID ABOU ZEID,Good quality a.k.a
AQD0138,AMRU AL-ABSI,
AQD0138,ABU AL ATHIR AMR AL ABSI,Good quality a.k.a
AQD0138,AMR AL ABSI,Good quality a.k.a
AQD0138,ABU AMR AL SHAMI,Low quality a.k.a
AQD0138,ABU-UMAR AL-ABSI,Low quality a.k.a
AQD0138,ABU AL-ASIR,Low quality a.k.a
AQD0138,ABU AL-ATHIR,Low quality a.k.a
AQD0138,ABU AL-ATHIR AL-SHAMI,Low quality a.k.a
AQD0138,ABU ASIR,Low quality a.k.a
AQD0140,ANDERS CAMEROON OSTENSVIG DALE,
AQD0140,MUSLIM ABU ABDURRAHMAN,Low quality a.k.a
AQD0140,ABU ABDURRAHMAN THE MOROCCAN,Low quality a.k.a
AQD0140,ABU ABDURRAHMAN THE NORWEGIAN,Low quality a.k.a
AQD0141,ANGELO RAMIREZ TRINIDAD,
AQD0141,ABDUKAHLIL,Low quality a.k.a
AQD0141,ANIS,Low quality a.k.a
AQD0141,ABDUL KHALIL,Low quality a.k.a
AQD0141,ABU KHALIL,Low quality a.k.a
AQD0141,CALIB TRINIDAD,Good quality a.k.a
AQD0141,KALIB TRINIDAD,Good quality a.k.a
AQD0142,ANGGA DIMAS PERSHADA,
AQD0142,ANGGA DIMAS PERSADA,Good quality a.k.a
AQD0142,ANGGA DIMAS PERSADHA,Good quality a.k.a
AQD0142,ANGGA DIMAS PRASONDHA,Good quality a.k.a
AQD0143,ANJEM CHOUDARY,
AQD0143,ABU LUQMAN,Low quality a.k.a
AQD0144,ANWAR NASSER ABDULLA AL-AULAQI,
AQD0144,ANWAR AL-AULAQI,Good quality a.k.a
AQD0144,ANWAR AL-AWLAKI,Good quality a.k.a
AQD0144,ANWAR AL-AWLAQI,Good quality a.k.a
AQD0144,ANWAR NASSER AULAQI,Good quality a.k.a
AQD0144,ANWAR NASSER ABDULLA AULAQI,Good quality a.k.a
AQD0144,ANWAR NASSER ABDULLAH AULAQI,Good quality a.k.a
AQD0145,AQSA MAHMOOD,
AQD0145,UMM LAYTH,Low quality a.k.a
AQD0146,ARIF QASMANI,
AQD0146,MEMON BABA,Good quality a.k.a
AQD0146,QASMANI BABA,Good quality a.k.a
AQD0146,BABA JI,Good quality a.k.a
AQD0146,MOHAMMAD ARIF QASMANI,Good quality a.k.a
AQD0146,MUHAMMAD ARIF QASMANI,Good quality a.k.a
AQD0146,MUHAMMAD 'ARIF QASMANI,Good quality a.k.a
AQD0146,ARIF UMER,Good quality a.k.a
AQD0147,ARIS MUNANDAR,
AQD0148,ASEEL MUTHANA,
AQD0149,ASHRAF MUHAMMAD YUSUF 'UTHMAN 'ABD AL-SALAM,
AQD0149,ASHRAF MUHAMMA YUSIF ABD AL-SALAM,Good quality a.k.a
AQD0149,ASHRAF MUHAMMAD YUSUF ABD-AL-SALAM,Good quality a.k.a
AQD0149,IBN AL-KHATTAB,Low quality a.k.a
AQD0149,KHATTAB,Low quality a.k.a
AQD0149,ASHRAF MUHAMMAD YUSIF UTHMAN 'ABD-AL-SALAM,Good quality a.k.a
AQD0150,ASLAN AVGAZAROVICH BYUTUKAEV,
AQD0150,ABUBAKAR,Low quality a.k.a
AQD0150,AMIR KHAZMAT,Low quality a.k.a
AQD0151,AYRAT NASIMOVICH VAKHITOV,
AQD0151,SALMAN BULGARSKIY,Good quality a.k.a
AQD0152,AYYUB BASHIR,
AQD0152,MUHAMMAD AYUB,Good quality a.k.a
AQD0152,QARI AYUB BASHAR,Good quality a.k.a
AQD0153,AZZAM ABDULLAH ZUREIK AL-MAULID AL-SUBHI,
AQD0153,AZAM A.R. ALSBHUA,Good quality a.k.a
AQD0153,AZAM ABDALLAH RAZEEQ AL MOULED ALSBHUA,Good quality a.k.a
AQD0153,ABU ABDALLA AL-HARBI,Good quality a.k.a
AQD0153,ABU SULIMAN AL-HARBI,Good quality a.k.a
AQD0153,MANSUR AL-HARBI,Good quality a.k.a
AQD0153,ABU MUSLEM AL-MAKY,Good quality a.k.a
AQD0153,AZZAM AL-SUBHI,Good quality a.k.a
AQD0154,BAMBANG SUKIRNO,
AQD0154,ABU ZAHRA,Low quality a.k.a
AQD0154,PAK ZAHRA,Low quality a.k.a
AQD0155,BASSAM AHMAD AL-HASRI,
AQD0155,ABU AHMAD AKHLAQ,Low quality a.k.a
AQD0155,ABU AHMAD AL-SHAMI,Low quality a.k.a
AQD0155,BASSAM AHMAD HUSARI,Good quality a.k.a
AQD0156,BILAL BIN MARWAN,
AQD0157,BOUBAKER BEN HABIB BEN AL-HAKIM,
AQD0157,ABOU AL MOUKATEL,Low quality a.k.a
AQD0157,ABU-MUQATIL AL-TUNISI,Low quality a.k.a
AQD0157,BOUBAKER EL HAKIM,Good quality a.k.a
AQD0157,BOUBAKEUR EL HAKIM,Low quality a.k.a
AQD0157,BOUBAKEUR EL-HAKIM,Good quality a.k.a
AQD0157,ABOU MOUQATEL,Low quality a.k.a
AQD0158,BOUBEKEUR BOULGHITI,
AQD0158,ABOU BAKR AL DJAZAIRI,Low quality a.k.a
AQD0158,YASIR AL-JAZARI,Low quality a.k.a
AQD0158,ABOU YASSER AL-JAZIRI,Low quality a.k.a
AQD0158,ABU BAKR AL-JAZIRI,Low quality a.k.a
AQD0158,BOUBAKEUR BOULGHIT,Good quality a.k.a
AQD0158,ABOU YASSER EL DJAZAIRI,Low quality a.k.a
AQD0159,DAWOOD IBRAHIM KASKAR,
AQD0159,ISMAIL ABDUL,Low quality a.k.a
AQD0159,IBRAHIM SHAIKH MOHD ANIS,Low quality a.k.a
AQD0159,ABDUL HAMID ABDUL AZIZ,Good quality a.k.a
AQD0159,BADA BHAI,Low quality a.k.a
AQD0159,DAWOOD BHAI,Good quality a.k.a
AQD0159,IQBAL BHAI,Low quality a.k.a
AQD0159,EBRAHIM DAWOOD,Good quality a.k.a
AQD0159,AZIZ DILIP,Good quality a.k.a
AQD0159,FAROOQI,Low quality a.k.a
AQD0159,KASKAR DAWOOD HASAN,Good quality a.k.a
AQD0159,DAWOOD HASSAN,Good quality a.k.a
AQD0159,HIZRAT,Low quality a.k.a
AQD0159,ANIS IBRAHIM,Good quality a.k.a
AQD0159,DOWOOD HASSAN SHAIKH IBRAHIM,Good quality a.k.a
AQD0159,DAUD HASAN SHAIKH IBRAHIM KASKAR,Good quality a.k.a
AQD0159,DAUD IBRAHIM MEMON KASKAR,Good quality a.k.a
AQD0159,DAWOOD HASAN IBRAHIM KASKAR,Good quality a.k.a
AQD0159,DAWOOD IBRAHIM MEMON,Good quality a.k.a
AQD0159,MUCCHAD,Low quality a.k.a
AQD0159,MOHD ISMAIL ABDUL REHMAN,Good quality a.k.a
AQD0159,DAWOOD SABRI,Good quality a.k.a
AQD0159,SAHAB,Low quality a.k.a
AQD0159,BADA SETH,Low quality a.k.a
AQD0161,DINNO AMOR ROSALEJOS PAREJA,
AQD0161,AKMAD,Low quality a.k.a
AQD0161,MIGHTY,Low quality a.k.a
AQD0161,MOHAMMAD,Low quality a.k.a
AQD0161,JOHNNY PAREJA,Good quality a.k.a
AQD0161,KHALIL PAREJA,Good quality a.k.a
AQD0161,RASH,Low quality a.k.a
AQD0162,DJAMEL AKKACHA,
AQD0162,YAHIA ABOU EL HAMMAM,Good quality a.k.a
AQD0162,YAHIA ABOU ELHOUMMAM,Good quality a.k.a
AQD0163,DJAMEL LOUNICI,
AQD0163,JAMAL LOUNICI,Good quality a.k.a
AQD0164,DJAMEL MOUSTFA,
AQD0164,ALI BARKANI,Good quality a.k.a
AQD0164,KALAD BELKASAM,Good quality a.k.a
AQD0164,MOSTAFA DJAMEL,Good quality a.k.a
AQD0164,MOSTEFA DJAMEL,Good quality a.k.a
AQD0164,MUSTAFA DJAMEL,Good quality a.k.a
AQD0164,BALKASAM KALAD,Good quality a.k.a
AQD0164,BEKASAM KALAD,Good quality a.k.a
AQD0164,BELKASAM KALAD,Good quality a.k.a
AQD0164,DAMEL MOSTAFA,Good quality a.k.a
AQD0164,DJAMAL MOSTAFA,Good quality a.k.a
AQD0164,DJAMEL MOSTAFA,Good quality a.k.a
AQD0164,FJAMEL MOUSTFA,Good quality a.k.a
AQD0164,MUSTAFA,Low quality a.k.a
AQD0164,DJAMEL MUSTAFA,Good quality a.k.a
AQD0165,DOKU KHAMATOVICH UMAROV,
AQD0165,LOM-ALI BUTAEV,Good quality a.k.a
AQD0165,LOM-ALI BUTAYEV,Good quality a.k.a
AQD0165,DOKKA UMAROV,Good quality a.k.a
AQD0166,ELSHAFEE EL SHEIKH,
AQD0166,EL SHAFEE ELSHEIKH,Good quality a.k.a
AQD0166,ALSHAFEE EL-SHEIKH,Good quality a.k.a
AQD0167,EMILIE EDWIGE KONIG,
AQD0167,EMILIE SAMRA KONIG,Low quality a.k.a
AQD0169,FARED SAAL,
AQD0169,ABU LUQMAAN AL ALMANI,Low quality a.k.a
AQD0169,ABU LUGMAAN,Low quality a.k.a
AQD0170,FARHAD KANABI AHMAD,
AQD0170,KAUA OMAR ACHMED,Good quality a.k.a
AQD0170,KAWA OMAR AHMED,Good quality a.k.a
AQD0170,KAWA HAMAWANDI,Good quality a.k.a
AQD0171,FAYCAL BOUGHANEMI,
AQD0171,FAYSAL AL-BUGHANIMI,Good quality a.k.a
AQD0171,FAICAL BOUGHANMI,Good quality a.k.a
AQD0172,FAYSAL AHMAD BIN ALI AL-ZAHRANI,
AQD0172,FAISAL AHMED ALI ALZAHRANI,Good quality a.k.a
AQD0172,ABU SARAH AL-SAUDI,Low quality a.k.a
AQD0172,ABU SARA ZAHRANI,Low quality a.k.a
AQD0173,FAZAL RAHIM,
AQD0173,FAZEL RAHIM,Good quality a.k.a
AQD0173,FAZIL RAHIM,Good quality a.k.a
AQD0173,FAZIL RAHMAN,Good quality a.k.a
AQD0174,FAZEEL-A-TUL SHAYKH ABU MOHAMMED AMEEN AL-PESHAWARI,
AQD0174,SHAYKH ABU MOHAMMED AMEEN AL-PESHAWARI,Good quality a.k.a
AQD0174,ABU MOHAMMAD AMIN BISHAWRI,Good quality a.k.a
AQD0174,SHAYKH AMINULLAH,Good quality a.k.a
AQD0174,SHEIK AMINULLAH,Good quality a.k.a
AQD0174,ABU MOHAMMAD SHAYKH AMINULLAH AL-BISHAURI,Good quality a.k.a
AQD0174,SHAYKH AMINULLAH AL-PESHAWARI,Good quality a.k.a
AQD0174,ABU MOHAMMAD AMINULLAH PESHAWARI,Good quality a.k.a
AQD0175,FELICIANO SEMBORIO DELOS REYES JR.,
AQD0175,ABDUL ABDILLAH,Good quality a.k.a
AQD0175,ABUBAKAR ABDILLAH,Good quality a.k.a
AQD0177,GHALIB ABDULLAH AL-ZAIDI,
AQD0177,GHALIB AL ZAYDI,Low quality a.k.a
AQD0177,GHALIB ABDALLAH AL-ZAYDI,Good quality a.k.a
AQD0177,GHALIB ABDALLAH ALI AL-ZAYDI,Good quality a.k.a
AQD0178,GHAZY FEZZA HISHAN AL-MAZIDIH,
AQD0178,ABU FAYSAL,Low quality a.k.a
AQD0178,FEZZAA HISHAN GHAZY,Good quality a.k.a
AQD0178,ABU GHAZZY,Low quality a.k.a
AQD0178,MUSHARI ABD AZIZ SALEH SHLASH,Good quality a.k.a
AQD0179,GULMUROD KHALIMOV,
AQD0180,GUN GUN RUSMAN GUNAWAN,
AQD0180,ABD AL-HADI,Good quality a.k.a
AQD0180,BUKHORI,Good quality a.k.a
AQD0180,BUKHORY,Good quality a.k.a
AQD0180,RUSMAN GUNAWAN,Good quality a.k.a
AQD0180,ABDUL HADI,Good quality a.k.a
AQD0180,ABDUL KARIM,Good quality a.k.a
AQD0181,HABIB BEN AHMED AL-LOUBIRI,
AQD0181,AL-HABIB BEN AHMAD BEN AL-TAYIB AL-LUBIRI,Good quality a.k.a
AQD0182,HAFIZ ABDUL SALAM BHUTTAVI,
AQD0182,HAFIZ ABDUL SALAM BHATTVI,Good quality a.k.a
AQD0182,MOLVI ABDURSALAM BHATTVI,Good quality a.k.a
AQD0182,MULLAH ABDUL SALAAM BHATTVI,Good quality a.k.a
AQD0182,ABDUL SALAM BHATTWI,Good quality a.k.a
AQD0182,ABDUL SALAM BHUTVI,Good quality a.k.a
AQD0182,HAFIZ ABDUSSALAAM BHUTVI,Good quality a.k.a
AQD0182,ABDUL SALAM BUDVI,Good quality a.k.a
AQD0182,HAFIZ ABDUSALAM BUDVI,Good quality a.k.a
AQD0183,HAFIZ MUHAMMAD SAEED,
AQD0183,MUHAMMAD HAFIZ,Good quality a.k.a
AQD0183,HAFIZ JI,Low quality a.k.a
AQD0183,HAFEZ MOHAMMAD SAEED,Good quality a.k.a
AQD0183,HAFIZ SAEED,Good quality a.k.a
AQD0183,MUHAMMAD SAEED,Good quality a.k.a
AQD0183,HAFIZ MOHAMMAD SAHIB,Good quality a.k.a
AQD0183,MOHAMMAD SAYED,Good quality a.k.a
AQD0183,HAFIZ MOHAMMAD SAYEED,Good quality a.k.a
AQD0183,HAFIZ MOHAMMAD SAYID,Good quality a.k.a
AQD0183,TATA MOHAMMAD SYEED,Good quality a.k.a
AQD0184,HAJI MUHAMMAD ASHRAF,
AQD0184,HAJI M. ASHRAF,Good quality a.k.a
AQD0184,MUHAMMAD ASHRAF MANSHAH,Good quality a.k.a
AQD0184,MUHAMMAD ASHRAF MUNSHA,Good quality a.k.a
AQD0186,TAHA IBRAHIM ABDALLAH BAKR AL KHUWAYT,
AQD0186,HAJJI 'ABD AL-NASIR,Good quality a.k.a
AQD0186,HAJJI ABDELNASSER,Good quality a.k.a
AQD0186,TAHA AL-KHUWAYT,Low quality a.k.a
AQD0186,MULLAH KHUWAYT,Low quality a.k.a
AQD0186,MULLAH TAHA,Low quality a.k.a
AQD0188,HAMADA OULD MOHAMED EL KHAIRY,
AQD0188,HAMAD EL KHAIRY,Good quality a.k.a
AQD0188,OULD KHEIROU,Good quality a.k.a
AQD0188,HAMADA OULD MOHAMED LEMINE OULD MOHAMED EL KHAIRY,Good quality a.k.a
AQD0188,ABOU QUMQUM,Low quality a.k.a
AQD0189,HAMADI BEN ABDUL AZIZ BEN ALI BOUYEHIA,
AQD0189,ABD EL WANIS ABD GAWWAD ABD EL LATIF BAHAA,Good quality a.k.a
AQD0189,MAHMOUD HAMID,Good quality a.k.a
AQD0189,GAMEL MOHAMED,Good quality a.k.a
AQD0190,HAMID ABDALLAH AHMAD AL-ALI,
AQD0190,HAMED ABDULLAH AL-ALI,Good quality a.k.a
AQD0190,HAMID ABDALLAH AHMED AL-ALI,Good quality a.k.a
AQD0190,HAMID BIN ABDALLAH AHMED AL-ALI,Good quality a.k.a
AQD0190,HAMED AL-'ALI,Good quality a.k.a
AQD0190,HAMED BIN 'ABDALLAH AL-'ALI,Good quality a.k.a
AQD0190,HAMID 'ABDALLAH AL-'ALI,Good quality a.k.a
AQD0190,HAMID 'ABDALLAH AHMAD AL-'ALI,Good quality a.k.a
AQD0190,ABU SALIM,Low quality a.k.a
AQD0191,HAMID HAMAD HAMID AL-'ALI,
AQD0192,HANI AL-SAYYID AL-SEBAI YUSIF,
AQD0192,ABU AKRAM,Good quality a.k.a
AQD0192,HANI AL-SAYYID AL SIBA'I,Good quality a.k.a
AQD0192,HANI AL-SAYYID AL-SABAI,Good quality a.k.a
AQD0192,HANI YOUSEF AL-SEBAI,Good quality a.k.a
AQD0192,HANI AL-SAYYID EL SABAAY,Good quality a.k.a
AQD0192,HANI AL-SAYYID EL SEBAI,Good quality a.k.a
AQD0192,EL-SABABT,Good quality a.k.a
AQD0192,YOUSSEF HANI,Good quality a.k.a
AQD0192,ABU KARIM,Good quality a.k.a
AQD0192,ABU TUSNIN,Good quality a.k.a
AQD0192,HANY YOUSEFF,Good quality a.k.a
AQD0192,HANY ELSAYED YOUSSEF,Good quality a.k.a
AQD0192,HANI YUSEF,Good quality a.k.a
AQD0192,HANI EL SAYYED ELSEBAI YUSEF,Good quality a.k.a
AQD0193,HASAN AL-SALAHAYN SALIH AL-SHA'ARI,
AQD0193,ABU HABIB AL-LIBI,Low quality a.k.a
AQD0193,HUSAYN AL-SALIHIN SALIH AL-SHA'IRI,Good quality a.k.a
AQD0193,HASAN ABU HABIB,Low quality a.k.a
AQD0194,HASSAN DAHIR AWEYS,
AQD0194,SHEIKH HASSAN DAHIR AWEYS ALI,Good quality a.k.a
AQD0194,HASSAN DAHIR AWES,Good quality a.k.a
AQD0194,SHAYKH HASSAN DAHIR AWES,Good quality a.k.a
AQD0194,HASSEN DAHIR AWEYES,Good quality a.k.a
AQD0194,AHMED DAHIR AWEYS,Good quality a.k.a
AQD0194,HASSAN DAHIR AWEYS,Good quality a.k.a
AQD0194,SHEIKH AWEYS,Low quality a.k.a
AQD0194,SHEIKH HASSAN DAHIR AWEYS,Low quality a.k.a
AQD0194,SHEIKH HASSAN,Low quality a.k.a
AQD0194,MOHAMMED HASSAN IBRAHIM,Good quality a.k.a
AQD0194,HASSAN TAHIR OAIS,Good quality a.k.a
AQD0194,HASSAN TAHIR UWAYS,Good quality a.k.a
AQD0195,HILARION DEL ROSARIO SANTOS,
AQD0195,AKI,Low quality a.k.a
AQD0195,AQI,Low quality a.k.a
AQD0195,ABU HAMSA,Low quality a.k.a
AQD0195,AHMED ISLAM,Good quality a.k.a
AQD0195,LAKAY,Low quality a.k.a
AQD0195,ABU ABDULLAH SANTOS,Good quality a.k.a
AQD0195,AHMAD ISLAM SANTOS,Good quality a.k.a
AQD0195,AKMAD SANTOS,Good quality a.k.a
AQD0195,FAISAL SANTOS,Good quality a.k.a
AQD0195,HILARION SANTOS III (THIRD),Good quality a.k.a
AQD0195,HILARION DEL ROSARIO SANTOS III (THIRD),Good quality a.k.a
AQD0196,HUSAYN JUAYTHINI,
AQD0196,HUSSEIN MOHAMMED HUSSEIN ALJEITHNI,Good quality a.k.a
AQD0196,ABU MUATH AL-JUAITNI,Low quality a.k.a
AQD0196,HUSAYN MUHAMAD HUSAYN AL-JUAYTHINI,Good quality a.k.a
AQD0196,HUSAYN MUHAMMAD AL-JUAYTHINI,Good quality a.k.a
AQD0196,HUSAYN MUHAMMAD HUSAYN AL-JUAYTHINI,Good quality a.k.a
AQD0196,HUSAYN MUHAMMAD HUSAYN JUAYTHINI,Good quality a.k.a
AQD0197,IBRAHIM ALI ABU BAKR TANTOUSH,
AQD0197,IBRAHIM ALI MUHAMMAD ABU BAKR,Good quality a.k.a
AQD0197,AL-LIBI,Low quality a.k.a
AQD0197,'ABD AL-MUHSI,Good quality a.k.a
AQD0197,ABD AL-MUHSIN,Good quality a.k.a
AQD0197,'ABD AL-RAHMAN,Good quality a.k.a
AQD0197,ABU ANAS,Good quality a.k.a
AQD0197,ABDUL RAHMAN,Good quality a.k.a
AQD0197,ABDEL ILAH SABRI,Good quality a.k.a
AQD0197,IBRAHIM ABUBAKER TANTOUCHE,Good quality a.k.a
AQD0197,IBRAHIM ABUBAKER TANTOUSH,Good quality a.k.a
AQD0198,IBRAHIM AWWAD IBRAHIM ALI AL-BADRI AL-SAMARRAI,
AQD0198,IBRAHIM AWWAD IBRAHIM AL-SAMARRA'I,Good quality a.k.a
AQD0198,ABU DU'A,Low quality a.k.a
AQD0198,ABU DUAA,Low quality a.k.a
AQD0198,ABU BAKR AL-BAGHDADI,Low quality a.k.a
AQD0198,ABU BAKR AL-BAGHDADI AL-HUSAYNI AL-QURAISHI,Low quality a.k.a
AQD0198,IBRAHIM 'AWAD IBRAHIM AL-BADRI AL-SAMARRAI,Good quality a.k.a
AQD0198,ALI AL-BADRI AL-SAMARRAI',
AQD0198,IBRAHIM 'AWWAD IBRAHIM 'ALI AL-BADRI AL-SAMARRAI',Good quality a.k.a
AQD0198,IBRAHIM,Low quality a.k.a
AQD0199,IBRAHIM HASSAN TALI AL-ASIRI,
AQD0199,ABOSSLAH,Low quality a.k.a
AQD0199,ABU-SALAAH,Low quality a.k.a
AQD0199,IBRAHIM HASSAN AL ASIRI,Good quality a.k.a
AQD0199,IBRAHIM HASSAN AL-ASIRI,Good quality a.k.a
AQD0199,IBRAHIM AL-'ASIRI,Good quality a.k.a
AQD0199,IBRAHIM HASAN TALI AL-'ASIRI,Good quality a.k.a
AQD0199,IBRAHIM HASAN TALEA ASEERI,Good quality a.k.a
AQD0199,IBRAHIM HASAN TALI ASIRI,Good quality a.k.a
AQD0199,IBRAHIM HASSAN TALI ASIRI,Good quality a.k.a
AQD0199,IBRAHIM HASAN TALI'A 'ASIRI,Good quality a.k.a
AQD0199,IBRAHIM HASSAN TALI ASSIRI,Good quality a.k.a
AQD0199,ABU SALEH,Low quality a.k.a
AQD0200,IBRAHIM 'ISA HAJJI MUHAMMAD AL-BAKR,
AQD0200,ABU-KHALIL,Low quality a.k.a
AQD0200,IBRAHIM 'ISSA AL-BAKAR,Good quality a.k.a
AQD0200,IBRAHIM 'ISSA HAJI MUHAMMAD AL-BAKAR,Good quality a.k.a
AQD0200,IBRAHIM ISSA HIJJI MOHD ALBAKER,Good quality a.k.a
AQD0200,IBRAHIM ISSA HIJJI MUHAMMAD AL-BAKER,Good quality a.k.a
AQD0200,IBRAHIM AL-BAKR,Good quality a.k.a
AQD0200,IBRAHIM 'ISA HAJI AL-BAKR,Good quality a.k.a
AQD0202,IBRAHIM SULEIMAN HAMAD AL-HABLAIN,
AQD0202,ABU JABAL,Low quality a.k.a
AQD0202,ABU-JABAL,Low quality a.k.a
AQD0202,BARAHIM SULIMAN H. AL HBLIAN,Good quality a.k.a
AQD0204,IMED BEN MEKKI ZARKAOUI,
AQD0204,IMAD BEN AL-MEKKI BEN AL-AKHDAR AL-ZARKAOUI,Good quality a.k.a
AQD0204,NADRA,Low quality a.k.a
AQD0204,DAOUR NADRE,Good quality a.k.a
AQD0204,DOUR NADRE,Good quality a.k.a
AQD0204,ZARGA,Low quality a.k.a
AQD0205,ISAM ALI MOHAMED ALOUCHE,
AQD0205,MANSOUR THAER,Good quality a.k.a
AQD0206,ISLAM SEIT-UMAROVICH ATABIEV,
AQD0206,ABU JIHAD,Low quality a.k.a
AQD0207,ISNILON TOTONI HAPILON,
AQD0207,ISNILON HAPILUN,Good quality a.k.a
AQD0207,ISNILUN HAPILUN,Good quality a.k.a
AQD0207,TUAN ISNILON,Good quality a.k.a
AQD0207,ABU MUSAB,Low quality a.k.a
AQD0207,SALAHUDIN,Low quality a.k.a
AQD0208,IYAD AG GHALI,
AQD0208,SIDI MOHAMED ARHALI,Good quality a.k.a
AQD0209,IYAD NAZMI SALIH KHALIL,
AQD0209,ABU-JULAYBIB,Low quality a.k.a
AQD0209,ABU AL-DARDA',Low quality a.k.a
AQD0209,IYAD AL-TOUBASI,Low quality a.k.a
AQD0209,IYAD AL-TUBASI,Low quality a.k.a
AQD0209,ABU-JULAYBIB AL-URDUNI,Low quality a.k.a
AQD0209,AYYAD NAZMI SALIH KHALIL,Good quality a.k.a
AQD0209,EYAD NAZMI SALEH KHALIL,Good quality a.k.a
AQD0210,JABER ABDALLAH JABER AHMAD AL-JALAHMAH,
AQD0210,ABDUL-GHANI,Low quality a.k.a
AQD0210,JABIR 'ABDALLAH JABIR AHMAD AL-JALAMAH,Good quality a.k.a
AQD0210,JABIR ABDALLAH JABIR AHMAD JALAHMAH,Good quality a.k.a
AQD0210,ABU MUHAMMAD AL-JALAHMAH,Good quality a.k.a
AQD0210,JABER AL-JALAMAH,Good quality a.k.a
AQD0210,JABIR AL-JALHAMI,Good quality a.k.a
AQD0210,ABU MUHAMMAD,Low quality a.k.a
AQD0211,KAMAL BEN MAOELDI BEN HASSAN AL-HAMRAOUI,
AQD0211,KAMEL,Low quality a.k.a
AQD0211,HAMRAOUI KAMEL,Good quality a.k.a
AQD0211,KIMO,Low quality a.k.a
AQD0211,HAMROUI KAMEL BEN MOULDI,Good quality a.k.a
AQD0212,KAMEL DJERMANE,
AQD0212,ABOU ABDELJALIL,Good quality a.k.a
AQD0212,ADEL,Good quality a.k.a
AQD0212,BILAL,Good quality a.k.a
AQD0212,FODHIL,Good quality a.k.a
AQD0213,KEVIN JORDAN AXEL GUIAVARCH,
AQD0214,KHALID ABD AL-RAHMAN HAMD AL-FAWAZ,
AQD0214,ABU-KHALIL,Good quality a.k.a
AQD0214,KHALID ABDULRAHMAN H. AL FAWAZ,Good quality a.k.a
AQD0214,KHALED AL FAWWAZ,Good quality a.k.a
AQD0214,KHALIK AL FAWWAZ,Good quality a.k.a
AQD0214,KHALED AL-FAUWAZ,Good quality a.k.a
AQD0214,KHALED A. AL-FAUWAZ,Good quality a.k.a
AQD0214,KHALED AL-FAWWAZ,Good quality a.k.a
AQD0214,KHALID AL-FAWWAZ,Good quality a.k.a
AQD0218,MAGHOMED MAGHOMEDZAKIROVICH ABDURAKHMANOV,
AQD0218,ABU AL BANAT,Low quality a.k.a
AQD0218,ABU BANAT,Low quality a.k.a
AQD0219,MAHFOUZ OULD AL-WALID,
AQD0219,ABU HAFS THE MAURITANIAN,Good quality a.k.a
AQD0219,KHALID AL-SHANQITI,Good quality a.k.a
AQD0219,MAFOUZ WALAD AL-WALID,Good quality a.k.a
AQD0220,MAHMOOD SULTAN BASHIR-UD-DIN,
AQD0220,MEKMUD SULTAN BAISHIRUDDIN,Good quality a.k.a
AQD0220,MAHMOOD SULTAN BASHIRUDDIN,Good quality a.k.a
AQD0220,MEHMOOD DR. BASHIR UDDIN,Good quality a.k.a
AQD0221,MAHMOUD MOHAMMAD AHMED BAHAZIQ,
AQD0221,ABU ABD AL-'AZIZ,Good quality a.k.a
AQD0221,ABU ABDUL AZIZ,Good quality a.k.a
AQD0221,BAHAZIQ MAHMOUD,Good quality a.k.a
AQD0221,SHAYKH SAHIB,Good quality a.k.a
AQD0222,MAJEED ABDUL CHAUDHRY,
AQD0222,MAJEED ABDUL,Good quality a.k.a
AQD0222,MAJEED CHAUDHRY ABDUL,Good quality a.k.a
AQD0222,MAJID ABDUL,Good quality a.k.a
AQD0223,MALIK RUSLANOVICH BARKHANOEV,
AQD0223,SAIFUDDIN AL-INGUSHI,Low quality a.k.a
AQD0223,SAIFUDDIN INGUSHI,Low quality a.k.a
AQD0223,SAIFUDDIN,Low quality a.k.a
AQD0224,MATI UR-REHMAN ALI MUHAMMAD,
AQD0224,MATTI AL-REHMAN,Good quality a.k.a
AQD0224,HUSSAIN,Low quality a.k.a
AQD0224,QARI MUSHTAQ,Good quality a.k.a
AQD0224,MATIUR RAHMAN,Good quality a.k.a
AQD0224,MATI UR REHMAN,Good quality a.k.a
AQD0224,MATIUR REHMAN,Good quality a.k.a
AQD0224,MATI-UR REHMAN,Good quality a.k.a
AQD0224,ABDUL SAMAD,Good quality a.k.a
AQD0224,ABDUL SAMAD SIAL,Good quality a.k.a
AQD0224,SAMAD SIAL,Good quality a.k.a
AQD0224,USTAD TALHA,Good quality a.k.a
AQD0224,TARIQ,Low quality a.k.a
AQD0225,MAULANA FAZLULLAH,
AQD0225,MULLAH FAZLULLAH,Good quality a.k.a
AQD0225,FAZAL HAYAT,Good quality a.k.a
AQD0225,MULLAH RADIO,Low quality a.k.a
AQD0226,MAXAMED CABDULLAAH CIISE,
AQD0226,MAXAMMED CABDULLAAHI,Good quality a.k.a
AQD0226,CABDULLAH MAYAMED CIISE,Good quality a.k.a
AQD0226,MAXAMED CABDULLAAHI CIISE,Good quality a.k.a
AQD0227,MAXIME HAUCHARD,
AQD0227,ABOU ABDALLAH AL FARANSI,Low quality a.k.a
AQD0228,MAYSAR ALI MUSA ABDALLAH AL-JUBURI,
AQD0228,ABU UMAR,Low quality a.k.a
AQD0228,MUYASSIR AL-JIBURI,Good quality a.k.a
AQD0228,MUS'AB AL-QAHTANI,Low quality a.k.a
AQD0228,ABU MARIA AL-QATANI,Low quality a.k.a
AQD0228,AL-SHAMMARI,Low quality a.k.a
AQD0228,MUYASSIR AL-SHAMMARI,Good quality a.k.a
AQD0228,MUYASSIR HARARA,Good quality a.k.a
AQD0228,MUHAMMAD KHALID HASSAN,Good quality a.k.a
AQD0230,MEHDI BEN MOHAMED BEN MOHAMED KAMMOUN,
AQD0230,SALMANE,Low quality a.k.a
AQD0232,MERAI ABDEFATTAH KHALIL ZOGHBI,
AQD0232,F'RAJI DI SINGAPORE,Low quality a.k.a
AQD0232,MUHAMMED EL BESIR,Good quality a.k.a
AQD0232,FARAG,Low quality a.k.a
AQD0232,LAZRAG FARAJ,Good quality a.k.a
AQD0232,ZOGHBAI MERAI ABDUL FATTAH,Good quality a.k.a
AQD0232,FREDJ,Low quality a.k.a
AQD0232,F'RAJI IL LIBICO,Low quality a.k.a
AQD0232,LARZG BEN ILA,Good quality a.k.a
AQD0232,MOHAMED LEBACHIR,Good quality a.k.a
AQD0232,MERI ALBDELFATTAH ZGBYE,Good quality a.k.a
AQD0232,MERAI ZOGHBAI,Good quality a.k.a
AQD0234,MOCHAMMAD ACHWAN,
AQD0234,MOCHTAR ACHWAN,Good quality a.k.a
AQD0234,MUHAMMAD ACHWAN,Good quality a.k.a
AQD0234,MOCHTAR AKHWAN,Good quality a.k.a
AQD0234,MUHAMMAD AKHWAN,Good quality a.k.a
AQD0234,MOCHTAR AKWAN,Good quality a.k.a
AQD0235,MOHAMAD IQBAL ABDURRAHMAN,
AQD0235,ABU JIBRIL ABDURRAHMAN,Good quality a.k.a
AQD0235,A RAHMAN MOHAMAD IQBAL,Good quality a.k.a
AQD0235,ABDUL RAHMAN MOHAMAD IQBAL,Good quality a.k.a
AQD0235,RAHMAN MOHAMAD IQBAL,Good quality a.k.a
AQD0235,FIHIRUDDIN MUQTI,Good quality a.k.a
AQD0235,FIKIRUDDIN MUQTI,Good quality a.k.a
AQD0236,MOHAMAD RAFI BIN UDIN,
AQD0236,ABU UNA AL MALAYZIE,Low quality a.k.a
AQD0236,ABU AWN AL MALIZI,Low quality a.k.a
AQD0236,MUHAMMAD RATIN BIN NURDIN,Low quality a.k.a
AQD0236,MHAMMAD RAHIM BIN UDIN,Low quality a.k.a
AQD0236,MOHD RADI BIN UDIN,Low quality a.k.a
AQD0236,ABU AYN TOK CIT,Low quality a.k.a
AQD0236,MUHAMMAD RAFIUDDIN,Low quality a.k.a
AQD0236,MUHAMMAD RATIN,Low quality a.k.a
AQD0237,MOHAMED AMIN MOSTAFA,
AQD0238,MOHAMED BELKALEM,
AQD0238,ABDELALI ABOU DHER,Low quality a.k.a
AQD0238,EL HARRACHI,Low quality a.k.a
AQD0239,MOHAMED BEN BELGACEM BEN ABDALLAH AL-AOUADI,
AQD0239,MOHAMED BEN BELKACEM AOUADI,Good quality a.k.a
AQD0239,FATHI HANNACHI,Good quality a.k.a
AQD0240,MOHAMED LAHBOUS,
AQD0240,MOHAMED ENNOUINI,Good quality a.k.a
AQD0240,HASSAN,Good quality a.k.a
AQD0240,HOCINE,Good quality a.k.a
AQD0241,MOHAMED LAKHAL,
AQD0241,MOHAMED ABU ABDA,Low quality a.k.a
AQD0241,MOHAMED AOUANI,Good quality a.k.a
AQD0241,MOHAMED BEN BELGACEM AWANI,Good quality a.k.a
AQD0241,AL-AS'AD BEN HANI,Good quality a.k.a
AQD0241,LASED BEN HENI,Good quality a.k.a
AQD0241,ABU OBEIDA,Low quality a.k.a
AQD0242,MOHAMMAD HAMDI MOHAMMAD SADIQ AL-AHDAL,
AQD0242,AHMED,Low quality a.k.a
AQD0242,MOHAMED MOHAMED ABDULLAH AL-AHDAL,Good quality a.k.a
AQD0242,MUHAMMAD MUHAMMAD ABDULLAH AL-AHDAL,Good quality a.k.a
AQD0242,MUHAMMAD AL-HAMATI,Good quality a.k.a
AQD0242,ABU ASIM AL-MAKKI,Low quality a.k.a
AQD0243,MOHAMMAD TAHIR HAMMID HUSSEIN,
AQD0243,ABDELHAMID AL KURDI,Good quality a.k.a
AQD0244,MOHAMMED ABDEL-HALIM HEMAIDA SALEH,
AQD0244,FARIS BALUCHISTAN,Good quality a.k.a
AQD0244,MUHAMMAD ABD-AL-HALIM HUMAYDAH,Good quality a.k.a
AQD0244,MUHAMMAD HAMEIDA SALEH,Good quality a.k.a
AQD0245,MOHAMMED AL GHABRA,
AQD0245,DANIAL ADAM,Good quality a.k.a
AQD0245,MOHAMMED EL' GHABRA,Good quality a.k.a
AQD0246,MOHAMMED TUFAIL,
AQD0246,S. M. TUFFAIL,Good quality a.k.a
AQD0246,SHEIK MOHAMMED TUFFAIL,Good quality a.k.a
AQD0247,MOHAMMED YAHYA MUJAHID,
AQD0247,MOHAMMAD YAHYA AZIZ,Good quality a.k.a
AQD0248,MOHAMMED YUSIP KARIM,
AQD0248,ABU WALID AL INDUNISI,Low quality a.k.a
AQD0248,ZIDNI ELMA,Low quality a.k.a
AQD0248,ABDULLAH FAIZ,Low quality a.k.a
AQD0248,KHOLID FAIZ,Low quality a.k.a
AQD0248,MOHAMAD YUSUF KARIM SAIFULLAH FAIZ,Low quality a.k.a
AQD0248,MOHAMMAD SAIFUDDIN MOHAMMAD YUSUF FAIZ,Low quality a.k.a
AQD0248,MOHAMMAD YUSEF KARIM FAIZ,Low quality a.k.a
AQD0248,SAIFUDIN FAIZ,Low quality a.k.a
AQD0248,USTADZ FAIZ,Low quality a.k.a
AQD0248,FAUZ FATUROHMAN,Low quality a.k.a
AQD0248,KEMBAR KHALID,Low quality a.k.a
AQD0248,MUH SAIFUDIN,Low quality a.k.a
AQD0248,UDTADZ SYAIFUDIN,Low quality a.k.a
AQD0249,MOKHTAR BELMOKHTAR,
AQD0249,BELAOUA,Low quality a.k.a
AQD0249,BELAOUR,Low quality a.k.a
AQD0249,MUKHTAR BELMUKHTAR,Good quality a.k.a
AQD0249,BELAOUAR KHALED ABOU EL ABASS,Good quality a.k.a
AQD0249,BELAOUER KHALED ABOU EL ABASS,Good quality a.k.a
AQD0249,KHALED ABOU EL ABASS,Good quality a.k.a
AQD0249,KHALED ABOU EL ABBES,Good quality a.k.a
AQD0249,BELMOKHTAR KHALED ABOU EL ABES,Good quality a.k.a
AQD0249,KHALED ABOU EL ABES,Good quality a.k.a
AQD0249,ABOU ABBES KHALED,Good quality a.k.a
AQD0249,KHALED ABULABBAS NA OOR,Good quality a.k.a
AQD0250,MONIR CHOUKA,
AQD0250,ABU ADAM,Low quality a.k.a
AQD0251,MORAD LAABOUDI,
AQD0251,ABU ISMAIL AL-MAGHRIBI,Low quality a.k.a
AQD0251,ABU ISMAIL,Low quality a.k.a
AQD0252,MOSTAFA KAMEL MOSTAFA IBRAHIM,
AQD0252,ABU HAMZA AL-MASRI,Low quality a.k.a
AQD0252,ABU HAMZA AL-MISRI,Low quality a.k.a
AQD0252,ADAM RAMSEY EAMAN,Good quality a.k.a
AQD0252,ABU HAMZA,Low quality a.k.a
AQD0252,MOSTAFA KAMEL MOSTAFA,Good quality a.k.a
AQD0252,MUSTAFA KAMEL MUSTAFA,Good quality a.k.a
AQD0252,KAMEL MUSTAPHA MUSTAPHA,Good quality a.k.a
AQD0252,MUSTAPHA KAMEL MUSTAPHA,Good quality a.k.a
AQD0253,MOUNIR BEN DHAOU BEN BRAHIM BEN HELAL,
AQD0253,ABU MARYAM AL-TUNISI,Low quality a.k.a
AQD0253,MOUNIR HELEL,Low quality a.k.a
AQD0253,MOUNIR HILEL,Low quality a.k.a
AQD0253,ABU RAHMAH,Low quality a.k.a
AQD0254,MOUNIR EL MOTASSADEQ,
AQD0254,MOUNIR EL MOUTASSADEQ,Good quality a.k.a
AQD0256,MOUSSA BEN OMAR BEN ALI ESSAADI,
AQD0256,ABDELRAHMMAN,Low quality a.k.a
AQD0256,BECHIR,Low quality a.k.a
AQD0256,DAH DAH,Low quality a.k.a
AQD0257,MU'TASSIM YAHYA 'ALI AL-RUMAYSH,
AQD0257,ABU-RAYHANAH,Low quality a.k.a
AQD0257,ABU-RAYHANAH AL-'ANSARI AL-JEDDAWI,Low quality a.k.a
AQD0257,HANDALAH,Low quality a.k.a
AQD0257,RAYHANAH,Low quality a.k.a
AQD0258,MUBARAK MUSHAKHAS SANAD MUBARAK AL-BATHALI,
AQD0258,ABU ABDULRAHMAN,Low quality a.k.a
AQD0258,MUBARAK MISHKHIS SANAD AL-BADHALI,Good quality a.k.a
AQD0258,MUBARAK AL-BATHALI,Good quality a.k.a
AQD0258,MUBARAK MISHKHAS SANAD AL-BATHALI,Good quality a.k.a
AQD0258,MUBARAK MISHKHIS SANAD AL-BATHALI,Good quality a.k.a
AQD0258,MUBARAK MISHKHAS SANAD AL-BAZALI,Good quality a.k.a
AQD0258,MOBARAK MESHKHAS SANAD AL-BTHALY,Good quality a.k.a
AQD0259,MUHAMMAD BAHRUM NAIM ANGGIH TAMTOMO,
AQD0259,ABU AISYAH,Low quality a.k.a
AQD0259,BAHRUN NAIM,Good quality a.k.a
AQD0259,ABU RAYAN,Low quality a.k.a
AQD0259,ABU RAYYAN,Low quality a.k.a
AQD0259,ANGGIH TAMTOMO,Good quality a.k.a
AQD0260,MUHAMMAD JAMAL ABD-AL RAHIM AHMAD AL-KASHIF,
AQD0260,MUHAMMAD JAMAL ABDU,Good quality a.k.a
AQD0260,MUHAMMAD JAMAL AHMAD ABDU,Low quality a.k.a
AQD0260,MUHAMMAD JAMAL ABDUH,Low quality a.k.a
AQD0260,ABU AHMAD,Low quality a.k.a
AQD0260,MUHAMMAD JAMAL ABU AHMAD,Low quality a.k.a
AQD0260,MOHAMMAD JAMAL ABDO AHMED,Low quality a.k.a
AQD0260,MUHAMMAD JAMAL ABDO AL KASHEF,Good quality a.k.a
AQD0260,MUHAMMAD JAMAL ABD-AL RAHIM AL-KASHIF,Good quality a.k.a
AQD0260,MUHAMMAD JAMAL ABD-AL RAHIM AHMAD AL-KASHIF,Good quality a.k.a
AQD0260,MUHAMMAD JAMAL ABDO AL-KASHIF,Good quality a.k.a
AQD0260,ABU JAMAL,Low quality a.k.a
AQD0260,MUHAMMAD JAMAL,Good quality a.k.a
AQD0260,RIYADH,Low quality a.k.a
AQD0261,MUHAMMAD JABRIL ABDUL RAHMAN,
AQD0261,MUHAMMAD JIBRIEL ABDUL RAHMAN,Good quality a.k.a
AQD0261,MOHAMMAD JIBRIEL ABDURRAHMAN,Good quality a.k.a
AQD0261,MOHAMMAD JIBRIL ABDURRAHMAN,Good quality a.k.a
AQD0261,MUHAMAD RICKY ARDHAN,Good quality a.k.a
AQD0261,MUHAMMAD RICKY ARDHAN BIN MUHAMMAD IQBAL,Good quality a.k.a
AQD0261,MUHAMMAD RICKY ARDHAN BIN ABU JIBRIL,Good quality a.k.a
AQD0261,HERIS SYAH,Low quality a.k.a
AQD0261,MUHAMMAD YUNUS,Low quality a.k.a
AQD0262,MUHAMMAD SHOLEH IBRAHIM,
AQD0262,MOHAMMAD SHOLEH IBRAHIM,Good quality a.k.a
AQD0262,MUH SHOLEH IBRAHIM,Good quality a.k.a
AQD0262,MUHAMMAD SOLEH IBRAHIM,Good quality a.k.a
AQD0262,MUHAMMAD SHOLEH IBROHIM,Good quality a.k.a
AQD0263,MUHAMMED REZA LAHAMAN KIRAM,
AQD0263,ABU ABDUL RAHMAN AL FILIPINI,Low quality a.k.a
AQD0263,ABDUL RAHMAN,Low quality a.k.a
AQD0263,ABTOL RAHMAN,Low quality a.k.a
AQD0264,MUHANNAD AL-NAJDI,
AQD0264,GHASSAN AL-TAJIKI,Low quality a.k.a
AQD0264,ALI MANAHI ALI AL-MAHAYDALI AL-'UTAYBI,Good quality a.k.a
AQD0265,MUSHIN FADHIL AYED ASHOUR AL-FADHLI,
AQD0265,MUHSIN FADHIL 'AYYID AL FADHLI,Good quality a.k.a
AQD0265,MUHSIN FADIL AYID ASHUR AL FADHLI,Good quality a.k.a
AQD0265,ABU SAMIA,Good quality a.k.a
AQD0265,ABU MAJID SAMIYAH,Good quality a.k.a
AQD0266,MURAD IRAKLIEVICH MARGOSHVILI,
AQD0266,ABU-MUSLIM AL-SHISHANI,Good quality a.k.a
AQD0266,ARTHUR,Low quality a.k.a
AQD0266,GEORGE,Low quality a.k.a
AQD0266,JOHN,Low quality a.k.a
AQD0266,LAVA,Low quality a.k.a
AQD0266,LOVA MADAYEV,Good quality a.k.a
AQD0266,MURAD AKHMEDOVICH MADAYEV,Good quality a.k.a
AQD0266,ZURAB IRAKLIEVICH MARGOSHVILI,Good quality a.k.a
AQD0266,MUSLIM,Low quality a.k.a
AQD0266,SEDOY,Low quality a.k.a
AQD0267,MUSTAFA HAJJI MUHAMMAD KHAN,
AQD0267,ABU- SHAYMA,Low quality a.k.a
AQD0267,ABU-SHAIMA,Low quality a.k.a
AQD0267,ABU GHARIB D,Low quality a.k.a
AQD0267,HASSAN GHUL,Good quality a.k.a
AQD0267,HASAN GUL,Good quality a.k.a
AQD0267,HASSAN GUL,Good quality a.k.a
AQD0267,KHALID MAHMUD,Good quality a.k.a
AQD0267,MUSTAFA MUHAMMAD,Low quality a.k.a
AQD0267,AHMAD SHAHJI,Low quality a.k.a
AQD0268,MUTHANNA HARITH SALMAN AL-DARI,
AQD0268,MUTHANA HARITH AL DARI,Good quality a.k.a
AQD0268,MUTHANNA AL DARI,Good quality a.k.a
AQD0268,MUTHANA HARIS AL-DARI,Good quality a.k.a
AQD0268,MUTHANNA AL-DARI,Good quality a.k.a
AQD0268,MUTHANNA HARETH AL-DARI,Good quality a.k.a
AQD0268,MUTHANNA HARITH SULAYMAN AL-DARI,Good quality a.k.a
AQD0268,MUTHANA HARIS AL-DHARI,Good quality a.k.a
AQD0268,MUTHANNA HARETH AL-DHARI,Good quality a.k.a
AQD0268,MUTHANNA HARITH SULAYMAN AL-DHARI,Good quality a.k.a
AQD0268,MUTHANNA HARITH SULAYMAN AL DARI AL-ZAWBA',Good quality a.k.a
AQD0268,MUTHANNA HARITH SULAYMAN AL-DARI AL-ZAWBA'I,Good quality a.k.a
AQD0268,MUTHANNA HARITH SULAYMAN AL-DARI AL-ZOBAI,Good quality a.k.a
AQD0268,MUTHANNA HARITH AL-DARI AL-ZOWBAI,Good quality a.k.a
AQD0269,MYRNA AJIJUL MABANZA,
AQD0269,MYRNA ADIJUL MABANZA,Good quality a.k.a
AQD0269,MYRNA AJILUL MABANZA,Good quality a.k.a
AQD0270,NAJMUDDIN FARAJ AHMAD,
AQD0270,FATEH NAJM EDDINE FARRAJ,Good quality a.k.a
AQD0270,MULLAH KREKAR,Good quality a.k.a
AQD0270,FARAJ AHMAD NAJMUDDIN,Good quality a.k.a
AQD0271,NASHWAN ABD AL-RAZZAQ ABD AL-BAQI,
AQD0271,ABU ABDALLAH,Low quality a.k.a
AQD0271,ABD AL-HADI AL-ANSARI,Low quality a.k.a
AQD0271,ABDUL HADI ARIF ALI,Good quality a.k.a
AQD0271,ABD AL-HADI AL-IRAQI,Good quality a.k.a
AQD0271,ABDAL AL-HADI AL-IRAQI,Good quality a.k.a
AQD0271,ABD AL-MUHAYMAN,Low quality a.k.a
AQD0271,ABDUL HADI AL-TAWEEL,Low quality a.k.a
AQD0271,ABU AYUB,Low quality a.k.a
AQD0271,OMAR UTHMAN MOHAMMED,Good quality a.k.a
AQD0272,NASSER AHMED MUTHANA,
AQD0272,ABDUL MUTHANA,Low quality a.k.a
AQD0272,ABU MUTHANA,Low quality a.k.a
AQD0272,ABU AL-YEMENI MUTHANA,Low quality a.k.a
AQD0272,NASIR MUTHANA,Good quality a.k.a
AQD0272,ABU MUTHANNA,Low quality a.k.a
AQD0276,NESSIM BEN ROMDHANE SAHRAOUI,
AQD0276,NASIM AL-SAHRAWI,Good quality a.k.a
AQD0276,DASS,Good quality a.k.a
AQD0277,NOUREDDINE BEN ALI BEN BELKASSEM AL-DRISSI,
AQD0277,ABOU ALI,Low quality a.k.a
AQD0277,FAYCAL,Low quality a.k.a
AQD0277,DRISSI NOUREDDINE,Good quality a.k.a
AQD0278,NURJAMAN ISAMUDDIN RIDUAN,
AQD0278,HAMBALI BIN ENDING,Good quality a.k.a
AQD0278,HAMBALI,Good quality a.k.a
AQD0278,HAMBALI ENDING HAMBALI,Good quality a.k.a
AQD0278,NURJAMAN RIDUAN ISOMUDDIN,Good quality a.k.a
AQD0278,NURJAMAN,Good quality a.k.a
AQD0278,ENCEP NURJAMAN,Good quality a.k.a
AQD0278,ISAMUDDIN RIDUAN,Good quality a.k.a
AQD0278,ISAMUDIN RIDWAN,Good quality a.k.a
AQD0279,NUSRET IMAMOVIC,
AQD0279,NUSRET SULEJMAN IMAMOVIC,Good quality a.k.a
AQD0280,OMAN ROCHMAN,
AQD0280,OMAN ABDULROHMAN,Good quality a.k.a
AQD0280,AMAN ABDURAHMAN,Good quality a.k.a
AQD0280,AMAN ABDURRACHMAN,Good quality a.k.a
AQD0280,AMAN ABDURRAHMAN,Good quality a.k.a
AQD0280,OMAN ABDURRAHMAN,Good quality a.k.a
AQD0280,ABU SULAIMAN AMAN ABDURRAHMAN AL-ARKHABILIY,Good quality a.k.a
AQD0280,AMAN ABDUL RAHMAN,Good quality a.k.a
AQD0280,OMAN RAHMAN,Good quality a.k.a
AQD0281,OMAR ALI HUSSAIN,
AQD0281,ABU-SA'ID AL BRITANI,Low quality a.k.a
AQD0282,OMAR MAHMOUD UTHMAN,
AQD0282,ABU QATADA AL-FILISTINI,Good quality a.k.a
AQD0282,ABU ISMAIL,Good quality a.k.a
AQD0282,OMAR MOHAMMED OTHMAN,Good quality a.k.a
AQD0282,ABU UMR TAKFIRI,Good quality a.k.a
AQD0282,ABU OMAR ABU UMAR,Good quality a.k.a
AQD0282,ABU UMAR UMAR,Good quality a.k.a
AQD0282,AL-SAMMAN UTHMAN,Good quality a.k.a
AQD0282,UMAR UTHMAN,Good quality a.k.a
AQD0283,OTHMAN AHMED OTHMAN AL-GHAMDI,
AQD0283,OTHMAN AHMED OTHMAN AL OMAIRAH,Good quality a.k.a
AQD0283,OTHMAN BIN AHMED BIN OTHMAN ALGHAMDI,Good quality a.k.a
AQD0283,AL UMAIRAH AL-GHAMDI,Low quality a.k.a
AQD0283,OTHMAN AL-GHAMDI,Good quality a.k.a
AQD0283,UTHMAN AL-GHAMDI,Good quality a.k.a
AQD0283,UTHMAN AHMAD UTHMAN AL-GHAMDI,Good quality a.k.a
AQD0283,UTHMAN AL-GHAMIDI,Good quality a.k.a
AQD0283,OTHMAN AHMED OTHMAN AL-OMIRAH,Good quality a.k.a
AQD0283,OTHMAN BIN AHMED BIN OTHMAN,Low quality a.k.a
AQD0284,OUMAR DIABY,
AQD0284,OMSEN,Low quality a.k.a
AQD0284,OUMAR OMSEN,Low quality a.k.a
AQD0285,PARLINDUNGAN SIREGAR,
AQD0285,PARLIN SIREGAR,Good quality a.k.a
AQD0285,SALEH PARLINDUNGAN SIREGAR,Good quality a.k.a
AQD0286,PETER CHERIF,
AQD0287,PIO ABOGNE DE VERA,
AQD0287,TITO ART,Low quality a.k.a
AQD0287,DAVE,Low quality a.k.a
AQD0287,ISMAEL DE VERA,Good quality a.k.a
AQD0287,ISMAIL,Low quality a.k.a
AQD0287,KHALID,Low quality a.k.a
AQD0287,LEO,Low quality a.k.a
AQD0287,MANEX,Low quality a.k.a
AQD0288,QASIM MOHAMED MAHDI AL-RIMI,
AQD0288,QASIM MOHAMMED MAHDI AL REMI,Good quality a.k.a
AQD0288,QASSIM MOHAMMAD MAHDI AL RIMI,Good quality a.k.a
AQD0288,QASIM AL-RAMI,Good quality a.k.a
AQD0288,QASIM AL-RAYMI,Good quality a.k.a
AQD0288,QASSIM AL-RAYMI,Good quality a.k.a
AQD0288,QASIM AL-RIMI,Good quality a.k.a
AQD0288,QASIM YAHYA MAHDI 'ABD AL-RIMI,Low quality a.k.a
AQD0288,ABU HURAYAH AL-SANA'AI,Low quality a.k.a
AQD0288,ABU 'AMMAR,Low quality a.k.a
AQD0288,ABU HURAYRAH,Low quality a.k.a
AQD0289,RADI ABD EL SAMIE ABOU EL YAZID EL AYASHI,
AQD0289,MERA'I,Low quality a.k.a
AQD0290,RADULAN SAHIRON,
AQD0290,PUTOL,Low quality a.k.a
AQD0290,RADULLAN SAHIRON,Good quality a.k.a
AQD0290,RADULAN SAHIRUN,Good quality a.k.a
AQD0290,RADULAN SAJIRUN,Good quality a.k.a
AQD0291,RAED MUHAMMAD HASAN MUHAMMAD HIJAZI,
AQD0291,ABU-AHMAD AL-AMRIKI,Low quality a.k.a
AQD0291,ABU-AHMAD AL-HAWEN,Low quality a.k.a
AQD0291,RASHID AL-MAGHRIBI,Low quality a.k.a
AQD0291,ABU-AHMAD AL-SHAHID,Low quality a.k.a
AQD0291,RAED M. HIJAZI,Good quality a.k.a
AQD0291,RI'AD MUHAMMAD HASAN MUHAMMAD HIJAZI,Good quality a.k.a
AQD0291,THE AMERICAN,Low quality a.k.a
AQD0291,THE MOROCCAN,Low quality a.k.a
AQD0292,RAMZI MOHAMED ABDULLAH BINALSHIBH,
AQD0292,BINALSHIBH RAMSI MOHAMED ABDULLAH,Good quality a.k.a
AQD0292,BINALSHIBH RAMZI MOHAMMED ABDULLAH,Good quality a.k.a
AQD0292,RAMZI MOHAMED ABDELLAH OMAR HASSAN ALASSIRI,Good quality a.k.a
AQD0292,'UMAR MUHAMMAD 'ABDALLAH BA' AMAR,Good quality a.k.a
AQD0292,MOHAMED ALI ABDULLAH BAWAZIR,Good quality a.k.a
AQD0292,RAMZI BIN AL SHIBH,Good quality a.k.a
AQD0292,RAMZI MOHAMED ABDULLAH BINALSHEIDAH,Good quality a.k.a
AQD0292,RAMZI BINALSHIB,Good quality a.k.a
AQD0292,RAMZI OMAR,Low quality a.k.a
AQD0292,RAMZI MOHAMED ABDELLAH OMAR,Good quality a.k.a
AQD0292,ABU UBAYDAH,Good quality a.k.a
AQD0293,REDENDO CAIN DELLOSA,
AQD0293,ARNULFO ALVARADO,Good quality a.k.a
AQD0293,BRANDON BERUSA,Good quality a.k.a
AQD0293,HABIL AHMAD DELLOSA,Good quality a.k.a
AQD0293,DODONG,Low quality a.k.a
AQD0293,ABU ILONGGO,Good quality a.k.a
AQD0293,ABU MUADZ,Good quality a.k.a
AQD0293,TROY,Low quality a.k.a
AQD0293,UTHMAN,Low quality a.k.a
AQD0294,REDOUANE EL HABHAB,
AQD0294,ABDELRAHMAN,Good quality a.k.a
AQD0295,RICARDO PEREZ AYERAS,
AQD0295,ABDUL KAREEM AYERAS,Good quality a.k.a
AQD0295,ABDUL KARIM AYERAS,Good quality a.k.a
AQD0295,RICKY AYERAS,Low quality a.k.a
AQD0295,JIMBOY,Low quality a.k.a
AQD0295,ABDUL MUJIB,Low quality a.k.a
AQD0295,ISAAC JAY GALANG PEREZ,Low quality a.k.a
AQD0296,"RUBEN PESTANO LAVILLA, JR",
AQD0296,MIKE DE LAVILLA,Good quality a.k.a
AQD0296,ESO,Low quality a.k.a
AQD0296,JUNJUN,Low quality a.k.a
AQD0296,OMAR LABELLA,Good quality a.k.a
AQD0296,MILE D LAVILLA,Good quality a.k.a
AQD0296,OMAR LAVILLA,Good quality a.k.a
AQD0296,RAMO LAVILLA,Good quality a.k.a
AQD0296,REUBEN LAVILLA,Good quality a.k.a
AQD0296,REYMUND LAVILLA,Good quality a.k.a
AQD0296,ABDULLAH MUDDARIS,Good quality a.k.a
AQD0296,ALI OMAR,Good quality a.k.a
AQD0296,SHEIK OMAR,Good quality a.k.a
AQD0296,SO,Low quality a.k.a
AQD0297,RUSTAM MAGOMEDOVICH ASELDEROV,
AQD0297,ABU MUHAMMAD AL-KADARI,Low quality a.k.a
AQD0297,MUHAMADMUHTAR,Low quality a.k.a
AQD0297,ABU MUHAMMAD,Low quality a.k.a
AQD0298,SA'D BIN SA'D MUHAMMAD SHARIYAN AL-KA'BI,
AQD0298,UMAR AL-AFGHANI,Low quality a.k.a
AQD0298,SA'D AL-SHARYAN AL-KA'BI,Good quality a.k.a
AQD0298,SA'D BIN SA'D MUHAMMAD SHIRYAN AL-KA'BI,Good quality a.k.a
AQD0298,SA'D SA'D MUHAMMAD SHIRYAN AL-KA'BI,Good quality a.k.a
AQD0298,ABU HAZA',Low quality a.k.a
AQD0298,ABU HAZZA',Low quality a.k.a
AQD0298,ABU SA'D,Low quality a.k.a
AQD0298,ABU SUAD,Low quality a.k.a
AQD0299,SAID ARIF,
AQD0299,ABDALLAH,Low quality a.k.a
AQD0299,ABDERAHMANE,Good quality a.k.a
AQD0299,ABDULLAH,Low quality a.k.a
AQD0299,ABU ABDULLAH,Low quality a.k.a
AQD0299,ABDALLAH AL-JAZAIRI,Good quality a.k.a
AQD0299,SAID MOHAMED ARIF,Good quality a.k.a
AQD0299,SLIMANE CHABANI,Good quality a.k.a
AQD0299,OMAR GHARIB,Good quality a.k.a
AQD0299,SOULEIMAN,Good quality a.k.a
AQD0299,ABOU SOULEIMAN,Good quality a.k.a
AQD0300,SAID BAHAJI,
AQD0300,MOHAMED ABBATTAY,Low quality a.k.a
AQD0300,ABDERRAHMANE AL MAGHRIBI,Low quality a.k.a
AQD0300,ZOUHEIR AL MAGHRIBI,Good quality a.k.a
AQD0302,SAID JAN 'ABD AL-SALAM,
AQD0302,QAZI ABDALLAH,Low quality a.k.a
AQD0302,SA'ID JAN ABD-AL-SALAM,Good quality a.k.a
AQD0302,QAZI ABDULLAH,Low quality a.k.a
AQD0302,AZIZ CAIRO,Low quality a.k.a
AQD0302,QASI SA'ID JAN,Low quality a.k.a
AQD0302,SAID JHAN,Low quality a.k.a
AQD0302,DILAWAR KHAN ZAIN KHAN,Good quality a.k.a
AQD0302,FARHAN KHAN,Low quality a.k.a
AQD0302,NANGIALI,Low quality a.k.a
AQD0302,IBRAHIM WALID,Low quality a.k.a
AQD0303,SAIFI AMMARI,
AQD0303,ABDALARAK,Good quality a.k.a
AQD0303,ABDUL RASAK AMMANE ABU HAIDRA,Good quality a.k.a
AQD0303,EL OURASSI,Good quality a.k.a
AQD0303,EL PARA,Good quality a.k.a
AQD0303,ABOU HAIDARA,Good quality a.k.a
AQD0303,ABDERREZAK LE PARA,Good quality a.k.a
AQD0303,ABDERREZAK ZAIMECHE,Good quality a.k.a
AQD0304,SALAH EDDINE GASMI,
AQD0304,BOUNOUADER,Low quality a.k.a
AQD0304,BOUNOUADHER,Low quality a.k.a
AQD0304,ABOU MALEK,Good quality a.k.a
AQD0304,ABOU MOHAMED SALAH,Good quality a.k.a
AQD0305,SALEM NOR ELDIN AMOHAMED AL-DABSKI,
AQD0305,ABDALLAH AL- MASRI,Low quality a.k.a
AQD0305,ABU AL-WARD,Good quality a.k.a
AQD0305,ABU NAIM,Low quality a.k.a
AQD0305,ABDULLAH RAGAB,Good quality a.k.a
AQD0306,SALIM AHMAD SALIM HAMDAN,
AQD0306,SAQAR AL JADAWI,Good quality a.k.a
AQD0306,SAQR AL-JADDAWI,Good quality a.k.a
AQD0306,SAQAR ALJAWADI,Good quality a.k.a
AQD0306,SALEM AHMED SALEM HAMDAN,Good quality a.k.a
AQD0307,SALIM BENGHALEM,
AQD0308,SALIM MUSTAFA MUHAMMAD AL-MANSUR,
AQD0308,SALEEM AL-IFRI,Good quality a.k.a
AQD0308,SALIM MUSTAFA MUHAMMAD MANSUR AL-IFRI,Good quality a.k.a
AQD0308,HAJJI SALIM AL-SHAKLAR,Good quality a.k.a
AQD0308,SALIM MANSUR,Good quality a.k.a
AQD0308,SALIM MANSUR MUSTAFA,Good quality a.k.a
AQD0309,SALIM Y SALAMUDDIN JULKIPLI,
AQD0309,KIPLI SALI,Good quality a.k.a
AQD0309,JULKIPLI SALIM,Good quality a.k.a
AQD0310,SALLY-ANNE FRANCES JONES,
AQD0310,UMM HUSSAIN AL-BRITANI,Low quality a.k.a
AQD0310,SAKINAH HUSSAIN,Low quality a.k.a
AQD0311,SAMI BEN KHAMIS BEN SALEH ELSSEID,
AQD0311,OMAR EL MOUHAJER,Good quality a.k.a
AQD0311,SABER,Low quality a.k.a
AQD0312,MOHAMMED SALAHALDIN ABD EL HALIM ZIDANE,
AQD0312,SAYF-AL ADL,Good quality a.k.a
AQD0312,SEIF AL ADEL,Low quality a.k.a
AQD0312,SAIF AL-'ADIL,Low quality a.k.a
AQD0312,IBRAHIM AL-MADANI,Low quality a.k.a
AQD0312,MUHAMAD IBRAHIM MAKKAWI,Good quality a.k.a
AQD0313,SEIFALLAH BEN OMAR BEN MOHAMED BEN HASSINE,
AQD0313,ABOU AAYADH,Low quality a.k.a
AQD0313,ABU AYYAD AL-TUNISI,Low quality a.k.a
AQD0313,ABU IYYADH AL-TUNISI,Low quality a.k.a
AQD0313,SAIFALLAH BEN HASSINE,Good quality a.k.a
AQD0313,SEIFALLAH BEN AMOR BEN HASSINE,Good quality a.k.a
AQD0313,SEIF ALLAH BEN HOCINE,Good quality a.k.a
AQD0313,SAYF ALLAH 'UMAR BIN HASSAYN,Good quality a.k.a
AQD0313,SAYF ALLAH BIN HUSSAYN,Good quality a.k.a
AQD0313,ABOU IYADH EL-TOUNSI,Low quality a.k.a
AQD0313,ABOU IYADH,Low quality a.k.a
AQD0314,SHAFI SULTAN MOHAMMED AL-AJMI,
AQD0314,SHAYKH ABU-SULTAN,Low quality a.k.a
AQD0314,SHAFI AL-AJMI,Good quality a.k.a
AQD0314,SHEIKH SHAFI AL-AJMI,Good quality a.k.a
AQD0315,SHAMIL MAGOMEDOVICH ISMAILOV,
AQD0315,SHAMIL MAGOMEDOVICH ALIEV,Good quality a.k.a
AQD0315,ABU HANIFA,Low quality a.k.a
AQD0316,SHANE DOMINIC CRAWFORD,
AQD0316,ASAD,Low quality a.k.a
AQD0316,ASADULLAH,Low quality a.k.a
AQD0316,ABU SA'D AT-TRINIDADI,Low quality a.k.a
AQD0317,SOFIANE BEN GOUMO,
AQD0317,ABOU FARAI AL LIBI,Low quality a.k.a
AQD0317,SUFYAN BIN QUMU,Good quality a.k.a
AQD0318,SULAIMAN JASSEM SULAIMAN ALI ABO GHAITH,
AQD0318,ABO GHAITH,Low quality a.k.a
AQD0319,TARAD MOHAMMAD ALNORI ALFARES ALJARBA,
AQD0320,TARAK BEN TAHER BEN FALEH OUNI HARZI,
AQD0320,ABOU OMAR AL TOUNISI,Low quality a.k.a
AQD0321,TAREK BEN HABIB BEN AL-TOUMI AL-MAAROUFI,
AQD0321,ABOU ISMAIL AL DJOUNDOUBI,Good quality a.k.a
AQD0321,ABOU ISMAIL EL JENDOUBI,Good quality a.k.a
AQD0321,ABU ISMAIL,Good quality a.k.a
AQD0322,TARIQ ANWAR EL SAYED AHMED,
AQD0322,TAREK ANWAR EL SAYED AHMAD,Good quality a.k.a
AQD0322,HAMDI AHMAD FARAG,Good quality a.k.a
AQD0322,AMR AL-FATIH FATHI,Good quality a.k.a
AQD0323,TARKHAN ISMAILOVICH GAZIEV,
AQD0323,AB-BILAL,Low quality a.k.a
AQD0323,ABU-NASER,Low quality a.k.a
AQD0323,ABU ASIM,Low quality a.k.a
AQD0323,ABU BILAL,Low quality a.k.a
AQD0323,HUSAN ISAEVICH GAZIEV,Good quality a.k.a
AQD0323,TARKHAN ISAEVICH GAZIEV,Good quality a.k.a
AQD0323,HUSAN,Low quality a.k.a
AQD0323,RAMZAN ODUEV,Good quality a.k.a
AQD0323,SEVER,Low quality a.k.a
AQD0323,UMAR SULIMOV,Good quality a.k.a
AQD0323,WAINAKH,Low quality a.k.a
AQD0323,ABU YASIR,Low quality a.k.a
AQD0324,TARKHAN TAYUMURAZOVICH BATIRASHVILI,
AQD0324,ABU UMAR AL-SHISHANI,Low quality a.k.a
AQD0324,OMAR AL-SHISHANI,Low quality a.k.a
AQD0324,TARKHAN BATIRASHVILI,Good quality a.k.a
AQD0324,TARKHAN TAYUMURAZOVICH BATYRASHVILI,Good quality a.k.a
AQD0324,OMAR THE CHECHEN,Low quality a.k.a
AQD0324,OMER THE CHECHEN,Low quality a.k.a
AQD0324,UMAR THE CHECHEN,Low quality a.k.a
AQD0324,ABU HUDHAYFAH,Low quality a.k.a
AQD0324,CHECHEN OMAR,Low quality a.k.a
AQD0324,OMAR SHISHANI,Low quality a.k.a
AQD0324,UMAR SHISHANI,Low quality a.k.a
AQD0324,ABU UMAR,Low quality a.k.a
AQD0325,TAUFIK RIFKI,
AQD0325,AMY ERJA,Good quality a.k.a
AQD0325,AMMY ERZA,Good quality a.k.a
AQD0325,AMI IRAQ,Good quality a.k.a
AQD0325,AMI IRZA,Good quality a.k.a
AQD0325,AMMY IZZA,Good quality a.k.a
AQD0325,AMI KUSOMAN,Good quality a.k.a
AQD0325,IZZA KUSOMAN,Good quality a.k.a
AQD0325,ABU OBAIDA,Good quality a.k.a
AQD0325,OBAIDAH,Good quality a.k.a
AQD0325,ABU OBAIDAH,Good quality a.k.a
AQD0325,ABU OBAYDA,Good quality a.k.a
AQD0325,ABU OBEIDA,Good quality a.k.a
AQD0325,TAUFEK REFKE,Good quality a.k.a
AQD0325,TAUFIK RIFQI,Good quality a.k.a
AQD0325,TAWFIQ RIFQI,Good quality a.k.a
AQD0325,ABU UBAIDAH,Good quality a.k.a
AQD0325,ERIC YACUB,Good quality a.k.a
AQD0326,TAYEB NAIL,
AQD0326,MOHAMED OULD AHMED OULD ALI,Good quality a.k.a
AQD0326,DJAAFAR ABOU MOHAMED,Good quality a.k.a
AQD0326,ABOU MOUHADJIR,Good quality a.k.a
AQD0327,THARWAT SALAH SHIHATA,
AQD0327,TARWAT SALAH ABDALLAH,Good quality a.k.a
AQD0327,THARWAT SALAH SHIHATA ALI,Good quality a.k.a
AQD0327,SALAH SHIHATA THIRWAT,Good quality a.k.a
AQD0327,SHAHATA THIRWAT,Good quality a.k.a
AQD0330,UMAR MAHMUD IRHAYYIM AL-KUBAYSI,
AQD0330,OMAR MAHMOOD IRHAYYIM AL-FAYYADH,Good quality a.k.a
AQD0330,OMAR MAHMOOD IRHAYYIM AL-FAYYADH AL-KOBAISI,Good quality a.k.a
AQD0330,UMAR AL-KUBAYSI,Good quality a.k.a
AQD0330,UMAR MAHMUD RAHIM AL-KUBAYSI,Good quality a.k.a
AQD0330,UMAR MAHMUD RAHIM AL-QUBAYSI,Good quality a.k.a
AQD0330,UMAR MAHMUD ARHAYM,Good quality a.k.a
AQD0330,UMAR MAHMUD AL-KUBAYSI ARHAYM,Good quality a.k.a
AQD0330,OMAR MAHMOOD IRHAYYIM,Good quality a.k.a
AQD0330,UMAR MAHMUD RAHIM,Good quality a.k.a
AQD0331,UMAR PATEK,
AQD0331,AL ABU SYEKH AL ZACKY,Low quality a.k.a
AQD0331,MIKE ARSALAN,Good quality a.k.a
AQD0331,ANIS ALAWI JAFAR,Good quality a.k.a
AQD0331,UMAR KECIL,Low quality a.k.a
AQD0331,UMANGIS MIKE,Low quality a.k.a
AQD0331,OMAR PATEK,Good quality a.k.a
AQD0331,PA'TEK,Low quality a.k.a
AQD0331,PAK TAEK,Low quality a.k.a
AQD0331,HISYAM BIN ZEIN,Good quality a.k.a
AQD0332,WIJI JOKO SANTOSO,
AQD0332,ABU SEIF AL-JAWI,Low quality a.k.a
AQD0332,WIJIJOKO SANTOSO,Good quality a.k.a
AQD0332,ABU SEIF,Low quality a.k.a
AQD0333,YAHIA DJOUADI,
AQD0333,ABOU ALA,Good quality a.k.a
AQD0333,YAHIA ABOU AMMAR,Good quality a.k.a
AQD0334,YASSIN CHOUKA,
AQD0334,ABU IBRAHEEM,Low quality a.k.a
AQD0335,YASSIN SYAWAL,
AQD0335,MAHMUD,Low quality a.k.a
AQD0335,YASIN MAHMUD MOCHTAR,Good quality a.k.a
AQD0335,ABU MUAMAR,Low quality a.k.a
AQD0335,MUBAROK,Low quality a.k.a
AQD0335,MUHAMAD MUBAROK,Good quality a.k.a
AQD0335,ABU SETA,Low quality a.k.a
AQD0335,MUHAMMAD SYAWAL,Good quality a.k.a
AQD0335,YASSIN SYWAL,Good quality a.k.a
AQD0335,ABDUL HADI YASIN,Good quality a.k.a
AQD0335,SALIM YASIN,Good quality a.k.a
AQD0337,YAZID SUFAAT,
AQD0337,JOE,Low quality a.k.a
AQD0337,ABU ZUFAR,Low quality a.k.a
AQD0338,YUNOS UMPARA MOKLIS,
AQD0338,HADJI ONOS,Low quality a.k.a
AQD0338,MUKHLIS YUNOS,Good quality a.k.a
AQD0338,MUKLIS YUNOS,Good quality a.k.a
AQD0338,SAIFULLA MOKLIS YUNOS,Good quality a.k.a
AQD0338,SAIFULLAH MUKHLIS YUNOS,Good quality a.k.a
AQD0339,ZAFAR IQBAL,
AQD0339,ZAFAR IQBAL CHAUDHRY,Low quality a.k.a
AQD0339,MALIK ZAFAR IQBAL,Good quality a.k.a
AQD0339,MUHAMMAD ZAFAR IQBAL,Low quality a.k.a
AQD0339,ZAFFER IQBAL,Good quality a.k.a
AQD0339,MALIK ZAFAR IQBAL SHAHBAZ,Good quality a.k.a
AQD0339,MALIK ZAFAR IQBAL SHEHBAZ,Good quality a.k.a
AQD0340,ZAKARYA ESSABAR,
AQD0340,ZAKARIYA ESSABAR,Good quality a.k.a
AQD0341,ZAKI EZAT ZAKI AHMED,
AQD0341,RIF'AT SALIM,Good quality a.k.a
AQD0341,ABU USAMA,Good quality a.k.a
AQD0342,ZAKI-UR-REHMAN LAKHVI,
AQD0342,ABU WAHEED IRSHAD AHMAD ARSHAD,Good quality a.k.a
AQD0342,CHACHAJEE,Low quality a.k.a
AQD0342,ZAKI UR-REHMAN LAKVI,Good quality a.k.a
AQD0342,ZAKIR REHMAN LAKVI,Good quality a.k.a
AQD0342,ZAKIR REHMAN,Good quality a.k.a
AQD0342,KAKI UR-REHMAN,Good quality a.k.a
AQD0343,ZAURBEK SALIMOVICH GUCHAEV,
AQD0343,ABDUL AZIZ,Low quality a.k.a
AQD0343,AZIZ,Low quality a.k.a
AQD0343,BACH,Low quality a.k.a
AQD0343,FACKIH,Low quality a.k.a
AQD0343,MUSLIM,Low quality a.k.a
AQD0343,VOSTOCHNIY,Low quality a.k.a
AQD0344,ARIS SUMARSONO,
AQD0344,ABDUL,Low quality a.k.a
AQD0344,ABDULLAH ABDURRAHMAN,Low quality a.k.a
AQD0344,ABDURRAHMAN,Low quality a.k.a
AQD0344,DAUD,Low quality a.k.a
AQD0344,MBAH ZUL,Low quality a.k.a
AQD0344,MURSHID,Low quality a.k.a
AQD0344,PAK UD,Low quality a.k.a
AQD0344,ARIF SUNARSO,Good quality a.k.a
AQD0344,ARIS SUNARSO,Good quality a.k.a
AQD0344,ZAINAL ARIFIN,Low quality a.k.a
AQD0344,ZUL,Low quality a.k.a
AQD0344,USTAD DAUD ZULKARNAEN,Good quality a.k.a
AQD0344,ZULKARNAIN,Good quality a.k.a
AQD0344,ZULKARNAN,Good quality a.k.a
AQD0344,ZULKARNEN,Good quality a.k.a
AQD0344,ZULKARNIN,Good quality a.k.a
AQD0355,TARIQ GIDAR GROUP (TGG),
AQD0355,COMMANDER TARIQ AFRIDI GROUP,
AQD0355,TARIQ AFRIDI GROUP,
AQD0355,TARIQ GEEDAR GROUP,
AQD0355,TARIQ GIDAR AFRIDI GROUP,
AQD0355,TEHREEK-I-TALIBAN PAKISTAN GEEDAR GROUP,
AQD0355,TEHRIK-E-TALIBAN-TARIQ GIDAR GROUP,
AQD0355,THE ASIAN TIGERS,
AQD0355,TTP GEEDAR GROUP,
AQD0355,TTP-TARIQ GIDAR GROUP,
AQD0356,HAMZA USAMA MUHAMMAD BIN LADEN,
AQD0357,ISLAMIC STATE IN IRAQ AND THE LEVANT - KHORASAN (ISIL- K),
AQD0357,ISIL KHORASAN,
AQD0357,ISIL'S SOUTH ASIA BRANCH,
AQD0357,ISIS WILAYAT KHORASAN,
AQD0357,ISISK,
AQD0357,ISIS-K,
AQD0357,IS-KHORASAN,
AQD0357,ISLAMIC STATE KHURASAN,
AQD0357,ISLAMIC STATE OF IRAQ AND LEVANT IN KHORASAN PROVINCE,
AQD0357,ISLAMIC STATE'S KHORASAN PROVINCE,
AQD0357,SOUTH ASIAN CHAPTER OF ISIL,
AQD0357,THE ISLAMIC STATE OF IRAQ AND ASH-SHAM - KHORASAN PROVINCE,
AQD0357,THE ISLAMIC STATE OF IRAQ AND SYRIA - KHORASAN,
AQD0358,MOHAMMED MASOOD AZHAR ALVI,
AQD0358,MASUD AZHAR,Low quality a.k.a
AQD0358,WALI ADAM ESAH,Low quality a.k.a
AQD0358,WALI ADAM ISAH,Low quality a.k.a
AQD0359,ALI MAYCHOU,
AQD0359,ABDERAHMANE AL MAGHREBI,Good quality a.k.a
AQD0359,ABDERRAHMANE LE MAROCAIN,Good quality a.k.a
AQD0359,ABOU ABDERAHMANE SANHAJI,Low quality a.k.a
AQD0361,BAH AG MOUSSA,
AQD0361,AG MOSSA,Good quality a.k.a
AQD0361,AMMI SALIM,Good quality a.k.a
AQD0362,NOOR WALI MEHSUD,
AQD0362,ABU MANSOOR ASIM,Good quality a.k.a
AQD0363,JAMAL HUSSEIN HASSAN ZEINIYE,
AQD0363,ABU-MALIK AL- TALLI,Low quality a.k.a
AQD0363,ABU-MALIK AL-ANSARI,Low quality a.k.a
AQD0363,ABU-MALIK AL-SHAMI,Low quality a.k.a
AQD0363,ABU HUSSEIN,Low quality a.k.a
AQD0363,ABU MALEK EL TALLEH,Low quality a.k.a
AQD0363,JAMAL HUSAYN ZAYNIYAH,Good quality a.k.a
AQD0364,AMADOU KOUFA,
AQD0364,AMADOU BARRY,Good quality a.k.a
AQD0364,HAMADOU KOUFA,Good quality a.k.a
AQD0364,HAMADOUN KOUFA,Good quality a.k.a
AQD0364,AMADOU KOUFFA,Good quality a.k.a
AQD0364,HAMADOU KOUFFA,Good quality a.k.a
AQD0364,HAMADOUN KOUFFA,Good quality a.k.a
AQD0365,ISLAMIC STATE WEST AFRICA PROVINCE (ISWAP),
AQD0365,ISLAMIC STATE IN IRAQ AND THE LEVANT - WEST AFRICA (ISIL-WA),
AQD0365,ISLAMIC STATE OF IRAQ AND SYRIA - WEST AFRICA (ISIS-WA),
AQD0365,ISLAMIC STATE OF IRAQ AND SYRIA WEST AFRICA PROVINCE (ISISWAP),
AQD0365,ISLAMIC STATE OF IRAQ AND THE LEVANT - WEST AFRICA,
AQD0366,ISLAMIC STATE IN THE GREATER SAHARA (ISGS),
AQD0366,ISIS IN THE GREATER SAHARA,
AQD0366,ISIS IN THE GREATER SAHEL,
AQD0366,ISIS IN THE ISLAMIC SAHEL,
AQD0366,ISLAMIC STATE IN IRAQ AND SYRIA - GREATER SAHARA (ISIS-GS),
AQD0366,ISLAMIC STATE OF IRAQ AND SYRIA - GREATER SAHARA (ISIS-GS),
AQD0366,ISLAMIC STATE OF IRAQ AND THE LEVANT - GREATER SAHARA (ISIL-GS),
AQD0366,ISLAMIC STATE OF THE GREATER SAHEL,
AQD0367,JAMAAH ANSHARUT DAULAH,
AQD0367,JAMAAH ANSHARUT DAULAT,
AQD0367,JEMAAH ANSHORUT DAULAH,
AQD0368,ISLAMIC STATE IN IRAQ AND THE LEVANT - LIBYA,
AQD0368,ISLAMIC STATE OF IRAQ AND THE LEVANT IN LIBYA,
AQD0368,WILAYAT AL-TARABLUS,
AQD0368,WILAYAT BARQA,
AQD0368,WILAYAT FEZZAN,
AQD0368,WILAYAT TARABLUS,
AQD0368,WILAYAT TRIPOLITANIA,
AQD0369,ISLAMIC STATE IN IRAQ AND THE LEVANT - YEMEN,
AQD0369,ISIL IN YEMEN,
AQD0369,ISIS IN YEMEN,
AQD0369,ISLAMIC STATE IN YEMEN,
AQD0369,ISLAMIC STATE OF IRAQ AND THE LEVANT OF YEMEN,
AQD0369,"WILAYAT AL-YEMEN, PROVINCE OF YEMEN",
AQD0370,AMIR MUHAMMAD SA'ID ABDAL-RAHMAN AL-SALBI,
AQD0370,HAJJI ABDALLAH,Good quality a.k.a
AQD0370,USTADH AHMAD,Low quality a.k.a
AQD0370,HAJJI ABDULLAH AL-AFARI,Good quality a.k.a
AQD0370,AMIR MUHAMMAD SA'ID ABDAL-RAHMAN AL-MAWLA,Good quality a.k.a
AQD0370,MUHAMMAD SA'ID ABD-AL-RAHMAN AL-MAWLA,Good quality a.k.a
AQD0370,AMIR MUHAMMAD SA'ID ' ABD-AL-RAHMAN MUHAMMAD AL-MULA,Good quality a.k.a
AQD0370,ABU IBRAHIM AL-HASHIMI AL-QURASHI,Good quality a.k.a
AQD0370,ABU 'UMAR AL-TURKMANI,Good quality a.k.a
AQD0370,AL-USTADH,Low quality a.k.a
AQD0370,ABDULLAH QARDASH,Good quality a.k.a
AQD0370,ABU 'ABDULLAH QARDASH,Good quality a.k.a
AQD0370,AL-HAJJ ABDULLAH QARDASH,Good quality a.k.a
AQD0370,ABDUL AMIR MUHAMMAD SA'ID SALBI,Good quality a.k.a
AQD0371,MEHREZ BEN MAHMOUD BEN SASSI AL-AMDOUNI,
AQD0371,MEHEREZ BEN AHDOUD BEN AMDOUNI,Good quality a.k.a
AQD0371,AMDOUNI MEHREZ BEN TAH,Good quality a.k.a
AQD0371,FABIO FUSCO,Good quality a.k.a
AQD0371,MEHEREZ HAMDOUNI,Good quality a.k.a
AQD0371,MOHAMED HASSAN,Good quality a.k.a
AQD0371,ABU THALE,Low quality a.k.a
AQD0372,MOHAMMAD ALI AL HABBO,
AQD0372,MUHAMMAD ABD-AL-KARIM,Good quality a.k.a
AQD0372,MOHAMAD ABDULKARIM,Good quality a.k.a
AQD0372,AL-HABU,Low quality a.k.a
AQD0372,AL-HEBO,Low quality a.k.a
AQD0372,ALHOBO,Low quality a.k.a
AQD0372,HABO,Low quality a.k.a
AQD0372,HABU,Low quality a.k.a
AQD0372,HEBBO,Low quality a.k.a
AQD0373,ABU JIHAD TNT,Low quality a.k.a
AQD0374,SANAULLAH AL MUHAJIR,
AQD0374,SHAHAB GHAFARI,
AQD0374,SHIHAB GHAFARI,
AQD0374,SANAULLAH MAHAJAR,
AQD0374,SANAULLAH MOHAJIR,
AQD0374,SANAULLAH MUHAJER,
AQD0374,SHAHAB AL MUHAJIR,Good quality a.k.a
AQD0374,SHIHAB AL MUHAJIR,Good quality a.k.a
AQD0374,SHAHAB MAHAJAR,Good quality a.k.a
AQD0374,SHIHAB MAHAJAR,Good quality a.k.a
AQD0374,SHAHAB MOHAJIR,Good quality a.k.a
AQD0374,SHIHAB MOHAJIR,Good quality a.k.a
AQD0374,SHAHAB MUHAJER,Good quality a.k.a
AQD0374,SHIHAB MUHAJER,Good quality a.k.a
AQD0375,ASHRAF AL-GIZANI,Good quality a.k.a
AQD0375,ABU 'UBAYDAH AL-KAFI,Good quality a.k.a
AQD0375,ACHRAF BEN FATHI BEN MABROUK GUIZANI,Good quality a.k.a
AQD0375,ACHREF BEN FETHI BEN MABROUK GUIZANI,Good quality a.k.a
AQD0376,ISIL-TUNISIA,
AQD0376,AJNAD,
AQD0376,DAESH TUNISIA,
AQD0376,ISIL-TUNISIA PROVINCE,
AQD0376,JUND AL KHILAFAH,
AQD0376,JUND AL-KHILAFA,
AQD0376,JUND AL-KHILAFAH FI TUNIS,
AQD0376,SOLDIERS OF THE CALIPHATE,
AQD0376,SOLDIERS OF THE CALIPHATE IN TUNISIA,
AQD0376,TALA I JUND AL-KHILAFAH,
AQD0376,VANGUARDS OF THE SOLDIERS OF THE CALIPHATE,
AQD0377,JAMA'AT AL-TAWHID WAL-JIHAD,
AQD0377,JANNAT OSHIKLARI,
AQD0378,DAWLATUL ISLAMIYAH WALIYATUL MASHRIQ,
AQD0378,ISLAMIC STATE EAST ASIA DIVISION,
AQD0379,ABDUL RAHMAN MAKKI,Good quality a.k.a
AQD0379,ABDUR RAHMAN MAKKI,Good quality a.k.a
AQD0379,ABDUR REHMAN MAKKI,Good quality a.k.a
AQD0379,HAFIZ ABDUL RAHMAN MAKKI,Good quality a.k.a
AQD0379,HAFIZ ABDUL REHMAN MAKKI,Good quality a.k.a
AQD0379,HAFIZ ABDUL REHMAN,Good quality a.k.a
AQD0383,MAULAWI RAJAB SALAHUDIN,Good quality a.k.a
AQD0388,ABUBAKER SWALEH,Good quality a.k.a
AQD0388,TOM KIYURIGE,Good quality a.k.a
AQD0389,SAMI AL-AJUZ,Low quality a.k.a
AQD0389,MUSTAFA ADNAN AL-AZIZ,Good quality a.k.a
AQD0389,HAMID,Low quality a.k.a
AQD0390,ABU OMAR AL SARRAF,Good quality a.k.a
AQD0391,HAMIDAH NABAGGAKA,Low quality a.k.a
AQD0391,HAMIDA NABAGGALA,Low quality a.k.a
BEL0001,ULADZIMIR ULADZIMIRAVICH NAVUMAU,
BEL0001,ULADZIMIR ULADZIMIRAVICH NAUMOV,
BEL0001,VLADIMIR VLADIMIROVICH NAUMOV,
BEL0001,VLADIMIR VLADIMIROVICH NAVAMAU,
BEL0001,VLADIMIR VLADIMIROVICH NAVUMAU,
BEL0002,DZMITRY VALERIYEVICH PAULICHENKA,
BEL0002,DMITRI VALERIEVICH PAULICHENKA,
BEL0002,DMITRIY VALERIEVICH PAULICHENKA,
BEL0002,DMITRIY VALERIYEVICH PAULICHENKA,
BEL0002,DZMITRY PAULICHENKA,
BEL0002,DMITRI VALERIEVICH PAULICHENKO,
BEL0002,DMITRIY VALERIEVICH PAULICHENKO,
BEL0002,DMITRIY VALERIYEVICH PAULICHENKO,
BEL0002,DZMITRY PAULICHENKO,
BEL0002,DZMITRY VALERIYEVICH PAULICHENKO,
BEL0002,DMITRI VALERIEVICH PAVLICHENKO,
BEL0002,DMITRI VALERIYEVICH PAVLICHENKO,
BEL0002,DMITRIY VALERIEVICH PAVLICHENKO,
BEL0002,DMITRIY VALERIYEVICH PAVLICHENKO,
BEL0002,DZMITRY PAVLICHENKO,
BEL0002,DZMITRY VALERIYEVICH PAVLICHENKO,
BEL0003,VIKTAR ULADZIMIRAVICH SHEIMAN,
BEL0003,VIKTOR ULADIMIRAVICH SHEIMAN,
BEL0003,VIKTOR ULAZIMIRAVICH SHEIMAN,
BEL0003,VIKTOR VLADIMIROVICH SHEIMAN,
BEL0003,VIKTAR ULADZIMIRAVICH SHEYMAN,
BEL0003,VIKTOR ULADIMIRAVICH SHEYMAN,
BEL0003,VIKTOR VLADIMIROVICH SHEYMAN,
BEL0004,IURY LEANIDAVICH SIVAKAU,
BEL0004,LURY LEANIDAVICH SIVAKAU,
BEL0004,YURI LEONIDOVICH SIVAKAU,
BEL0004,YURY LEANIDAVICH SIVAKAU,
BEL0004,IURY LEANIDAVICH SIVAKOV,
BEL0004,YURI LEONIDAVICH SIVAKOV,
BEL0004,YURI LEONIDOVICH SIVAKOV,
BEL0004,YURY LEANIDAVICH SIVAKOV,
BEL0005,YURI KHADZIMURATOVICH KARAEV,
BEL0005,YURI KHADZIMURATAVICH KARAEU,
BEL0005,YURI KHADZIMURATOVICH KARAEU,
BEL0005,YURI KHADZIMURATAVICH KARAEV,
BEL0005,YURY KHADZHIMURATAVICH KARAYEU,
BEL0006,GENADZ ARKADZIEVICH KAZAKEVICH,
BEL0006,GENNADI ARKADIEVICH KAZAKEVICH,
BEL0007,ALEXANDER PETROVICH BARSUKOV,
BEL0007,ALEXANDER PETROVICH BARSUKOU,
BEL0007,ALEXSANDR PETROVICH BARSUKOU,
BEL0007,ALIAKSANDR PIATROVICH BARSUKOU,
BEL0007,ALYAKSANDR PETROVICH BARSUKOU,
BEL0007,ALYAKSANDR PIATROVICH BARSUKOU,
BEL0007,ALEXSANDR PETROVICH BARSUKOV,
BEL0007,ALIAKSANDR PIATROVICH BARSUKOV,
BEL0007,ALYAKSANDR PETROVICH BARSUKOV,
BEL0007,ALYAKSANDR PIATROVICH BARSUKOV,
BEL0008,SIARHEI MIKALAEVICH KHAMENKA,
BEL0008,SERGEI NIKOLAEVICH KHAMENKA,
BEL0008,SERGEI NIKOLAEVICH KHOMENKO,
BEL0008,SIARHEI MIKALAEVICH KHOMENKO,
BEL0009,YURI GENNADYEVICH NAZARENKO,
BEL0009,YURI GENADZEVICH NAZARANKA,
BEL0009,YURI GENNADIEVICH NAZARANKA,
BEL0009,YURI GENNADYEVICH NAZARANKA,
BEL0009,YURI GENADZEVICH NAZARENKO,
BEL0009,YURI GENNADIEVICH NAZARENKO,
BEL0010,KHAZALBEK BAKHTIBEKOVICH ATABEKOV,
BEL0010,KHAZALBEK BAKHTIBEKAVICH ATABEKOV,
BEL0010,KHAZALBEK BAKTIBEKAVICH ATABEKOV,
BEL0010,KHAZALBEK BAKHTIBEKAVICH,
BEL0010,KAZALBEK BAKTIBEKAVICH,
BEL0011,ALIAKSANDR VALERIEVICH BYKAU,
BEL0011,ALEXANDER VALERIEVICH BYKAU,
BEL0011,ALYAKSANDR BYKAU,
BEL0011,ALEXANDER BYKOV,
BEL0011,ALEXANDER VALERIEVICH BYKOV,
BEL0011,ALIAKSANDR VALERIEVICH BYKOV,
BEL0012,ALIAKSANDR SVIATASLAVAVICH SHEPELEU,
BEL0012,ALEXANDER SVYATOSLAVOVICH SHEPELEU,
BEL0012,ALEKSANDR SVYATASLAVAVICH SHEPELEV,
BEL0012,ALEXANDER SVYATOSLAVOVICH SHEPELEV,
BEL0012,ALIAKSANDR SVIATASLAVAVICH SHEPELEV,
BEL0013,DMITRY VLADMIROVICH BALABA,
BEL0013,DMITRY VLADIMIROVICH BALABA,
BEL0013,DZMITRY ULADZIMIRAVICH BALABA,
BEL0013,DZMITRY VLADZIMIRAVICH BALABA,
BEL0014,IVAN ULADZIMIRAVICH KUBRAKOU,
BEL0014,IVAN VLADIMIROVICH KUBRAKOU,
BEL0014,IVAN ULADZIMIRAVICH KUBRAKOV,
BEL0014,IVAN VLADIMIROVICH KUBRAKOV,
BEL0015,MAXIM ALIAKSANDRAVICH GAMOLA,
BEL0015,MAXIM ALEXANDROVICH GAMOLA,
BEL0016,ALIAKSANDR MIKHAILAVICH ALIASHKEVICH,
BEL0016,ALEXANDER MIKHAILOVICH ALESHKEVICH,
BEL0016,ALIAKSANDR MIKHAILAVICH ALESHKEVICH,
BEL0016,ALEXANDER MIKHAILOVICH ALIASHKEVICH,
BEL0017,ANDREI VASILIEVICH GALENKA,
BEL0017,ANDREY VASILIEVICH GALENKA,
BEL0018,ALIAKSANDR PAULAVICH VASILIEU,
BEL0018,ALEXANDER PAVLOVICH VASILIEU,
BEL0018,ALEXANDER PAVLOVICH VASILIEV,
BEL0018,ALIAKSANDR PAULOVICH VASILIEV,
BEL0019,ALEH MIKALAEVICH SHULIAKOUSKI,
BEL0019,OLEG NIKOLAEVICH SHULIAKOUSKI,
BEL0019,ALEH MIKALAEVICH SHULIAKOVSKI,
BEL0019,OLEG NIKOLAEVICH SHULIAKOVSKI,
BEL0020,ANATOL ANATOLIEVICH VASILIEU,
BEL0020,ANATOLI ANATOLIEVICH VASILIEU,
BEL0020,ANATOL ANATOLIEVICH VASILIEV,
BEL0020,ANATOLI ANATOLIEVICH VASILIEV,
BEL0021,ALIAKSANDR VIACHASLAVAVICH ASTREIKA,
BEL0021,ALEXANDER VIACHESLAVOVICH ASTREIKA,
BEL0021,ALEXANDER VIACHESLAVOVICH ASTREIKO,
BEL0021,ALIAKSANDR VIACHASLAVAVICH ASTREIKO,
BEL0022,LEANID VYACHESLAVOVICH ZHURAUSKI,
BEL0022,LEONID ZHURAUSKI,
BEL0022,LEANID VYACHESLAVOVICH ZHURAVSKI,
BEL0022,LEONID ZHURAVSKI,
BEL0022,LEONID VYACHESLAVOVICH ZHURAVSKI,
BEL0023,MIKHAIL ALEXANDROVICH DOMARNATSKY,
BEL0023,MIKHAIL ALEXANDROVICH DAMARNACKI,
BEL0023,MIKHAIL ALIAKSANDRAVICH DAMARNACKI,
BEL0023,MIKHAIL ALIAKSANDRAVICH DAMARNATSKI,
BEL0023,MIKHAIL ALIAKSANDRAVICH DOMARNATSKY,
BEL0024,MAXIM YAKOVLEVICH MIKHOVICH,
BEL0025,ALEH ULADZIMIRAVICH MATKIN,
BEL0025,OLEG VLADIMIROVITCH MATKIN,
BEL0026,IVAN YURIEVICH SAKALOUSKI,
BEL0026,IVAN YURIEVICH SOKOLOVSKI,
BEL0027,VALERI PAULAVICH VAKULCHYK,
BEL0027,VALERI PAULAVICH VAKULCHIK,
BEL0027,VALERI PAWLAVICH VAKULCHIK,
BEL0027,VALERY PAVLOVICH VAKULCHIK,
BEL0027,VALERY PAWLAVICH VAKULCHIK,
BEL0027,VALERY PAVLOVICH VAKULCHYK,
BEL0027,VALERYY PAWLAVICH VAKULCHYK,
BEL0028,SIARHEI YAUGENAVICH TSERABAU,
BEL0028,SERGEY EVGENIEVICH TERABOV,
BEL0028,SIARHEI YAUGENAVICH TERABOV,
BEL0028,SERGEI YEVGENEVICH TEREBOV,
BEL0028,SERGEY EVGENIEVICH TSERABAU,
BEL0029,DZMITRY VASILIEVICH RAVUTSKI,
BEL0029,DMITRY VASILIEVICH RAVUTSKI,
BEL0029,DMITRY VASILIEVICH REUTSKY,
BEL0029,DZMITRY VASILIEVICH REUTSKY,
BEL0030,ULADZIMIR VIKTARAVICH KALACH,
BEL0030,VLADIMIR VIKTOROVICH KALACH,
BEL0031,ALIEG ANATOLEVICH CHARNYSHOU,
BEL0031,ALEH CERNYSEV,
BEL0031,ALEH ANATOLIEVICH CHARNYSHOU,
BEL0031,OLEG ANATOLIEVICH CHARNYSHOU,
BEL0031,ALEH ANATOLIEVICH CHERNYSHEV,
BEL0031,ALIEG ANATOLEVICH CHERNYSHEV,
BEL0031,OLEG ANATOLIEVICH CHERNYSHEV,
BEL0031,OLEG ANATOLEVICH CHERNYSOV,
BEL0032,ALIAKSANDR ULADZIMIRAVICH KANYUK,
BEL0032,ALEKSANDR VLADIMIROVICH KANYUK,
BEL0032,ALEXANDER VLADIMIROVICH KANYUK,
BEL0032,ALYAKSANDR VLADZIMIROVICH KANYUK,
BEL0032,ALEKSANDR VLADIMIROVICH KONYUK,
BEL0032,ALEXANDER VLADIMIROVICH KONYUK,
BEL0032,ALIAKSANDR ULADZIMIRAVICH KONYUK,
BEL0033,LIDZIA MIHAILAUNA YARMOSHINA,
BEL0033,LIDIA MIKHAILOVNA YARMOSHINA,
BEL0033,LIDIJA MIKHAILOVNA YARMOSHINA,
BEL0033,LIDIA MIKHAILOVNA YERMOSHINA,
BEL0033,LIDIJA MIKHAILOVNA YERMOSHINA,
BEL0033,LIDZIA MIHAILAUNA YERMOSHINA,
BEL0034,VADZIM DZMITRYEVICH IPATAU,
BEL0034,VADIM DMITRIEVICH IPATAU,
BEL0034,VADIM DMITRIEVICH IPATOV,
BEL0034,VADZIM DZMITRYEVICH IPATOV,
BEL0035,ALENA MIKALAEUNA DMUHAILA,
BEL0035,ELENA NIKOLAEVNA DMUHAILA,
BEL0035,ALENA MIKALAEUNA DMUHAILO,
BEL0035,ELENA DMUHAILO,
BEL0035,ELENA NIKOLAEVNA DMUHAILO,
BEL0035,ELENA NIKOLAEVNA DMUHAJILO,
BEL0035,ALENA MIKALAEUNA DMUJAJLO,
BEL0035,ELENA NIKOLAEVNA DMUJAJLO,
BEL0035,ALENA MIKALAEUNA DMUKHAILO,
BEL0035,ELENA NIKOLAEVNA DMUKHAILO,
BEL0036,ANDREI ANATOLIEVICH GURZHY,
BEL0036,ANDREI ANATOLIEVICH GURZHIY,
BEL0036,ANDREY ANATOLIEVICH GURZHIY,
BEL0036,ANDREY ANATOLYEVICH GURZHIY,
BEL0036,ANDREY ANATOLIEVICH GURZHY,
BEL0037,OLGA LEANIDAUNA DARASHENKA,
BEL0037,OLGA LEONIDOVNA DARASHENKA,
BEL0037,OLGA LEANIDAUNA DOROSHENKO,
BEL0037,OLGA LEONIDOVNA DOROSHENKO,
BEL0038,SIARHEI ALIAKSEEVICH KALINOUSKY,
BEL0038,SERGEI ALEKSEEVICH KALINOUSKY,
BEL0038,SERGEY ALEKSEEVICH KALINOUSKY,
BEL0038,SERGEI ALEKSEEVICH KALINOVSKI,
BEL0038,SIARHEI ALIAKSEEVICH KALINOVSKI,
BEL0038,SERGEI ALEKSEEVICH KALINOVSKIY,
BEL0038,SIARHEI ALIAKSEEVICH KALINOVSKIY,
BEL0039,SVIATLANA PIATROUNA KATSUBA,
BEL0039,SVETLANA PETROVNA KACUBO,
BEL0039,SVIATLANA PIATROUNA KACUBO,
BEL0039,SVETLANA PETROVNA KATSUBA,
BEL0039,SVETLANA PETROVNA KATSUBO,
BEL0039,SVIATLANA PIATROUNA KATSUBO,
BEL0040,ALIAKSANDR MIKHAILAVICH LASYAKIN,
BEL0040,ALEXANDER MIKHAILOVICH LASYAKIN,
BEL0040,ALEXSANDER MIKHAILOVICH LASYAKIN,
BEL0040,ALEXANDER MIKHAILOVICH LOSYAKIN,
BEL0040,ALEXSANDER MIKHAILOVICH LOSYAKIN,
BEL0040,ALIAKSANDR MIKHAILAVICH LOSYAKIN,
BEL0041,IGAR ANATOLIEVIC PLYSHEUSKIY,
BEL0041,IGAR ANATOLIEVICH PLYSHEUSKIY,
BEL0041,IHOR PLYSHEUSKIY,
BEL0041,IGAR ANATOLIEVIC PLYSHEVSKI,
BEL0041,IGAR ANATOLIEVICH PLYSHEVSKI,
BEL0041,IHOR PLYSHEVSKI,
BEL0041,IGAR ANATOLIEVIC PLYSHEVSKIY,
BEL0041,IGAR ANATOLIEVICH PLYSHEVSKIY,
BEL0041,IHOR PLYSHEVSKIY,
BEL0041,IGOR ANATOLEVICH PLYSHEVSKY,
BEL0042,MARINA YUREUNA RAKHMANAVA,
BEL0042,MARINA YUREUNA RACHMANOVA,
BEL0042,MARINA YURIEVNA RACHMANOVA,
BEL0042,MARINA YURIEVNA RAKHMANAVA,
BEL0042,MARINA YUREUNA RAKHMANOVA,
BEL0042,MARINA YURIEVNA RAKHMANOVA,
BEL0043,ALEH LEANIDAVICH SLIZHEUSKIY,
BEL0043,OLEG LEONIDOVICH SLIZHEUSKIY,
BEL0043,ALEH LEANIDAVICH SLYZHEVSKIY,
BEL0043,OLEG LEONIDOVICH SLYZHEVSKIY,
BEL0044,IRINA ALIAKSANDRAUNA TSELIKAVETS,
BEL0044,IRINA AKEXANDROVA CELIKOVEC,
BEL0044,IRINA ALEXANDROVNA CELIKOVEC,
BEL0044,IRINA ALIAKSANDRAUNA CELIKOVEC,
BEL0044,IRINA AKEXANDROVA TSELIKAVETS,
BEL0044,IRINA ALEXANDROVNA TSELIKAVETS,
BEL0044,IRINA AKEXANDROVA TSELIKOVEC,
BEL0044,IRINA ALEXANDROVNA TSELIKOVEC,
BEL0044,IRINA ALIAKSANDRAUNA TSELIKOVEC,
BEL0045,ALEXANDER RYHOROVICH LUKASHENKO,
BEL0045,ALEKSANDR GRIGORIEVICH LUKASHENKA,
BEL0045,ALEKSANDR GROGORIEVICH LUKASHENKA,
BEL0045,ALEKSANDR RYHORAVICH LUKASHENKA,
BEL0045,ALEXANDER GRIGORIEVICH LUKASHENKA,
BEL0045,ALEXANDER RYHORAVICH LUKASHENKA,
BEL0045,ALEXANDER RYHOROVICH LUKASHENKA,
BEL0045,ALIAKSANDR GRIGORIEVICH LUKASHENKA,
BEL0045,ALIAKSANDR RYHORAVICH LUKASHENKA,
BEL0045,ALEKSANDR GRIGORIEVICH LUKASHENKO,
BEL0045,ALEKSANDR GROGORIEVICH LUKASHENKO,
BEL0045,ALEKSANDR RYHORAVICH LUKASHENKO,
BEL0045,ALEXANDER GRIGORIEVICH LUKASHENKO,
BEL0045,ALEXANDER RYHORAVICH LUKASHENKO,
BEL0045,ALIAKSANDR GRIGORIEVICH LUKASHENKO,
BEL0045,ALIAKSANDR RYHORAVICH LUKASHENKO,
BEL0046,IGOR PETROVICH SERGEENKO,
BEL0046,IGOR PIATROVICH SERGEENKO,
BEL0046,IHAR PETROVICH SERGEENKO,
BEL0046,IHAR PIATROVICH SERGEENKO,
BEL0046,IGOR PETROVICH SERGEYENKO,
BEL0046,IGOR PIATROVICH SERGEYENKO,
BEL0046,IHAR PETROVICH SERGEYENKO,
BEL0046,IHAR PIATROVICH SERGEYENKO,
BEL0046,IGOR PETROVICH SERGYAENKA,
BEL0046,IGOR PIATROVICH SERGYAENKA,
BEL0046,IHAR PETROVICH SERGYAENKA,
BEL0046,IHAR PIATROVICH SERGYAENKA,
BEL0046,IGOR PETROVICH SIARHEENKA,
BEL0046,IGOR PIATROVICH SIARHEENKA,
BEL0046,IHAR PETROVICH SIARHEENKA,
BEL0046,IHAR PIATROVICH SIARHEENKA,
BEL0047,VIKTOR ALIAKSANDRAVICH LUKASHENKO,
BEL0047,VIKTAR ALEKSANDROVICH,
BEL0047,VIKTOR ALEKSANDROVICH,
BEL0047,VIKTAR ALEKSANDROVICH LUKASHENKA,
BEL0047,VIKTAR ALIAKSANDRAVICH LUKASHENKA,
BEL0047,VIKTOR ALIAKSANDRAVICH LUKASHENKA,
BEL0047,VIKTAR ALEKSANDROVICH LUKASHENKO,
BEL0047,VIKTAR ALIAKSANDRAVICH LUKASHENKO,
BEL0047,VIKTOR ALEKSANDROVICH LUKASHENKO,
BEL0048,ANDREI YUREVICH PAULIUCHENKA,
BEL0048,ANDREI PAULIUCHENKA,
BEL0048,ANDREI PAULYUCHENKA,
BEL0048,ANDREI YUREVICH PAVLYUCHENKO,
BEL0049,RAMAN IVANAVICH MELNIK,
BEL0049,ROMAN IVANOVICH MELNIK,
BEL0050,IHAR IVANAVICH BUZOUSKI,
BEL0050,IGOR IVANOVICH BUZOUSKI,
BEL0050,IGOR IVANOVICH BUZOVSKI,
BEL0050,IHAR IVANAVICH BUZOVSKI,
BEL0051,PYOTR PIATROVICH MIKLASHEVICH,
BEL0051,PETR PETROVICH MIKLASHEVICH,
BEL0052,ANDREI ALIAKSEEVICH RAUKOU,
BEL0052,ANDREI ALEKSEEVICH RAUKOU,
BEL0052,ANDREI ALEKSEEVICH RAVKOV,
BEL0052,ANDREI ALIAKSEEVICH RAVKOV,
BEL0053,SIARHEI YAKAULEVICH AZEMSHA,
BEL0053,SERGEI YAKOVLEVICH AZEMSHA,
BEL0054,IVAN DANILAVICH NASKEVICH,
BEL0054,IVAN DANILOVICH NASKEVICH,
BEL0054,IVAN DANILAVICH NOSKEVICH,
BEL0054,IVAN DANILOVICH NOSKEVICH,
BEL0055,ANDREI FIODARAVICH SMAL,
BEL0055,ANDREI FYODOROVICH SMAL,
BEL0056,ALIAKSEY ALIAKSANDRAVICH VOLKAU,
BEL0056,ALEXEY ALEKSANDROVICH VOLKAU,
BEL0056,ALEXEY ALEXANDROVICH VOLKAU,
BEL0056,ALEXEY ALEKSANDROVICH VOLKOV,
BEL0056,ALEXEY ALEXANDROVICH VOLKOV,
BEL0056,ALIAKSEY ALIAKSANDRAVICH VOLKOV,
BEL0057,IVAN STANISLAVAVICH TERTEL,
BEL0057,IVAN STANISLAVOVICH TERTEL,
BEL0058,SIARHEI YAUGENAVICH ZUBKOU,
BEL0058,SERGEI YEVGENEVICH,
BEL0058,SERGEI YEVGENEVICH ZUBKOU,
BEL0058,SERGEI YEVGENEVICH ZUBKOV,
BEL0058,SIARHEI YAUGENAVICH ZUBKOV,
BEL0059,NATALIA NIKOLAYEVNA EISMONT,
BEL0059,NATALIA MIKALAEUNA EISMANT,
BEL0059,NATALIA NIKOLAYEVNA EISMANT,
BEL0059,NATALLYA EISMANT,
BEL0059,NATALLYA MIKALAEUNA EISMANT,
BEL0059,NATALLYA NIKOLAYEVNA EISMANT,
BEL0059,NATALYA MIKALAEUNA EISMANT,
BEL0059,NATALYA NIKOLAYEVNA EISMANT,
BEL0059,NATALIA MIKALAEUNA EISMONT,
BEL0059,NATALLYA MIKALAEUNA EISMONT,
BEL0059,NATALLYA NIKOLAYEVNA EISMONT,
BEL0059,NATALYA MIKALAEUNA EISMONT,
BEL0059,NATALYA NIKOLAYEVNA EISMONT,
BEL0060,140 REPAIR PLANT,
BEL0062,BELTECHEXPORT,
BEL0063,DANA HOLDINGS A.K.A DANA ASTRA,
BEL0064,MAIN ECONOMIC DEPARTMENT OF THE ADMINISTRATIVE AFFAIRS OFFICE OF THE PRESIDENT OF THE REPUBLIC OF BELARUS (GHU),
BEL0065,LLC SYNESIS,
BEL0066,MZKT (MINSK WHEEL TRACTOR PLANT),
BEL0066,VOLAT (GIANT),
BEL0067,ALEXANDER VASILEVICH SHAKUTIN,
BEL0067,ALEKSANDR SHAKUTIN,
BEL0068,NIKOLAY NIKOLAYEVICH VOROBEY,
BEL0069,IGOR PAVLOVICH BURMISTROV,
BEL0069,IGOR PAVLOVICH BURMISTRAU,
BEL0069,IHAR PAULAVICH BURMISTRAU,
BEL0069,IHAR PAULAVICH BURMISTROV,
BEL0070,SERGEI LEONIDIVICH KALINNIK,
BEL0070,SIARHEI LEANIDAVICH KALINNIK,
BEL0071,OLEG GEORGEVICH KARAZEI,
BEL0071,ALEH HEORHIEVICH KARAZEI,
BEL0071,ALEH HEORHIEVICH KARAZIEI,
BEL0072,DZMITRY ALEKSANDROVICH KURYAN,
BEL0072,DMITRY KURYAN,
BEL0072,DMITRY ALEKSANDROVICH KURYAN,
BEL0073,PAVEL MIKALAEVICH LIOKHI,
BEL0073,PAVEL NIKOLAEVICH LIOKHI,
BEL0074,IHAR ULADZIMIRAVICH LUTSKY,
BEL0074,IGOR VLADIMIROVICH LUTSKY,
BEL0075,VADZIM SIARHEJEVICH PRYGARA,
BEL0075,VADIM SERGEEVICH PRIGARA,
BEL0075,VADZIM SIARHEJEVICH PRIGARA,
BEL0075,VADIM SERGEEVICH PRYGARA,
BEL0076,VIKTAR IVANAVICH STANISHLAUCHYK,
BEL0076,VIKTOR IVANOVICH STANISHLAUCHYK,
BEL0076,VIKTAR IVANAVICH STANISLAVCHIK,
BEL0076,VIKTOR IVANOVICH STANISLAVCHIK,
BEL0077,VITALYI IVANOVICH STASIUKEVICH,
BEL0077,VITAL IVANAVICH STASIUKEVICH,
BEL0078,GENADZ ANDREEVICH BOGDAN,
BEL0078,GENNADY ANDREIEVICH BOGDAN,
BEL0079,ULADZIMIR STSIAPANAVICH KARANIK,
BEL0079,VLADIMIR STEPANOVICH KARANIK,
BEL0080,NATALIA IVANOVNA KOCHANOVA,
BEL0080,NATALIA IVANOVNA KACHANAVA,
BEL0080,NATALLIA IVANAUNA KACHANAVA,
BEL0080,NATALLIA IVANAUNA KOCHANOVA,
BEL0081,ARTEM KONSTANTINOVICH DUNKO,
BEL0081,ARCIOM KANSTANTINAVICH DUNKA,
BEL0081,ARTEM KONSTANTINOVICH DUNKA,
BEL0081,ARCIOM KANSTANTINAVICH DUNKO,
BEL0082,IVAN MIKHAILAVICH EISMONT,
BEL0082,IVAN MIKHAILAVICH EISMANT,
BEL0083,DZMITRY MIKALAEVICH SHUMILIN,
BEL0083,DMITRY NIKOLAYEVICH SHUMILIN,
BEL0084,ANDREI IVANAVICH SHVED,
BEL0084,ANDREI IVANOVICH SHVED,
BEL0085,ALIAKSANDR HENRYKAVICH TURCHIN,
BEL0085,ALEKSANDR HENRYKAVICH TURCHIN,
BEL0086,ANATOLI ALEKSANDROVICH SIVAK,
BEL0086,ANATOL ALIAKSANDRAVICH SIVAK,
BEL0087,ALENA VASILEUNA LITVINA,
BEL0087,ELENA VASILEVNA LITVINA,
BEL0088,NATALIA ANATOLIEVNA DEDKOVA,
BEL0088,NATALLIA ANATOLIEVNA DEDKOVA,
BEL0088,NATALIA ANATOLIEVNA DZIADKOVA,
BEL0088,NATALLIA ANATOLIEVNA DZIADKOVA,
BEL0089,ALENA ALIAKSANDRAVNA ZHYVITSA,
BEL0089,ELENA ALEKSANDROVNA ZHYVITSA,
BEL0090,VICTORIA VALERYEUNA SHABUNYA,
BEL0090,VICTORIA VALEREVNA SHABUNYA,
BEL0091,ALEKSANDR ALEKSANDROVICH PETRASH,
BEL0091,ALIAKSANDR ALIAKSANDRAVICH PETRASH,
BEL0091,ALEKSANDR ALEKSANDROVICH PIETRASH,
BEL0091,ALIAKSANDR ALIAKSANDRAVICH PIETRASH,
BEL0092,ELENA TIMOFEEVNA NEKRASOVA,
BEL0092,ALENA TSIMAFEEUNA NEKRASOVA,
BEL0092,ALENA TSIMAFEEUNA NYAKRASAVA,
BEL0092,ELENA TIMOFEEVNA NYAKRASAVA,
BEL0093,ANDREI ALIAKSANDRAVICH LAHUNOVICH,
BEL0093,ANDREI ALIAKSANDRAVICH LAGUNOVICH,
BEL0093,ANDREY ALEXANDROVICH LAGUNOVICH,
BEL0093,ANDREY ALEXANDROVICH LAHUNOVICH,
BEL0094,YULIA CHASLAVAUNA HUSTYR,
BEL0095,MARINA ARKADIEVNA FEDOROVA,
BEL0095,MARYNA ARKADZEUNA FEDOROVA,
BEL0095,MARINA ARKADIEVNA FIODARAVA,
BEL0095,MARYNA ARKADZEUNA FIODARAVA,
BEL0096,VIKTOR GENNADEVICH KHRENIN,
BEL0096,VIKTAR GIENADZJEVICH KHRENIN,
BEL0096,VIKTAR HENADZEVICH KHRENIN,
BEL0097,IGOR VLADIMIROVICH GOLUB,
BEL0097,IHAR ULADZIMIRAVICH GOLUB,
BEL0097,IGOR VLADIMIROVICH HOLUB,
BEL0097,IHAR ULADZIMIRAVICH HOLUB,
BEL0098,LEANID MIKALAIEVICH CHURO,
BEL0098,LEANID MIKALAEVICH CHURO,
BEL0098,LEONID NIKOLAEVICH CHURO,
BEL0098,LIEANID MIKALAJEVICH CHURO,
BEL0099,ANDREI MIKALAEVICH GURTSEVICH,
BEL0099,ANDREI NIKOLAEVICH GURTSEVICH,
BEL0100,ALIAKSEI MIKALAEVICH AURAMENKA,
BEL0100,ALEKSEY NIKOLAEVICH AURAMENKA,
BEL0100,ALEXEY NIKOLAEVICH AURAMENKA,
BEL0100,ALEKSEY NIKOLAEVICH AVRAMENKO,
BEL0100,ALEXEY NIKOLAEVICH AVRAMENKO,
BEL0100,ALIAKSEI MIKALAEVICH AVRAMENKO,
BEL0101,ARTSIOM IGARAVICH SIKORSKI,
BEL0101,ARTEM IGOREVICH SIKORSKI,
BEL0101,ARTEM IGOREVICH SIKORSKIY,
BEL0101,ARTSIOM IGARAVICH SIKORSKIY,
BEL0102,OLEG SERGEEVICH GAIDUKEVICH,
BEL0102,ALEH SIARHEEVICH GAIDUKEVICH,
BEL0102,ALEH SIARHEEVICH HAIDUKEVICH,
BEL0102,OLEG SERGEEVICH HAIDUKEVICH,
BEL0103,MAKSIM RYZHENKOV,
BEL0103,MAKSIM RYZHANKOU,
BEL0103,MAXIM RYZHANKOU,
BEL0103,MAXIM ULADZIMIRAVICH RYZHANKOU,
BEL0103,MAXIM VLADIMIROVICH RYZHANKOU,
BEL0103,MAXIM RYZHENKOV,
BEL0103,MAXIM ULADZIMIRAVICH RYZHENKOV,
BEL0103,MAXIM VLADIMIROVICH RYZHENKOV,
BEL0104,MARAT SERGEEVICH MARKOV,
BEL0105,NIKOLAI KARPENKOV,
BEL0105,MIKALAI KARPENKOV,
BEL0105,NIKOLAY KARPENKOV,
BEL0105,MIKALAI KARPIANKOU,
BEL0105,NIKOLAI KARPIANKOU,
BEL0105,NIKOLAY KARPIANKOU,
BEL0106,OLEG NIKOLAEVICH BELIAKOV,
BEL0106,ALEG BALYAKAU,
BEL0106,ALEG NIKOLAEVICH BALYAKAU,
BEL0106,OLEG NIKOLAEVICH BALYAKAU,
BEL0106,ALEG NIKOLAEVICH BELIAKOV,
BEL0106,ALEG NIKOLAEVICH BELYAKOV,
BEL0106,OLEG BELYAKOV,
BEL0106,OLEG NIKOLAEVICH BELYAKOV,
BEL0107,BNK (UK) LTD,
BEL0107,BNK (UK),
BEL0107,BNK (UK) LIMITED,
BEL0107,BNK UK,
BEL0107,BNK UK LIMITED,
BEL0107,BNK UK LTD,
BEL0108,BELAERONAVIGATSIA REPUBLICAN UNITARY AIR NAVIGATION SERVICES ENTERPRISE,
BEL0108,BELAERONAVIGATSIA STATE-OWNED ENTERPRISE,
BEL0110,MIKHAIL SAFARBEKOVICH GUTSERIEV,
BEL0110,MIKAIL SAFARBEKOVICH GUTSERIYEV,
BEL0110,MIKHAIL SAFARBEKOVICH GUTSERIYEV,
BEL0111,OPEN JOINT STOCK COMPANY  'BELARUSKALI',
BEL0111,OJSC 'BELARUSKALI',
BEL0112,NATALLIA MIKHAILAUNA BUGUK,
BEL0112,NATALIA MIKAHILAUNA BUHUK,
BEL0112,NATALIA MIKHAILOVNA BUHUK,
BEL0112,NATALLIA MIKHAILAUNA BUHUK,
BEL0113,ALINA SERGEEVNA KASIANCHYK,
BEL0113,ALINA SIARHIEJEUNA KASIANCHYK,
BEL0113,ALINA SIARHIEJEUNA KASYANCHUK,
BEL0113,ALINA SIARHIEJEUNA KASYANCHYK,
BEL0114,ANDREI KRIVOSHEEV,
BEL0114,ANDREI EVGENIEVICH KRIVOSHEEV,
BEL0114,ANDREY EVGENIEVICH KRIVOSHEEV,
BEL0114,ANDREI EVGENIEVICH KRIVOSHEYEV,
BEL0114,ANDREI YEVGENIEVICH KRIVOSHEYEV,
BEL0114,ANDREI KRYVASHEYEU,
BEL0114,ANDREI EVGENIEVICH KRYVASHEYEU,
BEL0114,ANDREI YAUHENAVICH KRYVASHEYEU,
BEL0114,ANDREI YAWHENAVICH KRYVASHEYEU,
BEL0114,ANDREY EVGENIEVICH KRYVASHEYEU,
BEL0114,ANDREI EVGENIEVICH KRYVASHEYEV,
BEL0114,ANDREY EVGENIEVICH KRYVASHEYEV,
BEL0114,ANDREI YAUHENAVICH KRYVASHEYEW,
BEL0114,ANDREI YAWHENAVICH KRYVASHEYEW,
BEL0115,ANDREI MIKALAEVICH MUKAVOZCHYK,
BEL0115,ANDREI MIKALAIEVICH MUKAVOZCHYK,
BEL0115,ANDREY NIKOLAEVICH MUKOVOZCHIK,
BEL0116,LIUDMILA GLADKAYA,
BEL0116,LIUDMILA HLADKAYA,
BEL0116,LYUDMILA HLADKAYA,
BEL0118,SIARHEI ALIAKSANDRAVICH GUSACHENKA,
BEL0118,SERGEI ALEKSANDROVICH GUSACHENKO,
BEL0118,SERGEI ALEXANDROVICH GUSACHENKO,
BEL0118,SERGEY ALEKSANDROVICH GUSACHENKO,
BEL0118,SIARHEI ALIAKSANDRAVICH HUSACHENKA,
BEL0118,SIARHEJ ALIAKSANDRAVICH HUSACHENKA,
BEL0119,GRIGORY YURIEVICH AZARENOK,
BEL0119,RHYOR YURIEVICH AZARONAK,
BEL0119,RYHOR YURYEVICH AZARONAK,
BEL0119,YURIEVICH AZARONAK,
BEL0122,INDUSTRIAL-COMMERCIAL PRIVATE UNITARY ENTERPRISE MINOTOR-SERVICE,
BEL0123,JSC TRANSAVIAEXPORT AIRLINES,
BEL0125,OJSC KB RADAR-MANAGING COMPANY HOLDING RADAR SYSTEM,
BEL0127,BELOMO,
BEL0137,OAO PELENG,
BEL0139,DISPLAY DESIGN OFFICE JSC,
BEL0139,DISPLAY VITEBSK,
BEL0140,SVIATLANA ALIAKSANDRAUNA BANDARENKA,
BEL0141,MIKALAI IVANAVICH DOLIA,
BEL0141,NIKOLAI IVANOVICH DOLYA,
BEL0142,SIARHEI ALIAKSANDRAVICH EPIKHAU,
BEL0142,SIARHEI YEPIKHAU,
BEL0143,TATSIANA ALIAKSANDRAUNA GRAKUN,
BEL0145,MIKHAIL KOVALEV,
BEL0146,VALIANTSINA GENADZEUNA KULIK,
BEL0147,IHAR VIACHASLAVAVICH LIUBAVITSKI,
BEL0148,PIOTR ALEKSANDROVICH ARLOU,
BEL0149,VYACHESLAV IVANOVICH TULIEKO,
BEL0150,RAMAN BIZIUK,
BEL0150,RAMAN IVANAVITJ BIZIUK,
BEL0150,RAMAN IVANOVICH BIZIUK,
BEL0151,ALIAKSANDER VLADIMIROVICH KOROL,
BEL0151,ALIAKSANDR KOROL,
BEL0151,ALYAKSANDR VLADIMIROVICH KOROL,
BEL0152,SERGEY FEDOROVICH KHRIPACH,
BEL0152,SIARHEI FIODARAVICH KRYPACH,
BEL0154,MARINA SVIATASLAVAUNA ZAPASNIK,
BEL0155,VALIANTSINA ZENKEVICH,
BEL0156,DZIANIS MIKUSHAU,
BEL0156,DZIANIS ALIAKSANDRAVICH MIKUSHEU,
BEL0157,OTKRYTOE AKTSIONERNOE OBSHCHESTVO PLANAR,
BEL0158,PRECISE ELECTRO-MECHANICS PLANT REPUBLICAN PRODUCTION UNITARY ENTERPRISE,
BEL0158,RUE PRECISE ELECTRO-MECHANICS PLANT,
BEL0159,ALEKSEY VALERIEVICH LAZARENKA,
BEL0160,ANDREI SIARHEEVICH PALCHYK,
BEL0160,ANDREI SIARHEYEVIC PALCHYK,
BEL0160,ANDREY SERGEEVICH PALCHYK,
BEL0161,DZIANIS TALSTSIANKOU,
BEL0161,DZIANIS ANATOLIEVICH TAUSTSIANKOU,
BEL0161,DENIS ANATOLYEVICH TOLSTENKOV,
BEL0162,FILIP ULADZIMIRAVICH STURCHANKA,
BEL0163,COMPUTER RESEARCH INSTITUTE NIIEVM,
BEL0163,OJSC NIIEVM,
BEL0163,OPEN JOINT STOCK COMPANY RESEARCH INSTITUTE OF ELECTRONIC COMPUTERS,
BEL0164,GOMEL MACHINE-TOOL PLANT,
BEL0164,STANKOGOMEL,
BEL0165,RUCKSERVOMOTOR OOO,
BEL0165,RUKHERVOMOTOR,
BEL0165,RUKHERVOMOTOR LLC,
BEL0166,ALFA BANK BELARUS,
BEL0166,CLOSED JOINT STOCK COMPANY ALFA BANK,
BEL0167,ALEVKURP JOINT STOCK COMPANY,
BEL0167,OTKRYTOE AKTSIONERNOE OBSCHESTVO ALEVKURP,
BEL0168,ANDREI VALERIOVICH ANANENKA,
BEL0169,ANDREY MIKHAILOVICH TSEDRIK,
BEL0169,ANDREI MIKHAILOVICH TSEDRYK,
BEL0170,IGOR VASILYEVICH KARPENKA,
BEL0170,IGOR VASILYEVICH KARPENKO,
BEL0171,KB UNMANNED HELICOPTERS (UAVHELI),
BEL0172,LEGMASH PLANT,
BEL0172,LEGMASH PLANT OPEN JOINT STOCK COMPANY,
BEL0172,OJSC LEGMASH PLANT,
BEL0172,OTKRYTOE AKTSIONERNOE OBSCHESTVO ZAVOD LEGMASH,
BEL0173,MIKHAIL PIATROVICH BYADUNKEVICH,
BEL0174,PAVEL IVANAVICH KAZAKOU,
BEL0175,VIKTOR ALEXANDROVICH DUBROVKA,
CAF0002,LORD'S RESISTANCE ARMY,
CAF0002,LORD'S RESISTANCE MOVEMENT (LRM),
CAF0002,LORD'S RESISTANCE MOVEMENT/ARMY (LRM/A),
CAF0002,LRA,
CAF0003,FRANCOIS YANGOUVONDA BOZIZE,
CAF0003,SAMUEL PETER MUDDE,Good quality a.k.a
CAF0003,BOZIZE YANGOUVONDA,Good quality a.k.a
CAF0004,NOURREDINE ADAM,
CAF0004,MOHAMED ADAM BREMA ABDALLAH,Good quality a.k.a
CAF0004,MAHAMAT NOURADINE ADAM,Good quality a.k.a
CAF0004,NOURREDDINE ADAM,Good quality a.k.a
CAF0004,NOURRELDINE ADAM,Good quality a.k.a
CAF0004,NURELDINE ADAM,Good quality a.k.a
CAF0005,ALFRED YEKATOM,
CAF0005,ALFRED EKATOM,Good quality a.k.a
CAF0005,RAMBO,Low quality a.k.a
CAF0005,RAMBOT,Low quality a.k.a
CAF0005,ROMBHOT,Low quality a.k.a
CAF0005,ROMBOH,Low quality a.k.a
CAF0005,ROMBOT,Low quality a.k.a
CAF0005,ALFRED SARAGBA,Good quality a.k.a
CAF0005,ALFRED YEKATOM SARAGBA,Good quality a.k.a
CAF0006,HABIB SOUSSOU,
CAF0006,SOUSSOU ABIB,Good quality a.k.a
CAF0007,OUMAR YOUNOUS ABDOULAY,
CAF0007,OUMAR YOUNOUS M'BETIBANGUI,Good quality a.k.a
CAF0007,OUMAR SODIAM,Good quality a.k.a
CAF0007,OMAR YOUNOUS,Good quality a.k.a
CAF0007,OUMAR YOUNOUS,Good quality a.k.a
CAF0008,HAROUN GAYE,
CAF0008,AROUN GAYE,Good quality a.k.a
CAF0008,AROUN GEYE,Good quality a.k.a
CAF0008,HAROUN GEYE,Good quality a.k.a
CAF0009,EUGENE BARRET NGAIKOSSET,
CAF0009,EUGENE NGAIKOISSET,Good quality a.k.a
CAF0009,EUGENE BARRET NGAIKOSSE,Good quality a.k.a
CAF0009,EUGENE NGAIKOSSET,Good quality a.k.a
CAF0009,EUGENE NGAIKOUESSET,Good quality a.k.a
CAF0009,NGAKOSSET,Low quality a.k.a
CAF0009,EUGENE NGAKOSSET,Good quality a.k.a
CAF0009,THE BUTCHER OF PAOUA,Low quality a.k.a
CAF0010,JOSEPH KONY,
CAF0010,KONY,Good quality a.k.a
CAF0010,JOSEF KONY,Good quality a.k.a
CAF0010,JOSEPH RAO KONY,Good quality a.k.a
CAF0010,LE MESSIE SANGLANT,Low quality a.k.a
CAF0011,ALI KONY,
CAF0011,1-P,Low quality a.k.a
CAF0011,BASHIR,Low quality a.k.a
CAF0011,ALI LALOBO BASHIR,Good quality a.k.a
CAF0011,CAESAR,Low quality a.k.a
CAF0011,OTIM KAPERE,Low quality a.k.a
CAF0011,ALI MOHAMMED KONY,Good quality a.k.a
CAF0011,ALI MOHAMMED LABOLA,Good quality a.k.a
CAF0011,ALI MOHAMMAD LABOLO,Good quality a.k.a
CAF0011,ALI LALOBO,Good quality a.k.a
CAF0011,ALI BASHIR LALOBO,Good quality a.k.a
CAF0011,ALI MOHAMMED LALOBO,Good quality a.k.a
CAF0011,ALI MOHAMMED,Good quality a.k.a
CAF0011,ONE-P,Low quality a.k.a
CAF0011,ALI MOHAMMED SALONGO,Good quality a.k.a
CAF0012,SALIM KONY,
CAF0012,SALIM SALEH KONY,Good quality a.k.a
CAF0012,SIMON SALIM OBOL,Good quality a.k.a
CAF0012,SALIM OGARO,Good quality a.k.a
CAF0012,SALIM SALEH OBOL OGARO,Good quality a.k.a
CAF0012,SALIM SALEH,Good quality a.k.a
CAF0012,OKOLU SALIM,Good quality a.k.a
CAF0013,ABDOULAYE HISSENE,
CAF0013,HISSENE ABDOULAYE,Good quality a.k.a
CAF0013,ISSENE ABDOULAYE,Good quality a.k.a
CAF0013,ABDOULAYE HISSEIN,Good quality a.k.a
CAF0013,ABDOULAYE ISSENE,Good quality a.k.a
CAF0013,ABDOULAYE ISSENE RAMADAN,Good quality a.k.a
CAF0013,ABDOULAYE ISSENE RAMADANE,Good quality a.k.a
CAF0014,MARTIN KOUMTAMADJ,
CAF0014,MARTIN NADINGAR KOUMTAMADJI,Good quality a.k.a
CAF0014,MARTIN KOUMTA MADJI,Good quality a.k.a
CAF0014,OMAR MAHAMAT,Good quality a.k.a
CAF0014,ABDOULAYE MISKINE,Good quality a.k.a
CAF0014,ABDOULLAYE MISKINE,Good quality a.k.a
CAF0014,MARTIN NKOUMTAMADJI,Good quality a.k.a
CAF0015,BI SIDI SOULEMAN,
CAF0015,SIDIKI ABBAS,Good quality a.k.a
CAF0015,SOULEYMANE BI SIDI,Good quality a.k.a
CAF0015,SIDIKI,Good quality a.k.a
CAF0015,BI SIDI SOULEMANE,Good quality a.k.a
CAF0016,ALI DARAS,Good quality a.k.a
CAF0016,ALI DARASSA,Low quality a.k.a
CAF0016,ALI MAHAMAT DARASSA,Good quality a.k.a
CAF0016,ALI DARRASSA,Good quality a.k.a
CAF0016,ALI DARASSA MAHAMAT,Good quality a.k.a
CAF0017,MAHAMAT SALEH,
CAF0017,MAHAMAT SALLEH,
CAF0017,MAMA SALLEH,
CAF0017,MAHAMAR SALLET,
CAF0019,KONSTANTIN,
CAF0019,KONSTANTIN PIKALOV,
CAF0019,KOSTYA PIKALOV,
CAF0019,MAZAEV,
CAF0019,MAZAY,
CAF0019,UNCLE PIKALOV,
CAF0024,DMITRY SYTY,
CAF0024,DMITRI SYTYI,
CAF0026,BOIS ROUGE,
CAF0026,BOIS ROUGE SARLU,
CAF0026,WIG,
CAF0027,EVGENII KHODOTOV,
CAF0027,YEVGENIY GARRYEVICH KHODOTOV,
CAF0028,EVGENII MIKHAILOVICH KOPOT,
CAF0028,YEVGENY MIKHAILOVICH KOPOT,
CAF0028,EVGENIY MIKHAILOVICH KOPOT,
CAF0029,COMMONWEALTH OF OFFICERS FOR INTERNATIONAL SECURITY LLC,
CAF0029,COMMUNAUTE DES OFFICIERS POUR LA SECURITE INTERNATIONALE,
CAF0029,OUIS,
CAF0029,SOCIETY OF OFFICERS FOR INTERNATIONAL SECURITY LLP,
CAF0030,LENGOSONGO,
CAF0030,RADIO CENTAFRIQUE LENGO SENGO,
CAF0030,RADIO LENGO SENGO,
CAF0030,RADIO LENGO SONGO,
CAF0030,RADIO LENGOSENGO,
CAF0031,ALEXANDER KUZIN,
CAF0031,ALEXANDER H KUZIN,
CAF0031,ALEXANDER YUREVICH KUZIN,
CAF0031,ALEXANDER YURIEVICH KUZIN,
CHW0001,FIRAS AHMED,
CHW0001,FIRAS AHMAD,
CHW0001,AHMAD,
CHW0002,WALID ZUGHAIB,
CHW0002,WALID ZGHA'IB,
CHW0002,WALID ZUGHAYB,
CHW0002,WALID ZUGHIB,
CHW0003,TARIQ YASMINA,
CHW0003,TAREQ YASMINA,
CHW0003,TARQ YASMINA,
CHW0004,SAID SAID,
CHW0004,SAEED SA'ID,
CHW0005,KHALED NASRI,
CHW0005,HALED NASRI,
CHW0005,MOHAMMED KHALED NASRI,
CHW0005,HALED NATSRI,
CHW0005,KHALED NATSRI,
CHW0005,MOHAMMED KHALED NATSRI,
CHW0006,SCIENTIFIC STUDIES AND RESEARCH CENTRE (SSRC),
CHW0006,CENTER FOR SCIENTIFIC STUDIES AND RESEARCH (SSRC),
CHW0006,CENTER FOR STUDY AND RESEARCH (CERS),
CHW0006,SCIENTIFIC RESEARCH COUNCIL (SRC),
CHW0006,SCIENTIFIC STUDIES AND RESEARCH COUNCIL,
CHW0006,SYRIAN SCIENTIFIC RESEARCH COUNCIL (SSRC),
CHW0006,CENTRE DE RECHERCHE DE KABOUN,
CHW0006,CENTRE D'ETUDE ET DE RECHERCHE SCIENTIFIQUE (CERS),
CHW0007,VLADIMIR STEPANOVICH ALEXSEYEV,
CHW0008,ANATOLIY VLADIMIROVICH CHEPIGA,
CHW0008,RUSLAN BORISOV,
CHW0009,IGOR OLEGOVICH KOSTYUKOV,
CHW0010,ALEXANDER YEVGENIYEVICH MISHKIN,
CHW0010,ALEXANDER PETROV,
CHW0011,ANDREI VENIAMINOVICH YARIN,
CHW0012,SERGEI VLADILENOVICH KIRIYENKO,
CHW0013,SERGEI IVANOVICH MENYAILO,
CHW0014,ALEKSANDR VASILIEVICH BORTNIKOV,
CHW0014,ALEXANDER BORTNIKOV,
CHW0015,PAVEL ANATOLIEVICH POPOV,
CHW0016,ALEKSEI YURIEVICH KRIVORUCHKO,
CHW0016,ALEXEI YURIEVICH KRIVORUCHKO,
CHW0016,ALEXEY YURIEVICH KRIVORUCHKO,
CHW0017,STATE SCIENTIFIC RESEARCH INSTITUTE FOR ORGANIC CHEMISTRY AND TECHNOLOGY (GOSNIIOKHT),
CHW0017,FEDERAL STATE UNITARY ENTERPRISE 'STATE RESEARCH INSTITUTE OF ORGANIC CHEMISTRY AND TECHNOLOGY' (GOSNIIOKHT),
CHW0018,ALEXEY FROLOV,
CHW0020,IVAN SPIRIDINOV,
CHW0025,IGOR ANATOLIEVICH KIRILLOV,
CHW0025,IHOR ANATOLIIOVYCH KIRILLOV,
CHW0026,CBR DEFENCE TROOPS,
CHW0026,MILITARY UNIT NUMBER 52688,
CHW0026,RADIATION CHEMICAL AND BIOLOGICAL DEFENSE TROOPS,
CHW0026,RCB DEFENSE TROOPS,
CHW0026,RCHBD,
CHW0026,RKHBZ,
CHW0027,27TH CENTRAL RESEARCH INSTITUTE OF THE MINISTRY OF DEFENCE OF THE RUSSIAN FEDERATION,
CHW0027,27TH NTS,
CHW0027,27TH SCIENTIFIC CENTRE,
CHW0027,FEDERAL STATE BUDGETARY ESTABLISHMENT 27 SCIENTIFIC CENTRE OF THE MINISTRY OF DEFENCE OF THE RUSSIAN FEDERATION,
CHW0028,33RD SCIENTIFIC RESEARCH AND TESTING INSTITUTE,
CHW0028,33RD TSNIII,
CHW0028,FEDERAL STATE BUDGETARY ESTABLISHMENT 27 SCIENTIFIC CENTRE OF THE MINISTRY OF DEFENCE OF THE RUSSIAN FEDERATION,
CHW0029,SERGEY FEDOTOV,
CHW0030,ALEKSEI VIKTOROVICH RTISHCHEV,
CHW0030,ALEXEI VIKTOROVICH RTISHCHEV,
CHW0030,ALEXEY VIKTOROVICH RTISHCHEV,
CHW0032,FEDERAL RESEARCH AND PRODUCTION CENTER SCIENTIFIC RESEARCH INSTITUTE OF APPLIED CHEMISTRY JSC,
CHW0032,FNPC NII APPLIED CHEMISTRY JSC,
CHW0032,JSC FNPC RESEARCH INSTITUTE OF APPLIED CHEMISTRY,
CHW0032,JSC RESEARCH INSTITUTE OF APPLIED CHEMISTRY,
CHW0032,AO FNPTS NII PRIKLADNOI KHIMII,
CHW0032,NIIPKH,
CTD0001,MOHAMMED FAWAZ KHALED,
CTD0001,ADAM DEL TORO ABBAS,
CTD0001,ABO ALHARETH,
CTD0001,ABU HAMAWI,
CTD0001,ABU HAMWI,
CTD0001,ABU HARES,
CTD0001,ABU HARETH,
CTD0001,ABU KHALED,
CTD0001,MOHAMMED FAWAZ NAEEM,
CTD0002,NAZEM ALI AHMAD,
CTD0002,NAZEM SAEED AHMAD,
CTD0002,NAZIM AHMAD,
CTD0002,NAZIM SA'ID AHMAD,
CTD0002,NIZAM SAED AHMAD,
CTD0002,NAZEM SAID AHMED,
CTD0002,NAZEM SAIED AHMED,
CTD0002,KARIUMU SAIED MUHAMADI,
CTD0003,AOZMA QURESHI,
CTD0004,MUSTAFA AYYASH,
CTD0006,28 RADIO,
CTD0006,B&H,
CTD0006,B&H CENTRAL DIVISION,
CTD0006,B&H CUMBRIA SECTION,
CTD0006,B&H H DIVISION,
CTD0006,B&H NORTH WEST,
CTD0006,B&H SCOTLAND,
CTD0006,B&H SOUTHERN ENGLAND,
CTD0006,B&H ULSTER,
CTD0006,B&H WALES,
CTD0006,B&H WEST COUNTRY SECTION,
CTD0006,B&H WEST LONDON,
CTD0006,B&H WEST MIDS DIVISION,
CTD0006,B&H YORKSHIRE DIVISION,
CTD0006,BLOOD & HONOUR,
CTD0006,C18,
CTD0006,COMBAT 18,
CTD0006,ISD RECORDS,
CTD0007,RAMPAGE,
CTD0008,EOAE,
CTD0010,NEW IRA,
CTD0010,NIRA,
CTD0011,GURPREET SINGH,
CTD0012,BAL,
CTI0001,HAMED ABDOLLAHI,
CTI0001,MUSTAFA ABDOLLAHI SABERI,
CTI0002,IBRAHIM SALIH MOHAMMED AL-YACOUB,
CTI0003,ABDELKARIM HUSSEIN MOHAMED AL-NASSER,
CTI0003,ABDELKARIM HUSSEIN MOHAMMED AL-NASSER,
CTI0003,MOHAMED AL-NASSER,
CTI0004,MANSSOR ARBABSIAR,
CTI0004,MANSOUR ARBABSIAR,
CTI0005,ASSADOLLAH ASADI,
CTI0006,MOHAMMED BOUYERI,
CTI0006,SOBAIR,
CTI0006,ABU ZOUBAIR,
CTI0006,ABU ZUBAIR,
CTI0007,HASSAN EL-HAJJ,
CTI0007,EL-HAJJ,
CTI0007,EL-HAJJ HASSAN,
CTI0008,SAEID HASHEMI MOGHADAM,
CTI0009,HASAN IZZ AL-DIN,
CTI0009,HASSAN IZZ AL-DIN,
CTI0009,AHMED GARBAYA,
CTI0009,SA'ID,
CTI0009,SAMIR SALWWAN,
CTI0010,FARAH MELIAD,
CTI0011,KHALID SHEIKH MOHAMMED,
CTI0012,DALOKAY SANLI,
CTI0012,SINAN,
CTI0013,ABDUL REZA SHAHLAI,
CTI0013,ABDUL-REZA SHAHLAEE,
CTI0013,ABDOLREZA SHAHLA'I,
CTI0013,ABD-AL REZA SHALAI,
CTI0013,ABDORREZA SHALAI,
CTI0013,YUSUF ABU-AL-KARKH,
CTI0013,HAJJI YASIR,
CTI0013,HAJJ YUSEF,
CTI0013,HAJI YUSIF,
CTI0013,HAJJI YUSIF,
CTI0015,HOCINE BOUGUETOF,
CTI0015,HOCINE BOUGETOF,
CTI0017,MUSA ABU MARZOUK,
CTI0017,MOUSA MOHAMED ABOU ABU-MARZUQ,
CTI0017,MOUSA ABU MOHAMMED MARZOOK,
CTI0017,MUSA ABU MARZUK,
CTI0017,SA'ID ABU-MARZUQ,
CTI0017,ABU-'UMAR,
CTI0017,DR. MUSA,
CTI0018,USAMA HAMDAN,
CTI0019,KHALID MISHAAL,
CTI0020,RABAH TAHARI,
CTI0020,ABU MUSAB,
CTI0022,ABU NIDAL ORGANISATION,
CTI0022,ANO,
CTI0023,AL-AQSA E.V.,
CTI0024,AL-AQSA MARTYRS' BRIGADE,
CTI0025,BABBAR KHALSA,
CTI0026,COMMUNIST PARTY OF THE PHILIPPINES,
CTI0027,REVOLUTIONARY PEOPLES' LIBERATION PARTY - FRONT (DEVRIMCI HALK KURTULUS PARTISI-CEPHESI) (DHKP-C),
CTI0027,REVOLUTIONARY PEOPLE'S LIBERATION FRONT (DHKC),
CTI0027,REVOLUTIONARY PEOPLE'S LIBERATION FRONT/ARMED PROPAGANDA UNITS (DHKC/SPB),
CTI0027,REVOLUTIONARY PEOPLE'S LIBERATION PARTY (DHKP),
CTI0028,DIRECTORATE FOR INTERNAL SECURITY OF THE IRANIAN MINISTRY OF INTELLIGENCE AND SECURITY,
CTI0029,EJERCITO DE LIBERACION NACIONAL (ELN),
CTI0029,NATIONAL LIBERATION ARMY,
CTI0030,AL-GAMA'A AL-ISLAMIYYA,
CTI0030,AL JAMA'A AL-ISLAMIYA,
CTI0030,AL-JAMA'AH AL-ISLAMIYAH,
CTI0030,GI,
CTI0030,IG,
CTI0030,THE ISLAMIC GROUP,
CTI0031,HAMAS INCLUDING IZZ AL-DIN AL-QASSAM BRIGADES,
CTI0032,HIZBALLAH,
CTI0032,HEZBOLLAH,
CTI0032,HIZBULLAH,
CTI0033,HIZBUL MUJAHIDEEN (HM),
CTI0034,THE GREAT EASTERN ISLAMIC RAIDERS' FRONT,
CTI0034,IBDA-C,
CTI0034,ISLAMI BUYUKDOGU AKINCILAR CEPHESI,
CTI0035,KHALISTAN ZINDABAD FORCE (KZF),
CTI0036,PARTIYA KARKEREN KURDISTANE (PKK),
CTI0036,KURDISTAN WORKERS' PARTY,
CTI0037,LIBERATION TIGERS OF TAMIL EELAM (LTTE),
CTI0038,PALESTINIAN ISLAMIC JIHAD (PIJ),
CTI0039,THE POPULAR FRONT FOR LIBERATION OF PALESTINE - GENERAL COMMAND,
CTI0039,PFLP - GENERAL COMMAND,
CTI0040,THE POPULAR FRONT FOR LIBERATION OF PALESTINE (PFLP),
CTI0041,SENDERO LUMINOSO (SL),
CTI0042,TEYREBAZEN AZADIYA KURDISTAN (TAK),
CTI0042,KURDISTAN FREEDOM FALCONS,
CTI0042,KURDISTAN FREEDOM HAWKS,
CTI0043,EUSKADI TA ASKATASUNA (ETA),
CTI0043,BASQUE HOMELAND AND LIBERTY,
CTI0044,BRAHIM EL-KHAYARI,
CTI0045,BRYAN D'ANCONA,
CTI0046,GUILLAUME PIROTTE,
CTI0047,MUSA MUHAMMAD SALIM DODIN,
CTI0047,MUSA MUHAMMAD SALIM DOUDIN,
CTI0047,MOUSA DUDIN,
CTI0047,MUSSA DUDIN,
CTI0048,MUHAMMAD AL-DAYF,
CTI0048,MUHAMMAD AL-MASRI,
CTI0048,MOHAMMAD DEIF,
CTI0049,MARWAN 'ISSA,
CTI0050,YEHYA AL-SINWAR,
CTI0050,YEHIA SINWAR,
CTI0050,YEHIYEH SINWAR,
CTI0051,NABIL CHOUMAN,
CTI0051,NABIL SHUMAN,
CTI0053,ADB AL-BASIT HAMZA,
CTI0053,ADBELBASIT HAMZA,
CTI0053,HAMZA,
CTI0054,ABU MUHAMMAD AL-AJURI,
CTI0054,AKRAM AL-AJURI,
CTI0054,AKRAM MUHAMMAD SALIH AL-AJURI,
CTI0054,ABD AL-KARIM AHMAD HASAN,
CTI0055,AIMAN AHMAD R AL-DUWAIK,
CTI0055,AIMAN AHMAD RASHED AL-DUWAIK,
CTI0057,ABU AMR,
CTI0057,MAHER BIN REBHI BIN NAMR OBEYD,
CTI0057,MAHER REBHI NAMR OBEYD,
CTI0058,MAHMOUD AL-ZAHAR,
CTI0059,ALI BARAKEH,
CTI0061,HASSAN MUHAMMAD ALI AL-WARDIAN,
CTI0061,HASAN MOHAMED ALI AL WARDIAN,
CTI0061,SHEIKH HASSAN AL-WARDIAN,
CTI0061,HASAN WARDYAN,
CTI0062,ISMAIL BARHUM,
CTI0062,ISMAIL MUSA AHMAD BARHUM,
CTI0062,ISMAIL BARHUM ABU MUHAMMAD,
CTI0063,JAMIL ALIYAN,
CTI0063,JAMIL ALAYAN,
CTI0063,JAMIL ALIAN,
CTI0063,JAMIL YUSUF AHMAD ALIYAN,
CTI0064,AHMAD ODEH,
CTI0064,AHMED SHARIF ABDULLAH ODEH,
CTI0064,AHMED CHARIF ABDELLAH OUDA,
CTI0064,AHMAD UDIH,
CTI0065,ZUHAIR SHAMLAKH,
CTI0067,AL-MARKAZIYA,
CYB0001,QIANG GAO,
CYB0001,FISHERXP,
CYB0002,SHILONG ZHANG,
CYB0002,BAOBEILONG,
CYB0003,TIANJIN HUAYING HAITAI SCIENCE AND TECHNOLOGY DEVELOPMENT CO. LTD,
CYB0003,APT10,
CYB0003,CVNX,
CYB0003,HAITAI TECHNOLOGY DEVELOPMENT CO. LTD,
CYB0003,MENUPASS,
CYB0003,POTASSIUM,
CYB0003,RED APOLLO,
CYB0003,STONE PANDA,
CYB0004,CHOSUN EXPO,
CYB0004,CHOSEN EXPO,
CYB0004,KOREAN EXPORT JOINT VENTURE,
CYB0005,ALEXEI VELERYEVICH MININ,
CYB0005,ALEXEY VALERYEVICH MININ,
CYB0006,ALEKSEY SERGEYEVICH MORENETS,
CYB0007,YEVGENIY MIKHAYLOVICH SEREBRYAKOV,
CYB0008,OLEG MIKHAYLOVICH SOTONIKOV,
CYB0009,MAIN CENTRE FOR SPECIAL TECHNOLOGIES (GTSST) ('SANDWORM'),
CYB0009,BLACKENERGY GROUP,
CYB0009,GRU UNIT 74455,
CYB0009,OLYMPIC DESTROYER,
CYB0009,QUEDAGH,
CYB0009,SANDWORM TEAM,
CYB0009,TELEBOTS,
CYB0009,VOODOO BEAR,
CYB0010,DMITRY SERGEYEVICH BADIN,
CYB0011,IGOR OLEGOVICH KOSTYUKOV,
CYB0012,85TH MAIN SPECIAL SERVICE CENTRE (GTSSS),
CYB0012,GRU UNIT 26165,
CYB0012,APT28 (ADVANCED PERSISTENT THREAT),
CYB0012,FANCY BEAR,
CYB0012,IRON TWILIGHT,
CYB0012,PAWN STORM,
CYB0012,SEDNIT,
CYB0012,SOFACY GROUP,
CYB0012,STRONTIUM,
CYB0012,THREAT GROUP-4127/IRON TWILIGHT,
CYB0012,TSAR TEAM,
CYB0022,GNTS RF FGUP TSNIIKHM,
CYB0022,NIII6,
CYB0022,SCIENTIFIC RESEARCH INSTITUTE NO 6,
CYB0022,STATE RESEARCH CENTRE OF THE RUSSIAN FEDERATION FEDERAL STATE UNITARY ENTERPRISE CENTRAL SCIENTIFIC RESEARCH INSTITUTE FOR CHEMISTRY AND MECHANICS,
CYB0022,TSNIIKHM,
CYB0023,GLOBUS,
CYB0024,MAXIM MIKHAILOV,
CYB0024,BAGET,
CYB0024,MAXMS76,
CYB0025,DIMITRI PLESHEVSKIY,
CYB0025,DIMITRY PLESHEVSKIY,
CYB0025,ISELDOR,
CYB0025,PLESHEVSKIY DIMA,
CYB0026,MIKHAIL ISKRITSKI,
CYB0026,MIHAIL ISKRITSKIY,
CYB0026,MIKHAIL ISKRITSKY,
CYB0026,TROPA,
CYB0027,VITALY KOVALEV,
CYB0027,BEN,
CYB0027,BENTLEY,
CYB0028,IVAN VASILIEVICH VAKHROMEEV,
CYB0028,IVANALERT,
CYB0028,MUSHROOM,
CYB0029,VALERI SEDLETSKIY,
CYB0029,STRIX,
CYB0029,VALERIUS,
CYB0030,BULLET,
CYB0030,M2686,
CYB0031,MAXSIM GALOCHKIN,
CYB0031,BENTLEY,
CYB0031,MAX17,
CYB0031,VOLHVB,
CYB0032,MAXSIM KHALIULLIN,
CYB0032,KAGAS,
CYB0033,NANED,
CYB0034,ALEXANDR VYACHESLAVOVICH MOZHAEV,
CYB0034,GREEN,
CYB0034,ROCCO,
CYB0035,GRAD,
CYB0035,STAFF,
CYB0036,BINMAN,
CYB0036,BUZA,
CYB0036,SILVER,
CYB0037,FRANCES,
CYB0037,KHANO,
CYB0037,MANGO,
CYB0038,BEGEMOT,
CYB0038,BEGEMOT_SUN,
CYB0038,ZULAS,
CYB0039,VADIM FIRDAVYSIVYCH VALIAKHMETOV,
CYB0039,MENTOS,
CYB0039,VASM,
CYB0039,WELDON,
CYB0040,ADAM,
CYB0040,DEFENDER,
CYB0040,DIF,
CYB0042,ALEXEY DOGUZHIEV,
CYB0043,ALEKSANDR GENNADYEVICH ERMAKOV,
CYB0043,BLADE_RUNNER,
CYB0043,GISTAVEDORE,
CYB0043,GUSTAVEDORE,
CYB0043,JIMJONES,
CYB0047,DMITRIY YUREYVICH KHOROSHEV,
CYB0047,LOCKBITSUPP,
CYB0048,AQUA,
CYB0049,ENKI,
CYB0049,NINTUTU,
CYB0053,IVAN DMITRIYEVICH TUCHKOV,
CYB0054,ANDREY VECHISLAVOVICH KOVALSKIY,
CYB0057,EDUARD VITALYEVICH BENDERSKIY,
CYB0058,ALEKSEY YEVGENEVICH SHCHETININ,
CYB0062,BEVERLEY,
CYB0062,GUESTER,
CYB0062,MX1R,
CYB0063,VADIM GENNADIEVICH POGODIN,
CYB0063,BIBA,
CYB0064,ZSERVERS,
CYB0065,ISXHOST,
CYB0065,XHOST,
CYB0066,AAELBAS,
CYB0066,WTLFNT,
CYB0067,ALEX560560,
CYB0067,JAMES1789,
CYB0067,SASHA-BRN,
CYB0067,TRIPLEX560,
CYB0068,ILIA VLADIMIROVICH SIDOROV,
CYB0068,SID3RUN,
CYB0068,SIDOR3RUN,
CYB0069,DMITRIY KONSTANTINOVICH BOLSHAKOV,
CYB0069,BOLSHAK_JUNIOR,
CYB0069,SERGEYVASIL,
CYB0070,IGOR1994V,
CYB0070,SAYROCS,
CYB0071,DARKON,
CYB0071,THEVLADAN33,
CYB0097,GRU UNIT 29155,
CYB0098,MEDIA LAND,
CYB0098,MEDIALAND,
CYB0099,ML CLOUD LLC,
CYB0099,ML.CLOUD,
CYB0100,ALEKSANDR ALEXANDROVICH VOLOSOVIK,
CYB0100,DOWNLOW,
CYB0100,OHYEAHHELLNO,
CYB0100,PODZEMNIYL,
CYB0100,STAS_VL,
CYB0100,YALISHANDA,
CYB0101,DOWNLOW,
CYB0102,YULIYA VLADIMIROVNA PANKOVA,
CYB0103,ANDREY VALEREVICH KOZLOV,
CYB0106,IGOR ANDREEVICH BOCHKA,
CYB0113,INTEGRITY TECH,
CYB0114,"ANXUN INFORMATION TECHNOLOGY CO., LTD.",
CYB0114,I-SOON,
DPR0001,JONG HYUK AN,
DPR0001,JONG HYOK AN,
DPR0002,CHI BU CHON,
DPR0002,CHIBU CHON,
DPR0002,CHI-BU CHON,
DPR0003,CHAN IL CHOE,
DPR0004,KWANG HYOK CHOE,
DPR0005,KWANG SU CHOE,
DPR0006,CHUN-SIK CHOE,
DPR0007,KYONG-SONG CHOE,
DPR0008,YONG-HO CHOE,
DPR0008,YONG HO CHOE,
DPR0009,YUN CHOL,
DPR0010,TCHEUL HY DJANG,
DPR0010,CHEUL-HY DJANG,
DPR0010,CHOL-HY DJANG,
DPR0010,TCHEUL-HY DJANG,
DPR0010,TCHOU-HY DJANG,
DPR0010,CHEUL-HY JANG,
DPR0010,CHOL-HY JANG,
DPR0010,TCHEUL HY JANG,
DPR0010,TCHEUL-HY JANG,
DPR0010,TCHOU-HY JANG,
DPR0010,TCHEUL-HY KIM,
DPR0011,SUNG-MU HONG,
DPR0011,SUN MU HONG,
DPR0011,SUNG MU HONG,
DPR0011,SUN MU HUNG,
DPR0011,SUNG MU HUNG,
DPR0011,SUNG-MU HUNG,
DPR0012,YONG CHIL HONG,
DPR0013,CHOL-HAE HYON,
DPR0013,CHOL HAE HYON,
DPR0014,IL-CHUN JON,
DPR0014,IL CHUN JON,
DPR0015,CHOL JANG,
DPR0016,CHOL YOUNG JON,
DPR0016,CHOL YONG JON,
DPR0017,SONG-SAM KANG,
DPR0017,SONG SAM KANG,
DPR0018,CHANG HYOK KIM,
DPR0018,CHANG HYOK JIN,
DPR0018,JAMES JIN,
DPR0018,JAMES KIM,
DPR0019,CHOL NAM KIM,
DPR0020,CHUN-SAM KIM,
DPR0020,CHUN SAM KIM,
DPR0021,CHUN-SOP KIM,
DPR0021,CHUN SOP KIM,
DPR0022,IL-SU KIM,
DPR0022,IL SU KIM,
DPR0023,PYONG CHOL KIM,
DPR0024,SUNG SU KIM,
DPR0025,TONG-UN KIM,
DPR0025,TONG UN KIM,
DPR0026,WON CHOL PAE,
DPR0027,CHUN-SAN PAK,
DPR0027,CHUN SAN PAK,
DPR0028,IN SU PAK,
DPR0028,DANIEL PAK,
DPR0029,YOUNG HAN PARK,
DPR0030,WON GUN PYON,
DPR0031,SIN SONG RI,
DPR0032,SU NYO RYANG,
DPR0033,YONG RYOM,
DPR0033,RYOM YONG,
DPR0034,KYU-NAM SIN,
DPR0034,KYU NAM SIN,
DPR0035,SANG-KUK SO,
DPR0035,SANG KUK SO,
DPR0035,SANG-GUK SO,
DPR0036,TONG MYONG SO,
DPR0036,TONY MYONG SO,
DPR0037,YOUNG-NAM SON,
DPR0038,CHANG UK WANG,
DPR0038,WANG CHANG UK,
DPR0039,KYONGCHOL JO,
DPR0039,KYONG CHOL JO,
DPR0040,HYOK CHAN KIM,
DPR0041,JONG-GAK KIM,
DPR0041,JONG GAK KIM,
DPR0042,RAK KYOM KIM,
DPR0042,RAK GYOM KIM,
DPR0042,RAK-GYOM KIM,
DPR0042,RYAK GYOM KIM,
DPR0043,WON-HONG KIM,
DPR0043,WON HONG KIM,
DPR0044,YONG CHOL KIM,
DPR0044,YONG-CHOL KIM,
DPR0044,YOUNG-CHEOL KIM,
DPR0044,YOUNG-CHOL KIM,
DPR0044,YOUNG-CHUL KIM,
DPR0045,KUK-RYOL O,
DPR0045,KUK RYOL O,
DPR0046,JAE-GYONG PAK,
DPR0046,CHAE-KYONG PAK,
DPR0047,JONG-CHON PAK,
DPR0047,JONG CHON PAK,
DPR0048,HAK CHOL RI,
DPR0048,HAK CHEOL RI,
DPR0048,HAK CHUL RI,
DPR0049,JONG-SU RI,
DPR0049,JONG SU RI,
DPR0049,JONG-SU LI,
DPR0050,MYONG SU RI,
DPR0051,HONG CHAN SO,
DPR0052,CHOL-JU SON,
DPR0052,CHOL JU SON,
DPR0053,CHANG HYOK YUN,
DPR0053,YUN CHANG HYOK,
DPR0054,JONG-RIN YUN,
DPR0054,JONG RIN YUN,
DPR0055,KYONG HUI KIM,
DPR0055,KIM KYONG HUI,
DPR0056,SU GWANG KIM,
DPR0056,SON-GWANG KIM,
DPR0056,SON-KWANG KIM,
DPR0056,SOU-GWANG KIM,
DPR0056,SOUKWANG KIM,
DPR0056,SOU-KWANG KIM,
DPR0056,SU-GWANG KIM,
DPR0056,SU-KWANG KIM,
DPR0056,KIM SU GWANG,
DPR0057,YONG NAM KIM,
DPR0057,YONG-GON KIM,
DPR0057,YONG-NAM KIM,
DPR0057,YOUNG-NAM KIM,
DPR0057,KIM YONG NAM,
DPR0058,KOREA INTERNATIONAL EXHIBITION CORPORATION,
DPR0058,KIEC,
DPR0059,KOREA PUGANG MINING AND MACHINERY CORPORATION LTD,
DPR0060,KOREA RUNGRADO GENERAL TRADING CORPORATION,
DPR0060,RUNGRADO TRADING CORPORATION,
DPR0061,KOREAN PEOPLE'S ARMY,
DPR0062,KOREAN RYENGWANG TRADING CORPORATION,
DPR0062,KOREA R'YONGWANG TRADING CORPORATION,
DPR0063,MARITIME ADMINISTRATIVE BUREAU,
DPR0063,NORTH KOREA MARITIME ADMINISTRATION BUREAU,
DPR0064,PAN SYSTEMS PYONGYANG,
DPR0064,GLOCOM,
DPR0064,GLOCOM INTERNATIONAL GOLDEN SERVICES,
DPR0064,INTERNATIONAL GLOBAL SYSTEM,
DPR0064,INTERNATIONAL GOLDEN SERVICES,
DPR0064,WONBANG TRADING COMPANY,
DPR0065,SOBAEKU UNITED CORP.,
DPR0065,SOBAEKSU UNITED CORP.,
DPR0066,YONGBYON NUCLEAR RESEARCH CENTRE,
DPR0075,PETREL 8,
DPR0075,JAL VAHINI,
DPR0075,JAL_VAHINI,
DPR0075,TIAN TAI 36,
DPR0076,HAO FAN 6,
DPR0077,TONG SAN 2,
DPR0077,CHIL SUNG,
DPR0077,GENESIS WAVE,
DPR0077,HAEDONG CARRIER NO.9,
DPR0077,TWGENESIS WAVE,
DPR0078,JIE SHUN,
DPR0078,ARMON,
DPR0078,NORTHERN QUEEN,
DPR0078,VELOX,
DPR0092,BILLIONS NO.18,
DPR0092,GOLDEN YUKI,
DPR0093,UL JI BONG 6,
DPR0093,IZUMO,
DPR0093,MV.PAN HOPE,
DPR0093,MV.PAN HOPEBB,
DPR0093,PAN HOPE,
DPR0093,PAN HOPEB,
DPR0093,PAN HOPECH,
DPR0093,PAN HOPECL,
DPR0093,SHENG HONG,
DPR0093,SHENG HONGAY,
DPR0093,SHENG HONGB,
DPR0093,SHENG HONGBB,
DPR0093,SHENG HONGCH,
DPR0093,SHENG HONGCL,
DPR0093,SHENG_HONG,
DPR0094,RUNG RA 2,
DPR0094,DEER LAKE,
DPR0094,HOKUSHO MARU,
DPR0094,PAEK YANG SAN,
DPR0094,PEARL 8,
DPR0094,RUNGRA2,
DPR0095,RYE SONG GANG 1,
DPR0095,DEGTYARSK,
DPR0095,MEDSTAR,
DPR0095,POINTE DE PENHARN,
DPR0095,POINTE DU VAN,
DPR0095,RYESONGGANG1,
DPR0095,RYESONGGANG-1,
DPR0096,CHON MYONG 1,
DPR0096,CHIE MARU NO.6,
DPR0096,EASTERN LUCK,
DPR0096,JU JAK BONG 5,
DPR0096,JUJAKBONG5,
DPR0096,JUJAKBONH-5,
DPR0096,M/V CHON MYONG 1,
DPR0096,ZU ZAG BONG 5,
DPR0096,ZUZAGBONG-5,
DPR0097,AN SAN 1,
DPR0097,ALCHIMIST MARATHON,
DPR0097,ALCHIMIST ROTTERDAM,
DPR0097,ANSAN-1,
DPR0097,BESTE S,
DPR0097,CHIMISTE NANTES,
DPR0097,EFES,
DPR0097,ERMAK,
DPR0097,TIGER CUB,
DPR0098,YU PHYONG 5,
DPR0098,BOKWANG NO.5,
DPR0098,BOKWANG NO.5BL,
DPR0098,BOKWANG_NO5,
DPR0098,CHENG JIN,
DPR0098,CHEONG JIN,
DPR0098,RYOSHO MARU,
DPR0098,SAMWOO,
DPR0098,VLADIVOSTOK NO.5,
DPR0099,SAM JONG 1,
DPR0099,DAE HUNG 6,
DPR0099,TESSHIN MARU,
DPR0099,YU_JONG_1,
DPR0099,YUJONG1,
DPR0100,SAM JONG 2,
DPR0100,AKTIVA,
DPR0100,BIMA,
DPR0100,OCHRE POINT,
DPR0100,PETROCHEM VALOUR,
DPR0100,RAINBOW CHASER,
DPR0100,SOLVENT DISCOVERER,
DPR0100,TOM MIRA,
DPR0100,YU_JONG_3,
DPR0101,SAM MA 2,
DPR0101,CLEANSEAS CORAL,
DPR0101,MYONG SIN,
DPR0101,SAM_MA_2,
DPR0101,SAMMA2,
DPR0101,WAKATSURU MARU NO.6,
DPR0102,YU JONG 2,
DPR0102,DAE HUNG 12,
DPR0102,RYOKO,
DPR0102,RYOKO MARU NO.8,
DPR0102,YUJONG-2,
DPR0103,PAEK MA,
DPR0103,IL MOOK,
DPR0103,KISHU MARU,
DPR0103,ROYAL MIRACLE,
DPR0104,JI SONG 6,
DPR0105,CHON MA SAN,
DPR0105,GO MAL SAN 4,
DPR0106,NAM SAN 8,
DPR0106,KOAN MARU,
DPR0106,MUNAKATA,
DPR0106,MUNAKATA MARU NO.5,
DPR0106,ZU ZAG BONG 6,
DPR0107,YU SON,
DPR0107,Y CHUN,
DPR0108,WOORY STAR,
DPR0108,POLARIS NO.9,
DPR0108,STELLA POLARIS,
DPR0108,TAMNDA,
DPR0109,JI SONG 8,
DPR0109,ASIAN HOPE,
DPR0109,NEW RICH,
DPR0109,SHIKISHIMA MARU NO.1,
DPR0109,SHIKISHIMA NO.17,
DPR0109,YEDAR,
DPR0110,HAP JANG GANG 6,
DPR0110,SEIEI MARU,
DPR0110,SIN HUNG,
DPR0110,TAIYO II,
DPR0110,XIN HONG,
DPR0111,ASIA BRIDGE 1,
DPR0111,ASIA BRIDGE,
DPR0111,UNIT STAR,
DPR0112,XIN GUANG HAI,
DPR0112,CHUN KUAN,
DPR0112,SINO_7,
DPR0112,SPLENDOR,
DPR0112,TRUMP PESCADORES,
DPR0113,HUA FU,
DPR0113,ASIAN HARMONY,
DPR0113,HARVEST ACE,
DPR0113,HOAM,
DPR0113,HUA_FU,
DPR0113,SN HARMONY,
DPR0114,YUK TUNG,
DPR0114,CARLOTTA,
DPR0114,FOUR RIVERS,
DPR0114,ISOLA MAGENTA,
DPR0114,SANTRINA,
DPR0115,KOTI,
DPR0115,SEMUA SEJATI,
DPR0116,HAO FAN 2,
DPR0116,HAO FAN 2A,
DPR0116,HAO FAN 2AH,
DPR0116,HAO FAN 2AJ,
DPR0116,HAO FAN 2CH,
DPR0117,JIN HYE,
DPR0118,FAN KE,
DPR0119,WAN HENG 11,
DPR0120,MIN NING DE YOU 078,
DPR0121,SHANG YUAN BAO,
DPR0121,BOTANY TRINITY,
DPR0121,C.P. 33,
DPR0121,CP 33,
DPR0121,ELSA,
DPR0121,LOCKGROW888,
DPR0121,LUCK GROW 888,
DPR0122,NEW REGENT,
DPR0122,CRANE HOPE,
DPR0122,EIKOH MARU NO.2,
DPR0122,EW JOPEX,
DPR0122,NEW KOPEX,
DPR0123,KUM UN SAN 3,
DPR0124,ACADEMY OF NATIONAL DEFENSE SCIENCE,
DPR0124,SECOND ACADEMY OF NATURAL SCIENCES (KPE.018),
DPR0125,AMROGGANG DEVELOPMENT BANKING CORPORATION,
DPR0125,AMNOKKANG DEVELOPMENT BANK,
DPR0125,AMROGGANG DEVELOPMENT BANK,
DPR0126,BANK OF EAST LAND,
DPR0126,DONGBANG BANK,
DPR0126,TONGBANG BANK,
DPR0126,TONGBANG U'NHAENG,
DPR0127,CENTRAL MILITARY COMMISSION OF THE WORKERS' PARTY OF KOREA,
DPR0127,CMC,
DPR0128,CHANG AN SHIPPING & TECHNOLOGY,
DPR0128,CHANG AN SHIPPING AND TECHNOLOGY,
DPR0129,CHONG-CHONGANG SHIPPING COMPANY,
DPR0129,CHONG CHON GANG SHIPPING CO. LTD.,
DPR0129,CHONGCHONGANG SHIPPING CO LTD,
DPR0130,CHONMYONG SHIPPING CO,
DPR0130,CHON MYONG SHIPPING COMPANY LIMITED,
DPR0131,DAEDONG CREDIT BANK (DCB),
DPR0131,DAE-DONG CREDIT BANK,
DPR0131,DCB,
DPR0131,TAEDONG CREDIT BANK,
DPR0132,DCB FINANCE LIMITED,
DPR0133,FIRST OIL JV CO LTD,
DPR0134,FOREIGN TRADE BANK (FTB),
DPR0134,KOREA TRADING BANK,
DPR0134,MOOYOKBANK,
DPR0135,GENERAL BUREAU OF ATOMIC ENERGY (GBAE),
DPR0135,GENERAL DEPARTMENT OF ATOMIC ENERGY (GDAE),
DPR0136,GREEN PINE ASSOCIATED CORPORATION,
DPR0136,CHO'NGSONG UNITED TRADING COMPANY,
DPR0136,CHONGSONG YONHAP,
DPR0136,CH'O'NGSONG YO'NHAP,
DPR0136,CHOSUN CHAWO'N KAEBAL T'UJA HOESA,
DPR0136,JINDALLAE,
DPR0136,KU'MHAERYONG COMPANY LTD,
DPR0136,NATIONAL RESOURCES DEVELOPMENT AND INVESTMENT CORPORATION,
DPR0136,NATURAL RESOURCES DEVELOPMENT AND INVESTMENT CORPORATION,
DPR0136,SAEINGP'IL COMPANY,
DPR0136,SAENG PIL TRADING CORPORATION,
DPR0137,HAPJANGGANG SHIPPING CORP,
DPR0138,HESONG TRADING CORPORATION,
DPR0139,HONG KONG ELECTRONICS,
DPR0139,HONG KONG ELECTRONICS KISH CO.,
DPR0140,HUAXIN SHIPPING HONGKONG LTD,
DPR0141,ILSIM INTERNATIONAL BANK,
DPR0142,KANGBONG TRADING CORPORATION,
DPR0143,"KINGLY WON INTERNATIONAL CO., LTD",
DPR0144,KOREA ACHIM SHIPPING CO,
DPR0145,KOREA ANSAN SHIPPING COMPANY,
DPR0145,KOREA ANSAN SHPG CO,
DPR0145,KOREA ANSAN SHPG COMPANY,
DPR0146,KOREA COMPLEX EQUIPMENT IMPORT CORPORATION,
DPR0147,KOREA DAESONG BANK,
DPR0147,CHOSON TAESONG UNHAENG,
DPR0147,TAESONG BANK,
DPR0148,KOREA DAESONG GENERAL TRADING CORPORATION,
DPR0148,DAESONG TRADING,
DPR0148,DAESONG TRADING COMPANY,
DPR0148,KOREA DAESONG TRADING COMPANY,
DPR0148,KOREA DAESONG TRADING CORPORATION,
DPR0149,KOREA FOREIGN TECHNICAL TRADE CENTER,
DPR0150,KOREA HEUNGJIN TRADING COMPANY,
DPR0150,HUNJIN TRADING CO.,
DPR0150,KOREA HENGJIN TRADING COMPANY,
DPR0150,KOREA HENJIN TRADING CO.,
DPR0151,KOREA HYOKSIN TRADING CORPORATION,
DPR0151,KOREA HYOKSIN EXPORT AND IMPORT CORPORATION,
DPR0152,KOREA INTERNATIONAL CHEMICAL JOINT VENTURE COMPANY,
DPR0152,CHOSON INTERNATIONAL CHEMICALS JOINT OPERATION COMPANY,
DPR0152,CHOSUN INTERNATIONAL CHEMICALS JOINT OPERATION COMPANY,
DPR0152,INTERNATIONAL CHEMICAL JOINT VENTURE COMPANY,
DPR0153,KOREA KUMRYONG TRADING CORPORATION,
DPR0154,KOREA KUMSAN TRADING CORPORATION,
DPR0155,KOREA KWANGSON BANKING CORPORATION (KKBC),
DPR0155,KKBC,
DPR0156,KOREA KWANGSONG TRADING CORPORATION,
DPR0157,KOREA MINING DEVELOPMENT TRADING CORPORATION,
DPR0157,CHANGGWANG SINYONG CORPORATION,
DPR0157,DPRKN MINING DEVELOPMENT TRADING COOPERATION,
DPR0157,EXTERNAL TECHNOLOGY GENERAL CORPORATION,
DPR0157,KOMID,
DPR0158,KOREA MYONGDOK SHIPPING CO,
DPR0159,KOREA PUGANG TRADING CORPORATION,
DPR0160,KOREA RYONBONG GENERAL CORPORATION,
DPR0160,KOREA YONBONG GENERAL CORPORATION,
DPR0160,LYONGAKSAN GENERAL TRADING CORPORATION,
DPR0161,KOREA RYONHA MACHINERY JOINT VENTURE CORPORATION,
DPR0161,CHOSUN YUNHA MACHINERY JOINT OPERATION COMPANY,
DPR0161,HUICHON RYONHA MACHINERY GENERAL PLANT,
DPR0161,KOREA RYENHA MACHINERY J/V CORPORATION,
DPR0161,MILLIM TECHNOLOGY COMPANY,
DPR0161,RYONHA MACHINE TOOL,
DPR0161,RYONHA MACHINE TOOL CORPORATION,
DPR0161,RYONHA MACHINERY CORP.,
DPR0161,RYONHA MACHINERY CORPORATION,
DPR0161,RYONHA MACHINERY JOINT VENTURE CORPORATION,
DPR0161,RYONHWA MACHINERY JOINT VENTURE CORPORATION,
DPR0161,RYONHWA MACHINERY JV,
DPR0161,UNSAN,
DPR0161,UNSAN SOLID TOOLS,
DPR0162,KOREA SAMJONG SHIPPING,
DPR0163,KOREA SAMMA SHIPPING CO,
DPR0163,KOREA SAMMA SHPG CO,
DPR0164,KOREA TAESONG TRADING COMPANY,
DPR0165,KOREA UNITED DEVELOPMENT BANK,
DPR0166,KOREA YUJONG SHIPPING CO LTD,
DPR0167,KOREAN COMMITTEE FOR SPACE TECHNOLOGY,
DPR0167,COMMITTEE FOR SPACE TECHNOLOGY,
DPR0167,DEPARTMENT OF SPACE TECHNOLOGY OF THE DPRK,
DPR0167,DPRK COMMITTEE FOR SPACE TECHNOLOGY,
DPR0167,KCST,
DPR0168,KOREAN NATIONAL INSURANCE CORPORATION (KNIC),
DPR0168,KOREA FOREIGN INSURANCE COMPANY,
DPR0168,KOREA NATIONAL INSURANCE CORPORATION,
DPR0169,KOREAN TANGUN TRADING CORPORATION,
DPR0169,KORE KURYONGGANG TRADING CORPORATION,
DPR0169,KURYONGGANG TRADING CORPORATION,
DPR0169,RYUNG SENG TRADING CORPORATION,
DPR0169,RYUNGSENG TRADING CORPORATION,
DPR0169,RYUNGSONG TRADING CORPORATION,
DPR0170,KORYO BANK,
DPR0171,KORYO CREDIT DEVELOPMENT BANK,
DPR0171,DAESONG CREDIT DEVELOPMENT BANK,
DPR0171,KORYO GLOBAL CREDIT BANK,
DPR0171,KORYO GLOBAL TRUST BANK,
DPR0172,KOTI CORP,
DPR0173,LEADER (HONG KONG) INTERNATIONAL,
DPR0173,LEADER (HONG KONG) INTERNATIONAL TRADING LIMITED,
DPR0173,LEADER INTERNATIONAL TRADING LIMITED,
DPR0174,MANSUDAE OVERSEAS PROJECT GROUP OF COMPANIES,
DPR0174,MANSUDAE ART STUDIO,
DPR0175,MINISTRY OF ATOMIC ENERGY INDUSTRY,
DPR0175,MAEI,
DPR0176,MINISTRY OF NATIONAL DEFENCE,
DPR0176,MINISTRY OF NATIONAL DEFENSE,
DPR0176,MINISTRY OF DEFENCE,
DPR0176,MINISTRY OF DEFENSE,
DPR0176,MINISTRY OF THE PEOPLES ARMED FORCES (MPAF),
DPR0177,MUNITIONS INDUSTRY DEPARTMENT,
DPR0177,MACHINE INDUSTRY DEPARTMENT,
DPR0177,MID,
DPR0177,MILITARY SUPPLIES INDUSTRY DEPARTMENT,
DPR0178,MYOHYANG SHIPPING CO,
DPR0179,NAMCHONGANG TRADING CORPORATION,
DPR0179,KOREA DAERYONGGANG TRADING CORPORATION,
DPR0179,KOREA TEARYONGGANG TRADING CORPORATION,
DPR0179,NAM CHON GANG CORPORATION,
DPR0179,NAM CHONG GAN TRADING CORPORATION,
DPR0179,NAMCHONGANG TRADING,
DPR0179,NAMHUNG TRADING CORPORATION,
DPR0179,NCG,
DPR0179,NOMCHONGANG TRADING CO.,
DPR0180,NATIONAL AEROSPACE TECHNOLOGY ADMINISTRATION,
DPR0180,NADA,
DPR0180,NATA,
DPR0180,NATIONAL AEROSPACE DEVELOPMENT ADMINISTRATION,
DPR0181,"OCEAN MARITIME MANAGEMENT COMPANY, LIMITED (OMM)",
DPR0181,AEYANG CREW MANAGEMENT COMPANY,
DPR0181,EAST SEA SHIPPING COMPANY,
DPR0181,KOREA MIRAE SHIPPING CO. LTD,
DPR0182,OFFICE 39,
DPR0182,BUREAU 39,
DPR0182,CENTRAL COMMITTEE BUREAU 39,
DPR0182,DIVISION 39,
DPR0182,OFFICE #39,
DPR0182,OFFICE NO. 39,
DPR0182,THIRD FLOOR,
DPR0183,ORGANIZATION AND GUIDANCE DEPARTMENT (OGD),
DPR0184,PAEKMA SHIPPING CO,
DPR0184,CARE OF FIRST OIL JV CO LTD,
DPR0185,PHYONGCHON SHIPPING & MARINE,
DPR0185,PHYONGCHON SHIPPING AND MARINE,
DPR0186,PRO-GAIN GROUP CORPORATION,
DPR0187,PROPAGANDA AND AGITATION DEPARTMENT (PAD),
DPR0188,RECONNAISSANCE GENERAL BUREAU (RGB),
DPR0188,CHONGCH'AI CH'ONGGUK,
DPR0188,KPA UNIT 586,
DPR0188,RGB,
DPR0189,SECOND ACADEMY OF NATURAL SCIENCES,
DPR0189,2ND ACADEMY OF NATURAL SCIENCES,
DPR0189,ACADEMY OF NATURAL SCIENCES,
DPR0189,CHAYON KWAHAK-WON,
DPR0189,CHE 2 CHAYON KWAHAKWON,
DPR0189,KUKPANG KWAHAK-WON,
DPR0189,NATIONAL DEFENSE ACADEMY,
DPR0189,SANSRI,
DPR0189,SECOND ACADEMY OF NATURAL SCIENCES RESEARCH INSTITUTE,
DPR0190,SECOND ECONOMIC COMMITTEE,
DPR0191,SHANGHAI DONGFENG SHIPPING CO LTD,
DPR0192,SHEN ZHONG INTERNATIONAL SHIPPING,
DPR0193,SINGWANG ECONOMICS AND TRADING GENERAL CORPORATION,
DPR0194,STRATEGIC ROCKET FORCE OF THE KOREAN PEOPLE'S ARMY,
DPR0194,STRATEGIC FORCE,
DPR0194,STRATEGIC FORCES,
DPR0194,STRATEGIC ROCKET FORCE,
DPR0194,STRATEGIC ROCKET FORCE COMMAND OF KPA,
DPR0195,TANCHON COMMERCIAL BANK,
DPR0195,CHANGGWANG CREDIT BANK,
DPR0195,KOREA CHANGGWANG CREDIT BANK,
DPR0196,TOSONG TECHNOLOGY TRADING CORPORATION,
DPR0197,WEIHAI WORLD-SHIPPING FREIGHT,
DPR0198,YUK TUNG ENERGY PTE LTD,
DPR0199,CHANG CHANG HA,
DPR0199,JANG CHANG HA,Good quality a.k.a
DPR0200,CHANG MYONG-CHIN,
DPR0200,JANG MYONG-JIN,Good quality a.k.a
DPR0201,CHO CHUN RYONG,
DPR0201,JO CHUN RYONG,Good quality a.k.a
DPR0202,JO CHOL,Good quality a.k.a
DPR0202,CHO CH'O'L,Good quality a.k.a
DPR0202,CHO IL WOO,Good quality a.k.a
DPR0203,CHO YON CHUN,
DPR0203,JO YON JUN,Good quality a.k.a
DPR0204,CHOE CHUN YONG,
DPR0204,CH'OE CH'UN-YO'NG,Good quality a.k.a
DPR0205,CHOE CHUN-SIK,
DPR0205,CHOE CHUN SIK,Good quality a.k.a
DPR0205,CH'OE CH'UN SIK,Good quality a.k.a
DPR0206,CHOE HWI,
DPR0207,CH'OE SO'K MIN,
DPR0207,CHOE SOK MIN,
DPR0208,CHOE SONG IL,
DPR0209,CHU HYO'K,
DPR0209,JU HYOK,Good quality a.k.a
DPR0210,HAN JANG SU,
DPR0210,CHANG-SU HAN,Good quality a.k.a
DPR0211,HAN YU-RO,
DPR0212,HWANG SOK-HWA,
DPR0212,HWANG SOK HA,
DPR0213,HYON KWANG IL,
DPR0213,HYON GWANG IL,Good quality a.k.a
DPR0214,JANG BOM SU,
DPR0214,JANG HYON U,Good quality a.k.a
DPR0214,JANG POM SU,Good quality a.k.a
DPR0215,JANG SONG CHOL,
DPR0216,JANG SUNG NAM,
DPR0217,JANG YONG SON,
DPR0218,JO CHOL SONG,
DPR0218,CHO CH'O'L-SO'NG,Good quality a.k.a
DPR0219,JO YONG CHOL,
DPR0219,CHO YONG CHOL,Good quality a.k.a
DPR0220,JO YONG-WON,
DPR0220,CHO YONGWON,Good quality a.k.a
DPR0221,JON MYONG GUK,
DPR0221,CHO'N MYO'NG-KUK,Good quality a.k.a
DPR0221,JON YONG SANG,Good quality a.k.a
DPR0222,KANG CHOL SU,
DPR0223,KANG MUN KIL,
DPR0223,JIAN WENJI,Good quality a.k.a
DPR0223,JIANG WEN-JI,Good quality a.k.a
DPR0224,KANG RYONG,
DPR0225,KIM CHOL NAM,
DPR0226,KIM CHOL SAM,
DPR0226,JIN TIESAN,Good quality a.k.a
DPR0227,KIM JONG SIK,
DPR0227,KIM CHO'NG-SIK,Good quality a.k.a
DPR0228,KIM JUNG JONG,
DPR0228,KIM CHUNG CHONG,Good quality a.k.a
DPR0229,KIM KWANG-IL,
DPR0230,KIM KYONG IL,
DPR0230,KIM KYO'NG-IL,Good quality a.k.a
DPR0231,KIM KYONG OK,
DPR0232,KIM KYU,
DPR0233,KIM MUN CHOL,
DPR0233,KIM MUN-CH'O'L,Good quality a.k.a
DPR0234,KIM NAM UNG,
DPR0235,KIM SE GON,
DPR0236,KIM SOK CHOL,
DPR0237,KIM SONG CHOL,
DPR0237,KIM HAK SONG,Good quality a.k.a
DPR0238,KIM TONG CHOL,
DPR0238,KIM TONG-CH'O'L,Good quality a.k.a
DPR0239,KIM TONG MY'ONG,
DPR0239,KIM CHIN-SO'K,Good quality a.k.a
DPR0239,KIM HYOK CHOL,Good quality a.k.a
DPR0239,KIM HYOK-CHOL,Good quality a.k.a
DPR0239,KIM JIN-SOK,Good quality a.k.a
DPR0239,KIM TONG MYONG,Good quality a.k.a
DPR0239,KIM TONG-MYONG,Good quality a.k.a
DPR0239,KIM TONG-MYO'NG,Good quality a.k.a
DPR0240,KIM TONG-HO,
DPR0241,KIM YONG CHOL,
DPR0241,KIM YONG-CHOL,Good quality a.k.a
DPR0241,KIM YOUNG-CHEOL,Good quality a.k.a
DPR0241,KIM YOUNG-CHOL,Good quality a.k.a
DPR0241,YOUNG-CHUL,Good quality a.k.a
DPR0242,KO CHOL MAN,
DPR0242,KO CH'O'L-MAN,Good quality a.k.a
DPR0243,KO CH'O'L-CHAE,
DPR0244,KO TAE HUN,
DPR0244,KIM MYONG GI,Good quality a.k.a
DPR0245,KU JA HYONG,
DPR0245,KU CHA-HYO'NG,Good quality a.k.a
DPR0246,MIN BYONG CHUN,Good quality a.k.a
DPR0246,MIN BYONG-CHOL,Good quality a.k.a
DPR0246,MIN PYO'NG-CH'O'L,Good quality a.k.a
DPR0247,MUN CHO'NG-CH'O'L,
DPR0247,MUN CHONG-CHOL,
DPR0248,MUN KYONG HWAN,
DPR0248,MUN KYO'NG-HWAN,Good quality a.k.a
DPR0249,PAE WON UK,
DPR0249,PAE WO'N-UK,Good quality a.k.a
DPR0250,PAEK CHANG-HO,
DPR0250,PAEK CH'ANG-HO,Good quality a.k.a
DPR0250,PAK CHANG-HO,Good quality a.k.a
DPR0251,PAEK SE BONG,
DPR0251,PAEK SE PONG,Good quality a.k.a
DPR0252,PAK BONG NAM,
DPR0252,PAK PONG NAM,Good quality a.k.a
DPR0252,PAK PONG-NAM,Good quality a.k.a
DPR0252,LUI WAI MING,Good quality a.k.a
DPR0253,PAK CHUN IL,
DPR0254,PAK HAN SE,
DPR0254,KANG MYONG CHOL,Good quality a.k.a
DPR0255,PAK IL KYU,
DPR0255,PAK IL-GYU,Good quality a.k.a
DPR0256,PAK MUN IL,
DPR0256,PAK MUN-IL,Good quality a.k.a
DPR0257,PAK TO CHUN,
DPR0257,PAK DO CHUN,Good quality a.k.a
DPR0257,PAK TO'-CH'UN,Good quality a.k.a
DPR0258,PAK YONG SIK,
DPR0258,PAK YO'NG-SIK,Good quality a.k.a
DPR0259,RA KY'ONG-SU,
DPR0259,RA KYUNG-SU,Good quality a.k.a
DPR0259,CHANG MYONG HO,Good quality a.k.a
DPR0259,CHANG MYO'NG-HO,Good quality a.k.a
DPR0259,CHANG MYONG-HO,Good quality a.k.a
DPR0259,RA KYONG-SU,
DPR0260,RI CHUN HWAN,
DPR0260,RI CH'UN-HWAN,Good quality a.k.a
DPR0261,RI CHUN SONG,
DPR0261,RI CH'UN-SO'NG,Good quality a.k.a
DPR0262,RI HONG-SOP,
DPR0263,RI JAE IL,
DPR0263,RI CHAE-IL,Good quality a.k.a
DPR0264,RI JE-SON,
DPR0264,RI CHE-SON,Good quality a.k.a
DPR0265,RI MAN GON,
DPR0266,RI PYONG CHUL,
DPR0266,RI PYONG CHOL,
DPR0266,RI PYO'NG-CH'O'L,Good quality a.k.a
DPR0267,RI SONG HYOK,
DPR0267,LI CHENG HE,Good quality a.k.a
DPR0268,RI SU YONG,
DPR0269,RI U'N SO'NG,
DPR0269,RI EUN SONG,Good quality a.k.a
DPR0269,RI UN SONG,Good quality a.k.a
DPR0270,RI WON HO,
DPR0271,RI YONG MU,
DPR0271,RI YONG-MU,Good quality a.k.a
DPR0272,RYU JIN,
DPR0273,SON JONG HYOK,
DPR0273,SON MIN,Good quality a.k.a
DPR0274,SON MUN SAN,
DPR0275,TSANG YUNG YUAN,
DPR0275,NEIL TSANG,Good quality a.k.a
DPR0275,YUN YUAN TSANG,Good quality a.k.a
DPR0276,YO'N CHO'NG NAM,
DPR0277,YU CHOL U,
DPR0278,YUN HO-JIN,
DPR0278,YUN HO-CHIN,Good quality a.k.a
DPR0280,DONG FENG 6,
DRC0001,GASTON HUGHES ILUNGA KAMPETE,
DRC0001,GASTSON HUGHES ILUNGA KAMPETE,
DRC0001,HUGUES RASTON ILLUNGA KAMPETE,
DRC0002,GABRIEL AMISI KUMBA,
DRC0002,GABRIEL AMISI NKUMBA,
DRC0002,TANGO FORT,
DRC0002,TANGO FOUR,
DRC0003,FERDINAND ILUNGA LUYOYO,
DRC0004,CELESTIN KANYAMA,
DRC0004,CELESTIN ANTOINE,
DRC0004,CISHIKU BILOLO ANTOINE,
DRC0004,KANYAMA CELESTIN CISHIKU ANTOINE,
DRC0004,KANYAMA TSHISIKU ANTOINE,
DRC0004,CELESTIN CELESTIN,
DRC0004,CISHIKU BILOLO CELESTIN,
DRC0004,KANYAMA CELESTIN CISHIKU CELESTIN,
DRC0004,KANYAMA TSHISIKU CELESTIN,
DRC0004,CISHIKU BILOLO KANYAMA,
DRC0004,KANYAMA CELESTIN CISHIKU KANYAMA,
DRC0004,KANYAMA TSHISIKU KANYAMA,
DRC0004,ESPRIT DE MORT,
DRC0005,JOHN NUMBI,
DRC0005,JOHN NUMBA BANZA TAMBO,
DRC0005,TAMBO NUMBA BANZA TAMBO,
DRC0005,TAMBO NUMBI,
DRC0005,JOHN NUMBI BANZA NTAMBO,
DRC0005,TAMBO NUMBI BANZA NTAMBO,
DRC0008,EVARISTE BOSHAB,
DRC0008,EVARIST BOSHAB,
DRC0008,EVARIST BOSHAB MABUDJ,
DRC0008,EVARISTE BOSHAB MABUDJ,
DRC0008,EVARIST BOSHAB MABUDJ MABILENGE,
DRC0008,EVARISTE BOSHAB MABUDJ MABILENGE,
DRC0008,EVARISTE BOSHAB MABUDJ-MA-BILENGE,
DRC0008,EVARISTE BOSHAB MABUTSH,
DRC0008,EVARISTE MULUMBU BOSHAB,
DRC0012,EMMANUEL RAMAZANI SHADARI MULANDA,
DRC0012,EMMANUEL RAMAZANI SHADARI,
DRC0012,RAMAZANI SHADARI,
DRC0012,RAMAZANI SHADARI MULANDA,
DRC0012,EMMANUEL RAMAZANI SHADARY,
DRC0012,RAMAZANI SHADARY,
DRC0013,KALEV MUTONDO,
DRC0013,KALEV KATANGA,
DRC0013,KALEV KATANGA KATANGA,
DRC0013,KALEV MUTONDO KATANGA,
DRC0013,KALEV MOTONO,
DRC0013,KALEV KATANGA MOTONO,
DRC0013,KALEV MUTONDO MOTONO,
DRC0013,KALEV MUTOID,
DRC0013,KALEV KATANGA MUTOID,
DRC0013,KALEV MUTONDO MUTOID,
DRC0013,KALEV MUTOMBO,
DRC0013,KALEV KATANGA MUTOMBO,
DRC0013,KALEV MUTONDO MUTOMBO,
DRC0013,KALEV MUTOND,
DRC0013,KALEV KATANGA MUTOND,
DRC0013,KALEV MUTONDO MUTOND,
DRC0013,KALEV KATANGA MUTONDO,
DRC0013,KALEV MUTONDO MUTONDO,
DRC0013,KALEV MUTUND,
DRC0013,KALEV KATANGA MUTUND,
DRC0013,KALEV MUTONDO MUTUND,
DRC0013,KALEV MUTUNDO,
DRC0013,KALEV KATANGA MUTUNDO,
DRC0013,KALEV MUTONDO MUTUNDO,
DRC0014,ERIC RUHORIMBERE,
DRC0014,ERIC HURIEMBERE,
DRC0014,ERICK HURIEMBERE,
DRC0014,ERIC ROHIMBERE,
DRC0014,ERICK ROHIMBERE,
DRC0014,ERIC RORUIMBERE,
DRC0014,ERICK RORUIMBERE,
DRC0014,ERIC RUHERIMBERE,
DRC0014,ERICK RUHERIMBERE,
DRC0014,ERIC RUHIMBERE,
DRC0014,ERICK RUHIMBERE,
DRC0014,ERIC RUHORHIMBERE,
DRC0014,ERICK RUHORHIMBERE,
DRC0014,ERICK RUHORIMBERE,
DRC0014,ERIC RUOHIMBERE,
DRC0014,ERICK RUOHIMBERE,
DRC0014,ERIC RURIOMBELE RUHANGA,
DRC0014,ERICK RURIOMBELE RUHANGA,
DRC0014,HARO RUHORIMBERE,
DRC0014,TANGO DEUX,
DRC0014,TANGO TANGO,
DRC0014,TANGO TWO,
DRC0015,ADF (ALLIED DEMOCRATIC FORCES),
DRC0015,ADF/NALU,
DRC0015,ALLIED DEMOCRATIC FORCES,
DRC0015,FORCES DEMOCRATIQUES ALLIEES-ARMEE NATIONALE DE LIBERATION DE L'OUGANDA,
DRC0015,NALU,
DRC0016,BUTEMBO AIRLINES,
DRC0016,BAL,
DRC0017,COMPAGNIE AERIENNE DES GRANDS LACS (CAGL),
DRC0017,CAGL,
DRC0017,GREAT LAKES BUSINESS COMPANY (GLBC),
DRC0018,CONGOMET TRADING HOUSE,
DRC0019,FORCES DEMOCRATIQUES DE LIBERATION DU RWANDA (FDLR),
DRC0019,COMBATANT FORCE FOR THE LIBERATION OF RWANDA,
DRC0019,FDLR,
DRC0019,FOCA,
DRC0019,FORCE COMBATTANTE ABACUNGUZI,
DRC0020,M23,
DRC0020,MOUVEMENT DU 23 MARS,
DRC0021,MACHANGA LTD,
DRC0022,TOUS POUR LA PAIX ET LE DEVELOPPEMENT (NGO),
DRC0022,TPD,
DRC0023,UGANDA COMMERCIAL IMPEX (UCI) LTD,
DRC0024,BAUDOIN NGARUYE WA MYAMURO,
DRC0024,BAUDOIN NGARUYE,Good quality a.k.a
DRC0025,BOSCO TAGANDA,
DRC0025,LYDIA,Low quality a.k.a
DRC0025,MAJOR,Low quality a.k.a
DRC0025,BOSCO NTAGANDA,Good quality a.k.a
DRC0025,BOSCO NTAGENDA,Good quality a.k.a
DRC0025,TANGO ROMEO,Low quality a.k.a
DRC0025,TAGANDA,Good quality a.k.a
DRC0025,TERMINATOR,Low quality a.k.a
DRC0026,CALLIXTE MBARUSHIMANA,
DRC0027,DIEUDONNE OZIA MAZIO,
DRC0027,OZIA MAZIO,Good quality a.k.a
DRC0027,OMARI,Low quality a.k.a
DRC0028,ERIC BADEGE,
DRC0029,FELICIEN NSANZUBUKIRE,
DRC0029,FRED IRAKEZA,Good quality a.k.a
DRC0030,FLORIBERT NGABU NJABU,
DRC0030,FLORIBERT NDJABU,Good quality a.k.a
DRC0030,FLORIBERT NGABU NDJABU,Good quality a.k.a
DRC0030,FLORIBERT NJABU NGABU,Good quality a.k.a
DRC0031,FRANK KAKOLELE BWAMBALE,
DRC0031,AIGLE BLANC,Good quality a.k.a
DRC0031,KAKORERE FRANK BWAMBALE,Good quality a.k.a
DRC0031,FRANK KAKORERE,Good quality a.k.a
DRC0032,GASTON IYAMUREMYE,
DRC0032,MICHEL BYIRINGIRO,Good quality a.k.a
DRC0032,RUMULI,Low quality a.k.a
DRC0032,BYIRINGIRO VICTOR RUMULI,Good quality a.k.a
DRC0032,VICTOR RUMULI,Good quality a.k.a
DRC0033,GEDEON KYUNGU MUTANGA WA BAFUNKWA KANONGA,
DRC0034,GERMAIN KATANGA,
DRC0035,GUIDON SHIMIRAY MWISSA,
DRC0036,IGNACE MURWANASHYAKA,
DRC0036,IGNACE,Low quality a.k.a
DRC0037,INNOCENT KAINA,
DRC0037,INNOCENT KAINA,Good quality a.k.a
DRC0037,INDIA QUEEN,Low quality a.k.a
DRC0038,INNOCENT ZIMURINDA,
DRC0038,ZIMULINDA,Low quality a.k.a
DRC0039,IRUTA DOUGLAS MPAMO,
DRC0039,DOUGLAS IRUTA MPAMO,Good quality a.k.a
DRC0039,MPANO,Low quality a.k.a
DRC0040,JAMES NYAKUNI,
DRC0041,JAMIL MUKULU,
DRC0041,STEVEN ALIRABAKI,Good quality a.k.a
DRC0041,ABDULLAH JUNJUAKA,Good quality a.k.a
DRC0041,ALILABAKI KYAGULANYI,Good quality a.k.a
DRC0041,DAVID KYAGULANYI,Good quality a.k.a
DRC0041,NICOLAS LUUMU,Good quality a.k.a
DRC0041,JULIUS ELIUS MASHAURI,Good quality a.k.a
DRC0041,DAVID AMOS MAZENGO,Good quality a.k.a
DRC0041,HUSSEIN MUHAMMAD,Good quality a.k.a
DRC0041,MUSHARAF,Low quality a.k.a
DRC0041,TALENGELANIMIRO,Low quality a.k.a
DRC0041,MUSEZI TALENGELANIMIRO,Good quality a.k.a
DRC0041,MZEE TUTU,Good quality a.k.a
DRC0042,JEAN-MARIE LUGERERO RUNIGA,
DRC0042,JEAN-MARIE RUGERERO,Good quality a.k.a
DRC0043,JEROME KAKWAVU BUKANDE,
DRC0043,COMMANDANT JEROME,Low quality a.k.a
DRC0043,JEROME KAKWAVU,Good quality a.k.a
DRC0044,JULES MUTEBUTSI,
DRC0044,JULES MUTEBUSI,Good quality a.k.a
DRC0044,MUTEBUTSI,Good quality a.k.a
DRC0044,JULES MUTEBUZI,Good quality a.k.a
DRC0045,KHAWA PANGA MANDRO,
DRC0045,KAHWA,Low quality a.k.a
DRC0045,MANDRO PANGA KAHWA,Good quality a.k.a
DRC0045,YVES ANDOUL KARIM,Good quality a.k.a
DRC0045,KAWA,Low quality a.k.a
DRC0045,KAWA MANDRO,Good quality a.k.a
DRC0045,KAWA PANGA MANDRO,Good quality a.k.a
DRC0045,YVES KHAWA PANGA MANDRO,Good quality a.k.a
DRC0045,KAWA PANGA,Good quality a.k.a
DRC0046,LAURENT NKUNDA,
DRC0046,LAURENT NKUNDA BATWARE,Good quality a.k.a
DRC0046,LAURENT NKUNDA MAHORO BATWARE,Good quality a.k.a
DRC0046,LAURENT NKUNDA BWATARE,Good quality a.k.a
DRC0046,CHAIRMAN,Low quality a.k.a
DRC0046,NKUNDA MIHIGO LAURENT,Good quality a.k.a
DRC0046,NKUNDA,Low quality a.k.a
DRC0046,LAURENT NKUNDABATWARE,Good quality a.k.a
DRC0046,PAPA SIX,Low quality a.k.a
DRC0047,LEODOMIR MUGARAGU,
DRC0047,MANZI LEON,Good quality a.k.a
DRC0047,LEO MANZI,Good quality a.k.a
DRC0048,LEOPOLD MUJYAMBERE,
DRC0048,ACHILLE,Low quality a.k.a
DRC0048,FRERE PETRUS IBRAHIM,Low quality a.k.a
DRC0048,MUSENYERI,Low quality a.k.a
DRC0049,LUCIEN NZAMBAMWITA,
DRC0049,ANDRE KALUME,Good quality a.k.a
DRC0050,MATHIEU CHUI NGUDJOLO,
DRC0050,CUI NGUDJOLO,Good quality a.k.a
DRC0051,MUHINDO AKILI MUNDOS,
DRC0051,AKILI MUHINDO,Good quality a.k.a
DRC0051,CHARLES MUHINDO AKILI MUNDOS,Good quality a.k.a
DRC0051,MUHINDO MUNDOS,Good quality a.k.a
DRC0052,NTABO NTABERI SHEKA,
DRC0053,PACIFIQUE NTAWUNGUKA,
DRC0053,ISRAEL,Low quality a.k.a
DRC0053,PACIFIQUE NTAWUNGULA,Good quality a.k.a
DRC0053,NZERI,Low quality a.k.a
DRC0053,OMEGA,Low quality a.k.a
DRC0054,STANISLAS NZEYIMANA,
DRC0054,BIGARUKA,Low quality a.k.a
DRC0054,BIGURURA,Low quality a.k.a
DRC0054,IZABAYO DEO,Good quality a.k.a
DRC0054,DEOGRATIAS BIGARUKA IZABAYO,Good quality a.k.a
DRC0054,JULES MATESO MLAMBA,Good quality a.k.a
DRC0055,STRATON MUSONI,
DRC0055,IO MUSONI,Good quality a.k.a
DRC0056,SULTANI MAKENGA,
DRC0056,EMMANUEL SULTANI MAKENGA,Good quality a.k.a
DRC0056,SULTANI MAKENGA,Good quality a.k.a
DRC0057,SYLVESTRE MUDACUMURA,
DRC0057,MUPENZI BERNARD,Good quality a.k.a
DRC0057,MUDACUMURA,Good quality a.k.a
DRC0057,MUPENZI,Good quality a.k.a
DRC0057,PHARAOH,Low quality a.k.a
DRC0057,RADJA,Low quality a.k.a
DRC0058,THOMAS LUBANGA,
DRC0059,SEKA BALUKU,
DRC0059,MZEE KAJAJU,Low quality a.k.a
DRC0059,LUMONDE,Low quality a.k.a
DRC0059,LUMU,Low quality a.k.a
DRC0059,MUSA,Low quality a.k.a
DRC0063,DESIRE LOKANA LOKANZA,
DRC0064,TIGER ONE,Low quality a.k.a
DRC0065,GATOKARAKURA,Low quality a.k.a
DRC0065,ZORRO MIDENDE,Good quality a.k.a
DRC0065,RUHINDA,Good quality a.k.a
DRC0065,GABY RUHINDA,Good quality a.k.a
DRC0066,WILLIAM YAKUTUMBA,
DRC0066,YAKUTUMBA,Good quality a.k.a
DRC0067,ADONIA,Low quality a.k.a
DRC0067,AMIKWE LEPIC,Good quality a.k.a
DRC0068,ABU WAQAS,Low quality a.k.a
DRC0068,ABUWAKAS,Low quality a.k.a
DRC0068,ABWAKASI,Low quality a.k.a
DRC0068,AHMED MAHAMUD HASSAN ALIYANI,Good quality a.k.a
DRC0068,AHMAD MAHMOUD HASSAN,Good quality a.k.a
DRC0068,AHMED MAHAMOOD HASSAN,Good quality a.k.a
DRC0068,JUNDI,Low quality a.k.a
DRC0068,LEBLANC,Low quality a.k.a
DRC0068,MARABOU,Low quality a.k.a
DRC0068,MURABU,Low quality a.k.a
DRC0068,MWARABU,Low quality a.k.a
DRC0068,SAINT JOYAGE,Low quality a.k.a
DRC0069,ABOU SHAUKAN,Low quality a.k.a
DRC0069,ABU SHAUKAN,Low quality a.k.a
DRC0069,ABUL JIHAD,Low quality a.k.a
DRC0069,DEFENDER,Low quality a.k.a
DRC0069,KASIBANTE,Low quality a.k.a
DRC0069,MEDDIE LEE,Good quality a.k.a
DRC0069,MEDDIE NKALUBO,Good quality a.k.a
DRC0069,PUNISHER,Low quality a.k.a
DRC0069,PUNNY BOY,Low quality a.k.a
DRC0071,MAKANIKA,
DRC0072,ALAIN GOETZ,
DRC0072,ALEN GOZ,
GAC0001,ARTEM KONSTANTINOVICH KUZNETSOV,
GAC0001,ARTYOM KONSTANTINOVICH KUZNETSOV,
GAC0002,PAVEL ALEKSANDROVICH KARPOV,
GAC0002,PAVEL ALEXANDROVICH KARPOV,
GAC0003,STANISLAV EVGENIEVICH GORDIEVSKY,
GAC0003,STANISLAV EVGENIEVICH GORDIEVSKIY,
GAC0003,STANISLAV YEVGYENYEVICH GORDIEVSKIY,
GAC0003,STANISLAV YEVGYENYEVICH GORDIEVSKY,
GAC0004,OLGA GERMANOVNA STEPANOVA,
GAC0004,OLGA HERMANOVNA STEPANOVA,
GAC0005,VLADLEN YURIEVICH STEPANOV,
GAC0005,VLADLEN YURYEVICH STEPANOV,
GAC0006,YELENA IVANOVNA KHIMINA,
GAC0006,ELENA IVANOVNA KHIMINA,
GAC0007,ANDREY ALEKSEYEVICH PAVLOV,
GAC0007,ANDREI ALEKSEEVICH PAVLOV,
GAC0007,ANDREI ALEKSEYEVICH PAVLOV,
GAC0007,ANDREI ALEXEEVICH PAVLOV,
GAC0007,ANDREI ALEXEYEVICH PAVLOV,
GAC0007,ANDREY ALEKSEEVICH PAVLOV,
GAC0007,ANDREY ALEXEYEVICH PAVLOV,
GAC0008,ALEKSEY NIKOLAEVICH SHESHENYA,
GAC0008,ALEKSEI NIKOLAEVICH SHESHENIA,
GAC0008,ALEKSEI NIKOLAYEVICH SHESHENIA,
GAC0008,ALEKSEY NIKOLAEVICH SHESHENIA,
GAC0008,ALEKSEY NIKOLAYEVICH SHESHENIA,
GAC0008,ALEXEI NIKOLAEVICH SHESHENIA,
GAC0008,ALEXEI NIKOLAYEVICH SHESHENIA,
GAC0008,ALEXEY NIKOLAEVICH SHESHENIA,
GAC0008,ALEXEY NIKOLAYEVICH SHESHENIA,
GAC0008,ALEKSEI NIKOLAEVICH SHESHENYA,
GAC0008,ALEKSEI NIKOLAYEVICH SHESHENYA,
GAC0008,ALEKSEY NIKOLAYEVICH SHESHENYA,
GAC0008,ALEXEI NIKOLAEVICH SHESHENYA,
GAC0008,ALEXEI NIKOLAYEVICH SHESHENYA,
GAC0008,ALEXEY NIKOLAEVICH SHESHENYA,
GAC0008,ALEXEY NIKOLAYEVICH SHESHENYA,
GAC0009,GENNADY NIKOLAEVICH PLAKSIN,
GAC0009,GENNADIY NIKOLAEVICH PLAKSIN,
GAC0009,GENNADIY NIKOLAYEVICH PLAKSIN,
GAC0009,GENNADY NIKOLAYEVICH PLAKSIN,
GAC0010,VYACHESLAV GEORGIEVICH KHLEBNIKOV,
GAC0010,VIACHESLAV GEORGIEVICH KHLEBNIKOV,
GAC0010,VIACHESLAV GEORGIYEVICH KHLEBNIKOV,
GAC0010,VYACHESLAV GEORGIYEVICH KHLEBNIKOV,
GAC0011,VIKTOR ALEKSANDROVICH MARKELOV,
GAC0011,VIKTOR ALEXANDROVICH MARKELOV,
GAC0012,DMITRY VLADISLAVOVICH KLYUEV,
GAC0012,DMITRIY VLADISLOVOVICH KLYUEV,
GAC0012,DIMA CHELTER,
GAC0013,OLEG VYACHESLAVOVICH URZHUMTSEV,
GAC0014,YULIA MIKHAILOVNA MAYOROVA,
GAC0014,YULIA MIKHAILOVNA MAIOROVA,
GAC0014,YULIYA MIKHAYLOVNA MAIOROVA,
GAC0014,YULIYA MIKHAYLOVNA MAYOROVA,
GAC0015,ASHRAF SAID AHMED HUSSEIN ALI,
GAC0015,ASHARAF SEED AHMED ALI,
GAC0015,ASHIRAF SEED AHMED ALI,
GAC0015,ASHRAF HUSSEIN ALI,
GAC0015,ASHRAF SAYED ALI,
GAC0015,ASHRAF SEED AHMED HUSSEIN ALI,
GAC0015,ASHRAFF SEED AHMED ALI,
GAC0015,AL-CARDINAL,
GAC0016,AJAY KUMAR GUPTA,
GAC0017,ATUL KUMAR GUPTA,
GAC0018,RAJESH KUMAR GUPTA,
GAC0018,TONY GUPTA,
GAC0019,SALIM AZZIZ ESSA,
GAC0020,OSCAR RAMON NAJERA,
GAC0021,FELIPE ALEJOS LORENZANA,
GAC0022,JOSE FRANCISCO LOPEZ CENTENO,
GAC0022,CHICO LOPEZ,
GAC0023,KUDA,
GAC0024,TEODORIN,
GAC0026,CUCHI,
GAC0026,GERMAN ENRIQUE RUBIO SALAS,
GAC0027,NOFAL AGUB,
GAC0027,NAWFEL AKOUB,
GAC0027,NAWFEL AL-AKOUB,
GAC0027,NAWFUL HUMADI SULTAN YOUSIF ALBOHAMAD,
GAC0027,NOFAL HAMMADI AL-SULTAN,
GAC0027,NOFAL HAMMADI SULTAN ALBU HAMAD,
GAC0027,NAWFAL HAMADI SULTAN YOUSEF,
GAC0030,VLADISLAV VLADIMIROVICH NOVAK,
GAC0030,VLAD ULINICI,
GAC0031,MILAN RAJKO RADOICIC,
GAC0031,MILAN RADOJICIC,
GAC0032,THE NEW ARKAN,
GAC0039,VASIL BOJKOV,
GAC0039,VASSIL KROUMOV BOJKOV,
GAC0039,VASIL BOZHKOV,
GAC0039,THE SKULL,
GAC0043,RIAD SALAME,
GAC0044,RAJA SALAME,
GAC0046,MARIANNE HOUWAYEK,
GAC0055,DIMITRY FIRTASH,
GAC0055,DMYTRO FIRTASH,
GAC0057,DENIS VLODYMYROVICH GORBUNENKO,
GAC0057,DENIS HORBUNENKO,
GAC0061,KP DAMJI,
GAC0061,BROTHER PAUL PATTNI,
GAC0072,AUTONOMOUS NON-COMMERCIAL ORGANIZATION FOR THE PROMOTION OF INTERNATIONAL COOPERATION EURASIA,
GAC0072,EURASIA,
GAC0072,EVRAZIA - AUTONOME NIET-COMMERCIELE ORGANISATIE VOOR DE BEVORDERING VAN INTERNATIONALE SAMENWERKING,
GAC0072,EVRAZIYA,
GAC0072,ORGANISATION AUTONOME NON COMMERCIALE POUR LA PROMOTION DE LA COOPERATION INTERNATIONALE,
GAC0074,NELI JARDAN,
GAC0074,NELLI PARUTENCO,
GAC0074,NELLI PARUTENCOVA,
GAC0075,MARINA TAUBEROVA,
GHR0001,DMITRY BORISOVICH KRATOV,
GHR0001,DIMITRI BORISOVICH KRATOV,
GHR0002,ALEKSEY VASILYEVICH ANICHIN,
GHR0002,ALEXEI VASILYEVICH ANICHIN,
GHR0003,OLEG F. SILCHENKO,
GHR0004,GENNADY VYACHESLAVOVICH KARLOV,
GHR0005,NATALYA VINOGRADOVA,
GHR0006,FIKRET TAGIYEV,
GHR0006,FIKHRET TAGIEV,
GHR0006,FIKHRET GABDULLA OGLY TAGIEV,
GHR0006,FIKRET TAGIEV,
GHR0006,FIKHRET TAGIYEV,
GHR0006,FIKHRET GABDULLA OGLY TAGIYEV,
GHR0006,FIKHRET TAGUEV,
GHR0006,FIKHRET GABDULLA OGLY TAGUEV,
GHR0006,FIKRET TAGUEV,
GHR0007,ALEXANDRA VIKTOROVNA GAUSS,
GHR0007,ALEKSANDRA VIKTOROVNA GAUS,
GHR0007,ALEXANDRA VIKTOROVNA GAUS,
GHR0007,ALEKSANDRA VIKTOROVNA GAUSS,
GHR0008,DMITRIY KOMNOV,
GHR0008,DMITRI KOMNOV,
GHR0009,IVAN PAVLOVITCH PROKOPENKO,
GHR0010,LARISA ANATOLIEVNA LITVINOVA,
GHR0011,ALEXANDER IVANOVICH BASTRYKIN,
GHR0012,BORIS BORISOVICH KIBIS,
GHR0013,OLEG LOGUNOV,
GHR0014,ANDREI ALEXANDROVICH STRIZHOV,
GHR0015,ELENA ANATOLIEVNA TRIKULYA,
GHR0016,VICTOR YAKOVLEVICH GRIN,
GHR0016,VICTOR GRIN,
GHR0016,VIKTOR YAKOVLEVICH GRIN,
GHR0017,ANDREY IVANOVICH PECHEGIN,
GHR0017,ANDREI PECHEGIN,
GHR0018,ANDREI ALEXANDROVICH KRECHETOV,
GHR0019,DMITRI TOLCHINSKIY,
GHR0020,ALEKSEI DROGANOV,
GHR0021,SERGEI PODOPRIGOROV,
GHR0021,SERGEY PODOPRIGOROV,
GHR0022,YELENA STASHINA,
GHR0022,ELENA STASHINA,
GHR0022,HELEN STASHINA,
GHR0023,PAVEL LAPSHOV,
GHR0024,ALEKSEY KRIVORUCHKO,
GHR0024,ALEX KRIVORUCHKO,
GHR0024,ALEXEI KRIVORUCHKO,
GHR0025,SVETLANA UKHNALYOVA,
GHR0025,SVETLANA UKHNALEV,
GHR0025,SVETLANA V. UKHNALEV,
GHR0025,SVETLANA UKHNALEVA,
GHR0025,SVETLANA V. UKHNALEVA,
GHR0025,SVETLANA V. UKHNALYOVA,
GHR0026,FAHAD SHABIB A. AL BALAWI,
GHR0027,THAAR GHALEB T. ALHARBI,
GHR0028,MANSOUR OTHMAN M ABAHUSSAIN,
GHR0028,HUSSEIN MANSOUR OTHMAN ABA ABAHUSEYIN,
GHR0028,MANSOUR OSMAN ABAHUSEYIN,
GHR0028,MANSOUR OTHMAN M ABAHUSEYIN,
GHR0028,MANSUR OTHMAN M ABAHUSEYIN,
GHR0028,HUSSEIN MANSOUR OTHMAN ABA ABAHUSSAIN,
GHR0028,MANSOUR OSMAN ABAHUSSAIN,
GHR0028,MANSUR OTHMAN M ABAHUSSAIN,
GHR0028,HUSSEIN MANSOUR OTHMAN ABA ABAHUSSEIN,
GHR0028,MANSOUR OSMAN ABAHUSSEIN,
GHR0028,MANSOUR OTHMAN M ABAHUSSEIN,
GHR0028,MANSUR OTHMAN M ABAHUSSEIN,
GHR0028,HUSSEIN MANSOUR OTHMAN ABA ABU HUSEYN,
GHR0028,MANSOUR OSMAN ABU HUSEYN,
GHR0028,MANSOUR OTHMAN M ABU HUSEYN,
GHR0028,MANSUR OTHMAN M ABU HUSEYN,
GHR0028,HUSSEIN MANSOUR OTHMAN ABA ABU HUSSEIN,
GHR0028,MANSOUR OSMAN ABU HUSSEIN,
GHR0028,MANSOUR OTHMAN M ABU HUSSEIN,
GHR0028,MANSUR OTHMAN M ABU HUSSEIN,
GHR0028,HUSSEIN MANSOUR OTHMAN ABA ABUHUSSAIN,
GHR0028,MANSOUR OSMAN ABUHUSSAIN,
GHR0028,MANSOUR OTHMAN M ABUHUSSAIN,
GHR0028,MANSUR OTHMAN M ABUHUSSAIN,
GHR0029,NAIF HASSAN S. ALARIFI,
GHR0029,NAYIF HASAN SAAD ALARIFI,
GHR0029,NAIF HASSAN S. AL-ARIFI,
GHR0029,NAYIF HASAN SAAD AL-ARIFI,
GHR0030,ABDULAZIZ MOHAMMED AL HAWSAWI,
GHR0030,ABDULAZIZ MOHAMMED ALHAWSAWI,
GHR0031,MUSTAFA MOHAMMED AL MADANI,
GHR0031,MUSTAFA MOHAMMED AL-MADANI,
GHR0032,WALEED ABDULLAH M. AL SEHRI,
GHR0032,WALID AL SEHRI,
GHR0032,WALEED ABDULLAH M. ALSHEHRI,
GHR0032,WALID ALSHEHRI,
GHR0033,SALAH MUHAMMED TUBAIGY,
GHR0033,SALAH AL-TUBAIQY,
GHR0033,SALAH MUHAMMED AL-TUBAIQY,
GHR0034,TURKI MUSERREF M. AL SEHRI,
GHR0034,MUSHERREF AL SEHRI,
GHR0034,TURKI AL SEHRI,
GHR0034,MUSHERREF AL-SEHRI,
GHR0034,TURKI AL-SEHRI,
GHR0034,TURKI MUSERREF AL-SEHRI,
GHR0034,MUSHERREF ALSHEHRI,
GHR0034,TURKI ALSHEHRI,
GHR0034,TURKI MUSERREF ALSHEHRI,
GHR0035,KHALID AEDH G. AL OTAIBI,
GHR0035,KHALED AEDH G. AL OTAIBI,
GHR0035,KHALED AEDH G. ALTAIBI,
GHR0035,KHALID AEDH G. ALTAIBI,
GHR0036,MESHAL SAAD AL BOSTANI,
GHR0036,MESHAL SAAD ALBOST,
GHR0036,MESHAL SAAD ALBOSTANI,
GHR0036,MESHAL SAAD AL-BOSTANI,
GHR0037,MOHAMMAD AL OTAIBI,
GHR0037,MOHAMMAD ALOTAIBI,
GHR0038,SAIF SAAD Q. AL QAHTANI,
GHR0038,SAIF SAAD Q. ALQAHTANI,
GHR0038,SAIF SAAD Q. AL-QAHTANI,
GHR0039,AHMED ABDULLAH AL MUZAINI,
GHR0039,AHMED ABDULLAH ALMUZAINI,
GHR0039,AHMED ABDULLAH MUZAINI,
GHR0040,BADR LAFI M AL OTAIBI,
GHR0040,BADR LAFI M ALOTAIBI,
GHR0040,BADR LAFI M AL-OTAIBI,
GHR0041,MOHAMMAD SAAD H. AL ZAHRANI,
GHR0042,MAHER ABDULAZIZ MUTREB,
GHR0043,AHMAD HASSAN MOHAMMED AL ASIRI,
GHR0044,SAUD ABDULLAH AL QAHTANI,
GHR0045,MUFLEH AL MUSLEH,
GHR0045,MUFLIH SHAYA AL MUSLEH,
GHR0045,MUFLEH ALMUSLIH,
GHR0045,MUFLIH SHAYA ALMUSLIH,
GHR0046,MIN AUNG HLAING,
GHR0047,SOE WIN,
GHR0048,MINISTRY OF STATE SECURITY BUREAU 7,
GHR0048,FARM GUIDANCE BUREAU,
GHR0048,FARMING BUREAU,
GHR0048,PRISON BUREAU,
GHR0049,MINISTRY OF PEOPLE'S SECURITY CORRECTIONAL (MPS) BUREAU,
GHR0049,MINISTRY OF PEOPLE'S SECURITY CORRECTIONAL MANAGEMENT BUREAU,
GHR0049,MINISTRY OF PEOPLE'S SECURITY PRISON BUREAU,
GHR0049,MINISTRY OF PUBLIC SECURITY CORRECTIONAL BUREAU,
GHR0049,MINISTRY OF PUBLIC SECURITY CORRECTIONAL MANAGEMENT BUREAU,
GHR0049,MINISTRY OF PUBLIC SECURITY PRISON BUREAU,
GHR0050,ALEXANDER RYHORAVICH LUKASHENKO,
GHR0050,ALEKSANDR GRIGORIEVICH LUKASHENKA,
GHR0050,ALEKSANDR GROGORIEVICH LUKASHENKA,
GHR0050,ALEKSANDR RYHORAVICH LUKASHENKA,
GHR0050,ALEXANDER RYHORAVICH LUKASHENKA,
GHR0050,ALEXANDER GRIGORIEVICH LUKASHENKA,
GHR0050,ALIAKSANDR GRIGORIEVICH LUKASHENKA,
GHR0050,ALIAKSANDR RYHORAVICH LUKASHENKA,
GHR0050,ALEKSANDR GRIGORIEVICH LUKASHENKO,
GHR0050,ALEKSANDR GROGORIEVICH LUKASHENKO,
GHR0050,ALEKSANDR RYHORAVICH LUKASHENKO,
GHR0050,ALEXANDER GRIGORIEVICH LUKASHENKO,
GHR0050,ALIAKSANDR GRIGORIEVICH LUKASHENKO,
GHR0050,ALIAKSANDR RYHORAVICH LUKASHENKO,
GHR0051,VIKTOR ALIAKSANDRAVICH LUKASHENKO,
GHR0051,ALEKSANDROVICH LUKASHENKA,
GHR0051,VIKTAR LUKASHENKA,
GHR0051,VIKTOR ALIAKSANDRAVICH LUKASHENKA,
GHR0051,ALEKSANDROVICH LUKASHENKO,
GHR0051,VIKTAR LUKASHENKO,
GHR0052,IGOR PETROVICH SERGEENKO,
GHR0052,IGOR PIATROVICH SERGEENKO,
GHR0052,IHAR PETROVICH SERGEENKO,
GHR0052,IHAR PIATROVICH SERGEENKO,
GHR0052,IGOR PETROVICH SERGEYENKO,
GHR0052,IGOR PIATROVICH SERGEYENKO,
GHR0052,IHAR PETROVICH SERGEYENKO,
GHR0052,IHAR PIATROVICH SERGEYENKO,
GHR0052,IGOR PETROVICH SERGYAENKA,
GHR0052,IGOR PIATROVICH SERGYAENKA,
GHR0052,IHAR PETROVICH SERGYAENKA,
GHR0052,IHAR PIATROVICH SERGYAENKA,
GHR0052,IGOR PETROVICH SIARHEENKA,
GHR0052,IGOR PIATROVICH SIARHEENKA,
GHR0052,IHAR PETROVICH SIARHEENKA,
GHR0052,IHAR PIATROVICH SIARHEENKA,
GHR0053,KHAZALBEK BAKHTIBEKOVICH ATABEKOV,
GHR0053,KHAZALBEK BAKHTIBEKAVICH ATABEKAU,
GHR0053,KHAZALBEK BAKHTIBEKOVICH ATABEKAU,
GHR0053,KHAZALBEK BAKTIBEKAVICH ATABEKAU,
GHR0053,KHAZALBEK BAKHTIBEKAVICH ATABEKOV,
GHR0053,KHAZALBEK BAKTIBEKAVICH ATABEKOV,
GHR0054,DMITRY BALABA,
GHR0055,YURI KHADZIMURATOVICH KARAYEV,
GHR0055,YURI KHADZIMURATAVICH KARAEU,
GHR0055,YURI KHADZIMURATOVICH KARAEU,
GHR0055,YURI KHADZIMURATAVICH KARAEV,
GHR0055,YURI KHADZIMURATOVICH KARAEV,
GHR0055,YURI KHADZIMURATAVICH KARAYEV,
GHR0056,ALEXANDER PETROVICH BARSUKOV,
GHR0056,ALEXANDER PETROVICH BARSUKOU,
GHR0056,ALEXSANDR PETROVICH BARSUKOU,
GHR0056,ALIAKSANDR PIATROVICH BARSUKOU,
GHR0056,ALYAKSANDR PETROVICH BARSUKOU,
GHR0056,ALEXSANDR PETROVICH BARSUKOV,
GHR0056,ALIAKSANDR PIATROVICH BARSUKOV,
GHR0056,ALYAKSANDR PETROVICH BARSUKOV,
GHR0057,YURI GENNADYEVICH NAZARENKO,
GHR0058,YANKUBA BADJIE,
GHR0058,YANKOUBA BADGIE,
GHR0058,YANKUBA BADGIE,
GHR0058,YANKOUBA BADJI,
GHR0058,YANKUBA BADJI,
GHR0058,YANKOUBA BADJIE,
GHR0059,ABDUL AZIZ JEMUS JUNKUNG JAMMEH YAHYA,
GHR0060,ZINEB JAMMEH,
GHR0060,ZEINAB JAMMEH,
GHR0060,ZEINAB NEE. SUMA,
GHR0060,ZINEB NEE. SUMA,
GHR0061,ANWAR AHMED KHAN,
GHR0061,RAO KHAN,
GHR0062,APTI ALAUDINOV,
GHR0062,APRI AARONOVITCH ALAUDINOV,
GHR0062,APTI KHARANOVICH ALAUDINOV,
GHR0062,APTY ALAUDINOV,
GHR0064,MAGOMED DAUDOV,
GHR0064,THE LORD,
GHR0065,AIUB KATAEV,
GHR0066,TEREK SPECIAL RAPID RESPONSE UNIT,
GHR0066,ROSGUARDIA CHECHNYA,
GHR0066,SPECIAL DIVISION OF FIRST RESPONDERS,
GHR0066,SPECIAL RAPID RESPONSE UNIT CHECHNYA,
GHR0066,SPECIAL RESPONSE UNIT CHECHNYA,
GHR0068,RAFAEL ENRIQUE BASTARDO MENDOZA,
GHR0070,REMIGIO CEBALLOS ICHASO,
GHR0071,FABIO ZAVARSE PABON,
GHR0072,VIKTOR PAVLOVICH PSHONKA,
GHR0072,VIKTOR PAVLOVYTCH PCHONKA,
GHR0072,WIKTOR PAWLOWYTSCH PSCHONKA,
GHR0072,VICTOR PAVLOVYCH PSHONCA,
GHR0072,VIKTOR PAVLOVYCH PSHONKA,
GHR0072,VIKTOR PAVLOVIC PSONKA,
GHR0072,VIKTOR PAVLOVYC PSONKA,
GHR0073,VICTOR IVANOVYCH RATOUCHNIAK,
GHR0073,VIKTOR IVANOVIC RATOUCHNIAK,
GHR0073,VIKTOR IVANOVICH RATOUCHNIAK,
GHR0073,VIKTOR IVANOVYC RATOUCHNIAK,
GHR0073,VIKTOR IVANOVYCH RATOUCHNIAK,
GHR0073,VIKTOR IVANOVYTCH RATOUCHNIAK,
GHR0073,WIKTOR IWANOWYTSCH RATOUCHNIAK,
GHR0073,VIKTOR IVANOVYC RATUANAK,
GHR0073,VICTOR IVANOVYCH RATUSHNIAC,
GHR0073,VIKTOR IVANOVIC RATUSHNIAC,
GHR0073,VIKTOR IVANOVICH RATUSHNIAC,
GHR0073,VIKTOR IVANOVYC RATUSHNIAC,
GHR0073,VIKTOR IVANOVYCH RATUSHNIAC,
GHR0073,VIKTOR IVANOVYTCH RATUSHNIAC,
GHR0073,WIKTOR IWANOWYTSCH RATUSHNIAC,
GHR0073,VICTOR IVANOVYCH RATUSHNIAK,
GHR0073,VIKTOR IVANOVIC RATUSHNIAK,
GHR0073,VIKTOR IVANOVYC RATUSHNIAK,
GHR0073,VIKTOR IVANOVYCH RATUSHNIAK,
GHR0073,VIKTOR IVANOVYTCH RATUSHNIAK,
GHR0073,WIKTOR IWANOWYTSCH RATUSHNIAK,
GHR0073,VICTOR IVANOVYCH RATUSHNJAK,
GHR0073,VIKTOR IVANOVIC RATUSHNJAK,
GHR0073,VIKTOR IVANOVICH RATUSHNJAK,
GHR0073,VIKTOR IVANOVYC RATUSHNJAK,
GHR0073,VIKTOR IVANOVYCH RATUSHNJAK,
GHR0073,VIKTOR IVANOVYTCH RATUSHNJAK,
GHR0073,WIKTOR IWANOWYTSCH RATUSHNJAK,
GHR0073,VICTOR IVANOVYCH RATUSHNYAK,
GHR0073,VIKTOR IVANOVIC RATUSHNYAK,
GHR0073,VIKTOR IVANOVICH RATUSHNYAK,
GHR0073,VIKTOR IVANOVYC RATUSHNYAK,
GHR0073,VIKTOR IVANOVYCH RATUSHNYAK,
GHR0073,VIKTOR IVANOVYTCH RATUSHNYAK,
GHR0073,WIKTOR IWANOWYTSCH RATUSHNYAK,
GHR0073,VICTOR IVANOVYCH RATUSNAK,
GHR0073,VIKTOR IVANOVIC RATUSNAK,
GHR0073,VIKTOR IVANOVICH RATUSNAK,
GHR0073,VIKTOR IVANOVYCH RATUSNAK,
GHR0073,VIKTOR IVANOVYTCH RATUSNAK,
GHR0073,WIKTOR IWANOWYTSCH RATUSNAK,
GHR0073,VICTOR IVANOVYCH RATUSNJAK,
GHR0073,VIKTOR IVANOVIC RATUSNJAK,
GHR0073,VIKTOR IVANOVICH RATUSNJAK,
GHR0073,VIKTOR IVANOVYC RATUSNJAK,
GHR0073,VIKTOR IVANOVYCH RATUSNJAK,
GHR0073,VIKTOR IVANOVYTCH RATUSNJAK,
GHR0073,WIKTOR IWANOWYTSCH RATUSNJAK,
GHR0074,VITALI YURIEVICH ZAHARCHENKO,
GHR0074,VITALI YUR'YEVICH ZAHARCHENKO,
GHR0074,VITALII IUREVICH ZAHARCHENKO,
GHR0074,VITALII IURIEVICH ZAHARCHENKO,
GHR0074,VITALIJ JUR'EVICH ZAHARCHENKO,
GHR0074,VITALIJ JURIEVICH ZAHARCHENKO,
GHR0074,VITALIJ YUR'EVICH ZAHARCHENKO,
GHR0074,VITALIJJ JUR'EVICH ZAHARCHENKO,
GHR0074,VITALIJJ JURIEVICH ZAHARCHENKO,
GHR0074,VITALIY YURIEVICH ZAHARCHENKO,
GHR0074,VITALIY YUR'YEVICH ZAHARCHENKO,
GHR0074,VITALY YURIEVICH ZAHARCHENKO,
GHR0074,VITALY YURYEVICH ZAHARCHENKO,
GHR0074,VITALY YUR'YEVICH ZAHARCHENKO,
GHR0074,VITALI YURIEVICH ZAKHARCHENKO,
GHR0074,VITALI YUR'YEVICH ZAKHARCHENKO,
GHR0074,VITALII IUREVICH ZAKHARCHENKO,
GHR0074,VITALII IURIEVICH ZAKHARCHENKO,
GHR0074,VITALIJ JUR'EVICH ZAKHARCHENKO,
GHR0074,VITALIJ JURIEVICH ZAKHARCHENKO,
GHR0074,VITALIJ YUR'EVICH ZAKHARCHENKO,
GHR0074,VITALIJJ JUR'EVICH ZAKHARCHENKO,
GHR0074,VITALIJJ JURIEVICH ZAKHARCHENKO,
GHR0074,VITALIY YURIEVICH ZAKHARCHENKO,
GHR0074,VITALIY YUR'YEVICH ZAKHARCHENKO,
GHR0074,VITALY YURIEVICH ZAKHARCHENKO,
GHR0074,VITALY YUR'YEVICH ZAKHARCHENKO,
GHR0074,VITALI YURIEVICH ZAXARCHENKO,
GHR0074,VITALI YUR'YEVICH ZAXARCHENKO,
GHR0074,VITALII IUREVICH ZAXARCHENKO,
GHR0074,VITALII IURIEVICH ZAXARCHENKO,
GHR0074,VITALIJ JUR'EVICH ZAXARCHENKO,
GHR0074,VITALIJ JURIEVICH ZAXARCHENKO,
GHR0074,VITALIJ YUR'EVICH ZAXARCHENKO,
GHR0074,VITALIJJ JUR'EVICH ZAXARCHENKO,
GHR0074,VITALIJJ JURIEVICH ZAXARCHENKO,
GHR0074,VITALIY YURIEVICH ZAXARCHENKO,
GHR0074,VITALIY YUR'YEVICH ZAXARCHENKO,
GHR0074,VITALY YURIEVICH ZAXARCHENKO,
GHR0074,VITALY YURYEVICH ZAXARCHENKO,
GHR0074,VITALY YUR'YEVICH ZAXARCHENKO,
GHR0079,XINJIANG PRODUCTION AND CONSTRUCTION CORPS PUBLIC SECURITY BUREAU,
GHR0079,XINJIANG SHENGCHAN JIANSHE BINGTUAN GONG'AN JU,
GHR0079,XPCC PSB,
GHR0080,MYANMAR ECONOMIC HOLDINGS PUBLIC COMPANY LTD,
GHR0080,MEHL,
GHR0080,MYANMAR ECONOMIC HOLDINGS LIMITED,
GHR0081,MYANMAR ECONOMIC CORPORATION,
GHR0081,MEC,
GHR0082,ABDULLAH,
GHR0082,AZAM,
GHR0082,FAROOQ BANGALZAI,
GHR0082,FARHAN BROHI,
GHR0082,FAROOQ,
GHR0084,ANDREY KONSTANTINOVICH LUGOVOI,
GHR0086,MIAN MITHOO,
GHR0086,MIAN MITHU,
GHR0086,MIAN MITTO,
GHR0086,MIAN MITTU,
GHR0090,ANDREI VYACHESLAVOVICH TISHENIN,
GHR0090,ANDREJ VYACHESLAVOVICH TISHENIN,
GHR0090,ANDREY VYACHESLAVOVICH TISHENIN,
GHR0091,ARTUR RINATOVICH SHAMBAZOV,
GHR0091,ARTUR RINATOVYCH SHAMBAZOV,
GHR0096,HENG HENG CASINO,
GHR0097,"GOLDEN HAOLI ENTERTAINMENT CO., LTD.",
GHR0097,GOLDEN SUN SKY ENTERTAINMENT COMPLEX,
GHR0097,GOLDEN SUN SKY HOTEL,
GHR0097,GOLDEN SUN SKY RESORT,
GHR0097,HAIGANG HOTEL,
GHR0099,WAI CHIO,
GHR0099,HWEI JAO,
GHR0099,WEI JIAO,
GHR0099,WEI ZHANG,
GHR0099,SAECHOU THANCHAI,
GHR0100,GOLDEN PHOENIX ENTERTAINMENT CITY,
GHR0100,"JUNYIWANG REAL ESTATE PROPERTY MANAGEMENT CO., LTD.",
GHR0100,PACIFIC REAL ESTATE BUILDING,
GHR0100,"TAI PING YANG FANG DI CHAN WU YE GUAN LI CO, LTD",
GHR0101,GUI QIN SU,
GHR0101,ZHAO SU,
GHR0101,SU WEI,
GHR0101,MADAME SU,
GHR0102,SHE LUNKAI,
GHR0102,DYLAN SHE,
GHR0102,KAILUN SHE,
GHR0102,KRIANG KAI TANG,
GHR0103,KAIBO,
GHR0107,NAT RUNGTAWANKEEREE,
GHR0108,BASU,
GHR0109,HENG TONG,
GHR0115,ELI FEDERMAN,
GHR0115,ILAY FEDERMAN,
GHR0116,YNON LEVI,
GHR0124,NERIA BEN-PAZI,
GHR0136,EMEK TIRZAH FARM,
GHR0136,MOSHE'S FARM,
GHR0137,MEITARIM FARM,
GHR0139,HAVOT SHUVI ERETZ,
GHR0140,HASHOMER JUDEA AND SAMARIA,
GHR0145,KHAREBA,
GHR0148,SHAVENDRA LOKUGAN HEWAGE CHANDANA SILVA,
GHR0149,WASANTHA KUMAR JAYADEVA,
GHR0149,WASANTHA KUMAR JAYADEVA KARANNAGODA,
GHR0151,KARUNA AMMAN,
GHR0154,KOKA KATSITADZE,
GHR0156,ZOHAR SABACH,
GHR0157,NERIYA'S FARM OUTPOST,
GHR0159,LIBBY CONSTRUCTION AND INFRASTRUCTURES LTD,
GHR0160,COCO LIBI,
GHR0160,KOKO LIBI,
GHR0162,KOKO'S FARM,
GHR0162,MAROM SCHMUEL FARM OUTPOST,
GHR0167,JACK ZHU,
GHR0173,PRINCE HUAN YU REAL ESTATE (CAMBODIA) GROUP COMPANY LIMITED,
GHR0175,DONG QIU,
GHR0179,VINCENT,
GHR0181,KUI BUNG NGA,
GHR0181,KUOK-KUI WAN,
GHR0181,GUOJU YIN,
GHR0181,BROKEN TOOTH,
GHR0181,BROKENTOOTH,
GHR0181,DRAGON HEAD,
GHR0184,VISAL PANG,
GHR0184,WEI ZEI PANG,
GHR0187,TIAN LI,
GHR0189,XIAO'ER CHEN,
GHR0189,SHI HU,
GHR0189,XIAOWEI HU,
GIM0005,KAZAOUI GANG,
GIM0005,KAZAWI ARMY,
GIM0006,THE TETOUANI GANG,
GIM0012,EL KAZAOUI,
GIM0012,EL KAZAWI,
GIM0014,MOHAMMED K,
GIM0014,MOHAMMED MAGHREBI,
GIM0014,MOHAMMED TETOUANI,
GIM0017,NIHAD MOHSIN KHOSHNAW,
GIM0018,DEDAWAN ABBAS,
GIM0018,DEEDAWA ADNAN ABBAS,
GIM0018,DEDAWAN ADNAN DAZEY,
GIM0018,DEEDAWA ADNAN DAZEY,
GIM0021,MOHAMMAD KHADIR PIROT,
GIM0021,MOHAMMAD KHDIR PIROT,
GIM0021,MOHAMMAD KHIDIR PIROT,
GIM0021,MUHAMMED KHDIR PIROT,
GIM0021,MUHAMMED KHIDIR PIROT,
GIM0022,ALEN BASIL DAJUB,
GIM0022,ALEN BASIL DAYOUB,
GIM0023,MARIWAN HARUTY,
GIM0023,MARIWAN JAMAL WASU,
GIM0023,MARIWAN WSW,
GIM0024,RAFIQ SCHWAN,
GIM0024,RAFIQ SHAQLAWAYE,
GIM0024,RAFIQ SHAQLAWAYI,
GIM0027,ALIREZA DERAKHSHAN,
GIM0033,BURIM KADRIU,
GIM0039,SHEMBIM ERMELLAHU,
GUB0005,CELESTINO DE CARVALHO,
GUB0009,ANTONIO INJAI,
GUB0009,ANTONIO INDJAI,Good quality a.k.a
GUB0010,AUGUSTO MARIO CO,
GUB0010,AUGUSTO MARIO-CO,
GUB0016,DABA NAUALNA,
GUB0016,DABA NA WALNA,Good quality a.k.a
GUB0019,MAMADU TURE,
GUB0019,N'KRUMAH,Low quality a.k.a
GUB0022,CRANHA DANFA,
GUB0024,ESTEVAO NA MENA,
GUB0025,IBRAIMA CAMARA,
GUB0025,PAPA CAMARA,Good quality a.k.a
GUB0026,IDRISSA DJALO,
GUB0026,IDRICA DJALO,Good quality a.k.a
GUB0027,JULIO NHATE,
GUB0029,TCHAM NA MAN,
GUB0029,NAMAM,Low quality a.k.a
GUB0030,TCHIPA NA BIDON,
GUC0001,ABDOULAYE CHERIF DIABY,
GUC0002,ABOUBACAR CHERIF DIAKITE,
GUC0002,ABOUBACAR CHERIF,
GUC0002,TOUMBA DIAKITE,
GUC0003,MOUSSA DADIS CAMARA,
GUC0004,JEAN-CLAUDE PIVI,
GUC0004,COPLAN,
GUC0005,MOUSSA TIEGBORO CAMARA,
HAI0001,BARBEQUE,Low quality a.k.a
HAI0003,IZO,
HAI0004,TI LAPLI,
HAI0005,LANMO SAN JOU,
HAI0009,FOS REVOLISYONE G9 AN FANMI E ALYE,
HAI0009,G-9,
HAI0009,G9 FAMILY AND ALLIES,
HAI0009,G9 FANMI E ALYE,
HAI0009,G-PEOPLE,
HAI0009,G-PEP,
HAI0009,LIVING TOGETHER,
HAI0009,THE REVOLUTIONARY FORCES OF THE G9 FAMILY AND ALLIES,
HAI0010,BAZ GRAN GRIF,
HAI0010,GRAN GRIF DE SAVIEN,
HAI0010,SAVIEN GANG,
HAI0013,KEMPES,
INU0001,ABDOLGHASSEM MOZAFFARI SHAMS,
INU0001,ABOLGHASSEM MOZAFARI,
INU0001,ABOLQASEM MOZAFARI-SHAMS,
INU0002,AHMAD VAHIDI,
INU0003,ALI FADAVI,
INU0004,ALI HOSEYNITASH,
INU0004,ALI HOSSEINI TASH,
INU0004,SEYYED ALI HOSSEINI TASH,
INU0004,HOSEINI TASH,
INU0005,ALI SHAMSHIRI,
INU0006,AMIR ALI HAJI ZADEH,
INU0006,AMIR ALI HAJIZADEH,
INU0007,EBRAHIM MAHMUDZADEH,
INU0007,EBRAHIM MAHMOUDZADEH,
INU0008,HOJATOLESLAM ALI SAIDI,
INU0008,ALI SAEEDI,
INU0008,HOJJAT AL ESLAM ALI SAEEDI,
INU0008,SHAHROUDI ALI SAEEDI,
INU0008,ALI SAIDI,
INU0008,HOJJAT AL ESLAM ALI SAIDI,
INU0010,JAVAD DARVISH-VAND,
INU0010,JAVAD DARVISH WAND,
INU0012,MOHAMMAD SHAFI'I RUDSARI,
INU0012,MOHAMMAD HOSSEIN SHAFIEI ROODSARI,
INU0012,MOHAMMAD SHAFIEI ROODSARI,
INU0013,MOHAMMAD NADERI,
INU0013,ALI MOHAMMAD NADERI,
INU0015,ALI ASHRAF NOURI,
INU0016,MOHAMMAD PAKPUR,
INU0016,MOHAMMAD PAKPOUR,
INU0017,PARVIS FATAH,
INU0017,PARVIZ FATAH,
INU0017,PARVIS FATTAH,
INU0017,SEYED PARVIZ FATTAH,
INU0018,SEYYED MEHDI FARAHI,
INU0018,SEYYED MAHDI FARAHI,
INU0020,BEIK MOHAMMADLU,
INU0020,BEIK MOHAMMADALOO,
INU0020,BEYK MOHAMMADLOO,
INU0020,BEIK MOHAMMADLOU,
INU0020,BEYK MOHAMMADLOU,
INU0020,BEUK MOHAMMADLU,
INU0021,KAMRAN DANESHJOO,
INU0021,KAMRAN DANESHJO,
INU0021,KAMRAN DANESHJOU,
INU0022,MOSTAFA MOHAMMAD NAJJAR,
INU0023,JAVAD AL YASIN,
INU0024,DAVOUD BABAEI,
INU0024,DAVUD BABA'I,
INU0024,DAVOUD BABAII,
INU0025,SAYED SHAMSUDDIN BORBORUDI,
INU0025,SAYED SHAMSEDDIN,
INU0025,SEYED SHAMSEDDIN,
INU0026,MOJTABA HAERI,
INU0027,MILAD JAFARI,
INU0027,MILAD JAFERI,
INU0028,MAJID KHANSARI,
INU0029,MOHAMMAD MOHAMMADI,
INU0030,MOHAMMAD REZA MOVASAGHNIA,
INU0031,MOHAMMAD SADEGH NASERI,
INU0031,MOHAMMAD SADEQ NASERI,
INU0032,ABDOLLAH SOLAT SANA,
INU0032,SOLAT SANNA,
INU0032,SOWLAT SENNA,
INU0032,SOLATSANNA,
INU0032,SOVLAT THANA,
INU0034,HAMID SOLTANI,
INU0035,ALI KARIMIAN,
INU0036,ROSTAM QASEMI,
INU0036,ROSTAM GHASEMI,
INU0036,ROSTAM GHASSEMI,
INU0036,ROSTAM QASSEMI,
INU0037,MARINE INDUSTRIES,
INU0037,DIO MARINE INDUSTRIES GROUP,
INU0037,MARINE INDUSTRIES FACTORY,
INU0037,MARINE INDUSTRIES GROUP,
INU0037,MARINE INDUSTRIES ORGANIZATION,
INU0037,MIO,
INU0037,NAUTICAL INDUSTRIES DEPARTMENT,
INU0037,NAVAL INDUSTRIES GROUP,
INU0037,OFFSHORE INDUSTRIES GROUP,
INU0038,MEHR BANK,
INU0038,MEHR FCI,
INU0038,MEHR FINANCE AND CREDIT INSTITUTE,
INU0038,MEHR FINANCE AND CREDIT INSTITUTION,
INU0038,MEHR INTEREST-FREE BANK,
INU0039,MINISTRY OF DEFENCE AND ARMED FORCES LOGISTICS,
INU0039,MINISTRY OF DEFENSE AND SUPPORT FOR ARMED FORCES LOGISTICS,
INU0039,MODAFL,
INU0039,MODSAF,
INU0040,ORGANISATION OF DEFENSIVE INNOVATION AND RESEARCH (SPND),
INU0040,NEW DEFENSE RESEARCH ORGANIZATION,
INU0040,SAZMAN E PAZHOUHESHHAYE NOVIN E DEFA'I,
INU0040,SPND,
INU0041,SAMEN INDUSTRIES,
INU0041,KHORASAN AMMUNITION AND METALLURGY INDUSTRIES,
INU0041,KHORASAN METALLURGY INDUSTRIES,
INU0041,KHORASAN METALOGY INDUSTRIES,
INU0041,METALOGY INDUSTRY OF KHORASAN,
INU0041,SANAYE METOLOGIE IRAN,
INU0041,THE METALLURGY INDUSTRIES OF KHORASAN,
INU0042,SHARIF UNIVERSITY OF TECHNOLOGY,
INU0042,ARYA MEHR UNIVERSITY OF TECHNOLOGY,
INU0042,SHARIF TECHNICAL UNIVERSITY,
INU0042,SHFT,
INU0042,SUT,
INU0043,SHIRAZ ELECTRONICS INDUSTRIES,
INU0043,SASHIRAZ INDUSTRIES,
INU0043,SEI,
INU0043,SHIRAZ ELECTRONIC IND.,
INU0043,SHIRAZ ELECTRONIC INDUSTRIES,
INU0043,SHIRAZ ELECTRONICS INDUSTRY CO.,
INU0044,STATE PURCHASING ORGANISATION (SPO),
INU0044,SPO,
INU0044,STATE PURCHASING OFFICE,
INU0044,STATE PURCHASING ORGANIZATION,
INU0045,TIDEWATER,
INU0045,FARAZ ROYAL QESHM LLC,
INU0045,MIDDLE EAST TIDEWATER COMPANY,
INU0045,TIDEWATER MIDDLE EAST CO.,
INU0045,TIDEWATER MIDDLE EAST COMPANY,
INU0046,AEROSPACE INDUSTRIES ORGANISATION,
INU0046,AIO,
INU0047,ALUMINAT,
INU0047,ALUMINAT PRODUCTIONS AND INDUSTRIAL COMPANY,
INU0048,ANSAR BANK,
INU0048,ANSAR AL MOJAHEDIN,
INU0048,ANSAR AL-MOJAHEDIN NO-INTEREST LOAN INSTITUTE,
INU0048,ANSAR FINANCE AND CREDIT FUND,
INU0048,ANSAR FINANCIAL AND CREDIT INSTITUTE,
INU0048,ANSAR SAVING AND INTEREST FREE-LOANS FUND,
INU0048,BANK ANSAR,
INU0050,ARAS FARAYANDE,
INU0050,ARAS FARAYANDE SADRA,
INU0053,ARIA NIKAN,
INU0053,ARIA NIKAN MARINE INDUSTRY,
INU0053,PERGAS ARIA MOVALLED,
INU0054,ARMED FORCES GEOGRAPHICAL ORGANISATION,
INU0054,GEOGRAPHICAL ORGANIZATION OF IRANIAN ARMED FORCES,
INU0054,IRANIAN NATIONAL GEOGRAPHICAL ORGANISATION OF ARMED FORCES,
INU0055,ASHTIAN TABLO,
INU0055,ASHTIAN TABLEAU,
INU0055,ASHTIAN TABLO (P.J.S),
INU0055,ASHTIAN TABLO CO.,
INU0056,BALS ALMAN,
INU0057,BARGH AZARAKSH,
INU0057,BARGHE AZERAKHSH SAKHT,
INU0058,BEHNAM SAHRIYARI TRADING COMPANY,
INU0058,BEHNAM SHAHRIARI TRADING COMPANY,
INU0058,BEHNAM SHAHRYARI TRADING COMPANY,
INU0059,BONYAD TAAVON SEPAH,
INU0059,BONYAD TAAVON,
INU0059,BONYAD-E TA'AVON-E SEPAH,
INU0059,BONYAD-E TA'AVON-SEPAH,
INU0059,COOPERATIVE FOUNDATION OF THE REVOLUTIONARY GUARDS,
INU0059,IRGC COOPERATIVE FOUNDATION,
INU0059,SEPAH COOPERATIVE FOUNDATION,
INU0060,ELECTRONIC COMPONENTS INDUSTRIES (ECI),
INU0060,ELECTRONIC COMPONENTS INDUSTRIES,
INU0060,IRAN ELECTRONIC COMPONENTS INDUSTRIES COMPANY,
INU0061,ESNICO (EQUIPMENT SUPPLIER FOR NUCLEAR INDUSTRIES CORPORATION),
INU0061,EQUIPMENT SUPPLIER FOR NUCLEAR INDUSTRIES CORPORATION,
INU0061,EQUIPMENT SUPPLY OF NUCLEAR INDUSTRIES CO,
INU0061,ESNICO CO.,
INU0061,ESNICO COMPANY,
INU0062,ETEMAD AMIN INVEST CO MOBIN,
INU0062,ETEMAD AMIN INVEST COMPANY MOBIN,
INU0062,ETEMAD AMIN INVESTMENT COMPANY MOBIN,
INU0062,ETEMAD MOBIN CO.,
INU0062,ETEMAD MOBIN COMPANY,
INU0062,ETEMAD MOBIN TRUST CO.,
INU0062,ETEMAD-E MOBIN,
INU0062,ETEMAD-E MOBIN TRUST CONSORTIUM,
INU0062,MOBIN TRUST CONSORTIUM,
INU0062,TOSE ETEMAD MOBIN,
INU0062,TOSE'EH YE E'TEMAD MOBIN,
INU0063,EYVAS TECHNIC,
INU0063,EYVAZ TECHNIC INDUSTRIAL COMPANY LTD.,
INU0063,EYVAZ TECHNIC MANUFACTURING COMPANY,
INU0063,GOSTAR VACUUM DEVICE TECHNOLOGY DEVELOPMENT COMPANY,
INU0063,TOSEE FANAVARI TAJHIZAT KHALA,
INU0064,FAJR AVIATION COMPOSITE INDUSTRIES,
INU0064,FACI,
INU0064,FAJR AERATION AND COMPOSITES INDUSTRIES,
INU0064,FAJR AERONAUTICS AND COMPOUND MATERIAL INDUSTRIES,
INU0064,FAJR AVIATION & COMPOSITES INDUSTRY,
INU0064,FAJR AVIATION IND,
INU0065,FARASEPEHR ENGINEERING COMPANY,
INU0066,GHANI SAZI URANIUM COMPANY,
INU0066,IEC,
INU0066,IRANIAN ENRICHMENT COMPANY,
INU0066,SHERKAT-E GHANISAZI-YE URANIUM,
INU0067,HIRBOD CO,
INU0067,HIRBOD,
INU0067,HIRBOD COMPANY,
INU0069,INSTITUTE OF APPLIED PHYSICS (IAP),
INU0069,APPLIED PHYSICS INSTITUTE,
INU0069,IAP,
INU0069,INSTITUTE FOR APPLIED PHYSICS,
INU0070,IRAN AIRCRAFT INDUSTRIES (IACI),
INU0070,IAI,
INU0070,IRAN AIRCRAFT INDUSTRIES CO.,
INU0070,SAHA,
INU0071,IRAN AIRCRAFT MANUFACTURING COMPANY (IAMCO),
INU0071,HAVA PEYMA SAZI-E IRAN,
INU0071,HAVAPEYMA SAZHRAN,
INU0071,HAVAPEYMA SAZI IRAN,
INU0071,HESA,
INU0071,HESA TRADE CENTER,
INU0071,HEVAPEIMASAZI,
INU0071,HTC,
INU0071,IAMCO,
INU0071,IAMI,
INU0071,IRAN AIRCRAFT MANUFACTURING INDUSTRIES,
INU0071,KARKHANEJATE SANAYE HAVAPAYMAIE IRAN,
INU0072,IRAN CENTRIFUGE TECHNOLOGY COMPANY,
INU0072,IRAN CENTRIFUGE TECHNOLOGY CO.,
INU0072,IRAN'S CENTRIFUGE TECHNOLOGY COMPANY,
INU0072,SHERKATE TECHNOLOGY CENTRIFUGE IRAN,
INU0072,TABA,
INU0072,TESA,
INU0072,TSA,
INU0073,IRAN COMMUNICATIONS INDUSTRIES (ICI),
INU0073,IRAN COMMUNICATION INDUSTRIES,
INU0073,IRAN COMMUNICATIONS INDUSTRIES CO.,
INU0073,SANAYE MOKHABERAT IRAN,
INU0074,IRAN COMPOSITES INSTITUTE (ICI),
INU0074,COMPOSITE INSTITUTE OF IRAN,
INU0074,ICI,
INU0074,IRANIAN COMPOSITE INDUSTITE,
INU0075,IRAN ELECTRONICS INDUSTRIES,
INU0075,ELECTRONIC INDUSTRIES ORGANIZATION,
INU0075,INTEGRATED ELECTRONICS INDUSTRIES,
INU0075,IRAN ELECTRONICS INDUSTRIES CO.,
INU0075,IRAN ELECTRONICS INDUSTRIES CO. (SAIRAN),
INU0075,SAIRAN,
INU0075,SANAYE ELECTRONIC IRAN,
INU0075,SANAYE ELECTRONIK E IRAN,
INU0075,SASAD IRAN ELECTRONIC INDUSTRIES,
INU0075,SHERKAT SANAYEH ELECTRONICS IRAN,
INU0076,IRAN MARINE INDUSTRIAL COMPANY (SADRA),
INU0076,IRAN MARINE INDUSTRIAL CO.,
INU0076,IRAN MARINE INDUSTRIES CO.IMICO,
INU0076,IRAN MARINE INDUSTRIES COMPANY,
INU0076,IRAN MARINE INDUSTRY CO.,
INU0076,IRAN MARINE INDUSTRY COMPANY,
INU0076,SADRA,
INU0076,SANATI DARYAEE IRAN,
INU0077,IRAN PUYA,
INU0077,IRAN POOYA,
INU0077,IRAN POUYA,
INU0079,IRANIAN AVIATION INDUSTRIES ORGANIZATION (IAIO),
INU0079,ARMED FORCES AVIATION INDUSTRIES ORGANIZATION,
INU0079,IRAN AVIATION INDUSTRIES ORGANIZATION,
INU0079,SAZMANE SANAYE HAYAI,
INU0080,ISLAMIC REVOLUTIONARY GUARD CORPS (IRGC),
INU0080,PASDARAN,
INU0080,PASDARAN INQILAB,
INU0080,PASDARAN-E ENQELAB-E-ISLAMI,
INU0080,REVOLUTIONARY GUARDS,
INU0080,SEPAH-E PASDARAN-E ENGHLAB-E ESLAMI,
INU0081,ISLAMIC REVOLUTIONARY GUARD CORPS (IRGC) AEROSPACE FORCE,
INU0081,AEROSPACE DIVISON OF IRGC,
INU0081,AEROSPACE FORCE OF THE ARMY OF THE GUARDIANS OF THE ISLAMIC REVOLUTION (AFAGIR),
INU0081,"AIR FORCE, IRGC",
INU0081,IRGC AEROSPACE FORCE,
INU0081,IRGCAF (PASDARAN),
INU0081,ISLAMIC REVOLUTIONARY GUARDS CORPS AIR FORCE,
INU0082,ISLAMIC REVOLUTIONARY GUARD CORPS (IRGC) QODS FORCE,
INU0082,AL QODS,
INU0082,IRGC QF,
INU0082,ISLAMIC REVOLUTIONARY GUARD CORPS - QODS FORCE,
INU0082,JERUSALEM FORCE,
INU0082,PASDARAN,
INU0082,PASDARAN-E ENGHELAB-E ISLAMI,
INU0082,QUDS FORCE,
INU0082,SEPAH-E QODS,
INU0083,ISLAMIC REVOLUTIONARY GUARD CORPS (IRGC) AL GHADIR MISSILE COMMAND,
INU0083,IRGC AIR FORCE MISSILE COMMAND,
INU0083,IRGC MISSILE COMMAND,
INU0083,IRGC-AIR FORCE MISSILE COMMAND,
INU0083,ISLAMIC REVOLUTIONARY GUARD CORPS AL GHADIR MISSILE COMMAND,
INU0083,ISLAMIC REVOLUTIONARY GUARD CORPS MISSILE COMMAND,
INU0084,ISFAHAN OPTICS,
INU0084,ESFAHAN OPTIC INDUSTRY,
INU0084,ESFAHAN OPTICS INDUSTRY,
INU0084,IOI,
INU0084,ISFAHAN OPTICAL INDUSTRY,
INU0084,ISFAHAN OPTICS INDUSTRIES,
INU0084,ISFAHAN OPTICS INDUSTRIES (IOI),
INU0084,ISFAHAN OPTICS INDUSTRIES CO.,
INU0085,JAVEDAN MEHR TOOS,
INU0085,JMT,
INU0086,JELVESAZAN COMPANY,
INU0086,BTB GENERAL TRADING LLC,
INU0086,IRANIAN OFFICE OF GERMAN JELVETACH UG,
INU0086,JELVESEZAN LASER SYSTEMS,
INU0086,JELVETECH,
INU0087,KARANIR,
INU0087,KARANIR SANAT CO.,
INU0087,MOASER,
INU0087,TAJHIZ SANAT,
INU0088,KHALA AFARIN PARS,
INU0088,PISHRO KHALA AFARIN COMPANY,
INU0089,MAAA SYNERGY,
INU0089,MAAA SYNERGY SDN. BHD.,
INU0090,MACPAR MAKINA SAN VE TIC,
INU0090,MACPAR MAKINA,
INU0090,MACPAR MAKINA A.S.,
INU0090,MACPAR MAKINA SAN VE TIC AS,
INU0090,MACPAR MAKINA SAN. VE TIC. LTD. STI.,
INU0090,MACPAR MAKINA SAN. VE TICARET A.S.,
INU0090,MACPAR MAKINA SANAYI VE TICARET LTD.,
INU0090,MACPAR MAKINA SANAYI VE TICARET LTD. STI.,
INU0090,MACPAR MAKINA SANYI TICARET,
INU0090,MACPAR MAKINE SAN. VE TIC. LTD.,
INU0090,MAKPA,
INU0091,MAROU SANAT,
INU0091,MAROU SANAT ENGINEERING COMPANY,
INU0091,MOHANDESI TARH VA TOSEH MARO SANAT COMPANY,
INU0092,MATSA (MOHANDESI TOSEH SOKHT ATOMI COMPANY),
INU0092,ENGINEERING OF EXPANSION OF NUCLEAR FUEL COMPANY LTD.,
INU0092,IRANIAN ATOMIC FUEL DEVELOPMENT ENGINEERING COMPANY,
INU0093,MECHANIC INDUSTRIES GROUP,
INU0093,MECHANIC INDUSTRIES ORGANISATION,
INU0093,MECHANICAL INDUSTRIES COMPLEX,
INU0093,MECHANICAL INDUSTRIES GROUP,
INU0093,MECHANICAL INDUSTRY,
INU0093,SANAYE MECHANIC,
INU0095,MODERN TECHNOLOGIES FZC,
INU0095,MODERN TECHNOLOGIES,
INU0095,MODERN TECHNOLOGIES CO.,
INU0095,MTFZC,
INU0096,MULTIMAT LC VE DIS TICARET PAZARLAMA LIMITED SIRKETI,
INU0096,MULTIMAT DOMESTIC AND FOREIGN TRADE MARKETING LTD.,
INU0096,MULTIMAT IC VE DIS TIC. PAZ. LTD. STI.,
INU0096,MULTIMAT IC VE DIS TICARET PAZARLAMA LIMITED SIRKETI,
INU0096,MULTIMAT IMPORT AND EXPORT,
INU0096,MULTIMAT LTD.,
INU0096,MULTIMAT TEHRAN,
INU0096,MULTIMAT TRADING COMPANY,
INU0097,NASERIN VAHID,
INU0097,N.V. CO,
INU0097,NASERIN VAHID COMPANY,
INU0099,NOAVARAN POOYAMOJ,
INU0099,BASTAN TEJERAT MABNA,
INU0099,BEHDIS TEJARAT,
INU0099,BEHDIS TEJARAT GENERAL TRADING COMPANY,
INU0099,BEZARGANIS BEHDIS TEJARAT ALBORZ COMPANY,
INU0099,FANAVARAN MOJPOOYA,
INU0099,FARAMOJ COMPANY,
INU0099,GREEN EMIRATE PAYA,
INU0099,MEHBANG SANA,
INU0099,MOHANDESI HEDAYAT CONTROL PAYA,
INU0099,"NOAVARAN POUYA MOWJ CO., LTD.",
INU0099,NOAVARAN TEJARAT PAYA,
INU0099,POOYA WAVE CO.,
INU0099,POOYA WAVE COMPANY,
INU0099,TOSEE DANESH FANAVARI FARAMOJ,
INU0100,PARTO SANAT CO,
INU0100,PARTO SANAAT CO.,
INU0100,PARTO SANAT COMPANY,
INU0100,PARTONSANAT,
INU0100,PARTOSANAT CO.,
INU0100,PARTOSANAT PJSC.,
INU0100,YEKAN PARTO,
INU0101,PASSIVE DEFENCE ORGANISATION,
INU0101,NATIONAL PASSIVE DEFENSE ORGANIZATION,
INU0101,PASSIVE DEFENSE ORGANIZATION,
INU0101,PDO,
INU0101,PERMANENT COMMITTEE FOR PASSIVE DEFENSE,
INU0102,IRANIAN NATIONAL CENTRE FOR LASER SCIENCE AND TECHNOLOGY,
INU0102,INLC,
INU0102,LASER SCIENCE AND TECHNOLOGY NATIONAL LABORATORY,
INU0102,PAYA PARTO,
INU0102,PAYA PARTOV,
INU0102,THE CENTRE FOR LASER TECHNOLOGY AND SCIENCE OF IRAN,
INU0103,RAAD IRAN,
INU0103,AUTOMASION RAAD KHAVAR MIANEH,
INU0103,AUTOMATION RAAD KHAVAR MIANEH,
INU0103,MIDDLE EAST RAAD AUTOMATION,
INU0103,MIDDLE EAST RAAD AUTOMATION CO.,
INU0103,NABBET CO,
INU0103,RAAD AUTOMATION CO.,
INU0103,RAAD AUTOMATION COMPANY,
INU0103,RAADIRAN,
INU0104,RAKA,
INU0104,DEPARTMENT OF THE KALAYE ELECTRIC COMPANY,
INU0104,RAH KAR NOVINI,
INU0105,RESEARCH CENTRE FOR EXPLOSION AND IMPACT,
INU0105,CREST,
INU0105,METFAZ,
INU0106,ROSMACHIN,
INU0106,ROSMASHIN,
INU0107,SAMAN NASB ZAYENDEH ROOD,
INU0107,SAMAN NASBZAINDE ROOD,
INU0108,SAMAN TOSE'E ASIA (SATA),
INU0109,SCHILLER NOVIN,
INU0109,SCHILER NOVIN CO.,
INU0109,SCHILLER NOVIN CO.,
INU0111,SHAHID AHMAD KAZEMI INDUSTRIAL GROUP (SAKIG),
INU0111,AIR DEFENSE MISSILE INDUSTRIES GROUP,
INU0111,SHAHID AHMAD KAZEMI INDUSTRIES GROUP,
INU0112,SHAHID BEHESHTI UNIVERSITY,
INU0112,BEHESHTI UNIVERSITY,
INU0112,MARTYR BEHESHTI UNIVERSITY,
INU0112,MELLI UNIVERSITY,
INU0112,NATIONAL (SHAHID BEHESHTI) UNIVERSITY,
INU0112,NATIONAL UNIVERSITY OF IRAN,
INU0112,SBU,
INU0112,SHAHEED BEHESHTI UNIVERSITY,
INU0112,SHAHID BEHASHTI UNIVERSITY,
INU0112,SHAHID MARTYR BEHESHTI UNIVERSITY,
INU0112,UNIVERSITY OF SHAHID BEHESHTI,
INU0113,SHAKHESE BEHBUD SANAT,
INU0113,SAMAN NUR GOSIL,
INU0113,SHAKHES BEHBOOD SANAAT,
INU0117,SIMATEC DEVELOPMENT COMPANY,
INU0117,COMPANIA DE DEZVOLTARE SIMATEC,
INU0117,SIMATIC,
INU0118,STEP STANDART TEKNIK PARCA SAN VE TIC,
INU0118,SSTP,
INU0118,STANDARD TECHNICAL COMPONENT INDUSTRY AND TRADE COMPANY,
INU0118,STANDART TEKNIK PARCA SAN VE TIC A.S.,
INU0118,STANDART TEKNIK PARCA SAN. VE TICARET A.S.,
INU0118,STAP STANDART TEK PAR SAN TIC AS,
INU0118,STEP A.S.,
INU0118,STEP AS,
INU0118,STEP COMPANY,
INU0118,STEP CORPORATION,
INU0118,STEP ISTANBUL/STANDART TEKNIK PARCA SAN. VE TIC. A.S.,
INU0118,STEP S.A,
INU0118,STEP S.A.,
INU0118,STEP STANDARD TECHNICAL COMPONENTS INDUSTRY AND TRADING CORPORATION,
INU0118,STEP STANDART TEKNIK PARCA SAN VE TIC AS,
INU0118,STEP STANDART TEKNIK PARCA SAN. TIC. AS,
INU0118,STEP STANDART TEKNIK PARCA SAN. VE TIC. A.S.,
INU0118,STEP STANDART TEKNIK PARCA SANAYI VE TICARET,
INU0118,STEP STANDART TEKNIK PARCA SANAYI VE TICARET A.S.,
INU0118,STEP STANDART TEKNYK PARCA SAN. VE TYC. A.S.,
INU0119,SUN MIDDLE EAST FZ COMPANY,
INU0119,SUN MIDDLE EAST (F Z CO),
INU0119,SUN MIDDLE EAST FZCO,
INU0120,SURENA,
INU0120,SAKHD VA RAH-AN-DA-ZI,
INU0120,SURENA CO.,
INU0120,SURENA COMPANY,
INU0120,THE CONSTRUCTION AND COMMISSIONING OF NUCLEAR POWER PLANTS COMPANY,
INU0122,TAGHTIRAN,
INU0122,TAGHTIRAN CO.,
INU0122,TAGHTIRAN KASHAN,
INU0122,TAGHTIRAN KASHAN CO.,
INU0122,TAGHTIRAN KASHAN COMPANY,
INU0122,TAGHTIRAN P.J.S KASHAN,
INU0124,CENTRE FOR INNOVATION AND TECHNOLOGY COOPERATION,
INU0124,CITC,
INU0124,TCO,
INU0124,TECHNOLOGY COOPERATION OFFICE,
INU0125,TEST TAFSIR,
INU0125,TEST TAFSIR ENG CO.,
INU0126,TOSSE SILOOHA,
INU0126,TOSSEH JAHAD E SILO,
INU0127,TURBINE ENGINEERING MANUFACTURING (TEM),
INU0127,TEM,
INU0127,TEM CO.,
INU0129,YARSANAT,
INU0129,YAR SANAT,
INU0129,YAR SANAT CO.,
INU0129,YARESTAN VACUUMI,
INU0129,YARSANAT CO.,
INU0130,YASA PART,
INU0130,ARFA PAINT COMPANY,
INU0130,ARFEH COMPANY,
INU0130,HOSSEINI NEJAD TRADING CO.,
INU0130,IRAN SAFFRON COMPANY,
INU0130,SHETAB G.,
INU0130,SHETAB GAMAN,
INU0130,SHETAB TRADING,
INU0130,Y.A.S. CO. LTD,
INU0130,YASA PART CO.,
INU0215,7TH OF TIR,
INU0215,7TH OF TIR INDUSTRIAL COMPLEX,
INU0215,7TH OF TIR INDUSTRIES,
INU0215,MOJTAMAE SANATE HAFTOME TIR,
INU0215,SANAYE HAFTOME TIR,
INU0216,ABZAR BORESH KAVEH CO. (BK CO.),
INU0216,ABK CO.,
INU0216,MOJTAME-E ABZAR BORESHI KAVEH,
INU0217,AMIN INDUSTRIAL COMPLEX,
INU0217,AMIN INDUSTRIAL COMPANY,
INU0217,AMIN INDUSTRIAL COMPOUND,
INU0218,AMMUNITION AND METALLURGY INDUSTRIES GROUP (AMIG),
INU0218,AMMUNITION INDUSTRIES GROUP,
INU0219,ARMAMENT INDUSTRIES GROUP (AIG),
INU0219,AIG - ARMAMENT INDUSTRIES GROUP,
INU0219,ARMAMENT GROUP,
INU0221,BEHINEH TRADING CO.,
INU0221,BEHINEH TRADING,
INU0222,CRUISE MISSILE INDUSTRY GROUP,
INU0222,8TH IMAM INDUSTRIES GROUP,
INU0222,CMIG,
INU0222,CRUISE SYSTEMS INDUSTRY GROUP,
INU0222,NAVAL DEFENCE MISSILE INDUSTRY GROUP,
INU0222,SAIG,
INU0222,SAMEN AL A-EMMEH INDUSTRIES GROUP,
INU0222,SAMEN AL-A'EMMEH INDUSTRIES GROUP,
INU0222,THE NAVAL DEFENSE MISSILE INDUSTRY GROUP,
INU0223,DEFENCE INDUSTRIES ORGANISATION (DIO),
INU0223,DEFENSE INDUSTRIES ORGANIZATION (DIO),
INU0223,DIO IR (DEFENSE INDUSTRIES OF IRAN),
INU0224,DEFENSE TECHNOLOGY AND SCIENCE RESEARCH CENTER (DTSRC),
INU0224,DTSRC,
INU0224,EDUCATION RESEARCH INSTITUTE,
INU0224,EDUCATIONAL RESEARCH INSTITUTE,
INU0224,INSTITUTE FOR DEFENSE EDUCATION AND RESEARCH,
INU0224,MAVT CO,
INU0224,MOASSESE AMOZESH VA TAHGHIGHATI,
INU0225,ELECTRO SANAM COMPANY,
INU0225,E. S. CO.,
INU0225,E.X. CO,
INU0226,ETTEHAD TECHNICAL GROUP,
INU0227,FAJR INDUSTRIAL GROUP,
INU0227,DEPARTMENT 140/16,
INU0227,FADJR INDUSTRIAL GROUP,
INU0227,FADJR INDUSTRIES GROUP (FIG),
INU0227,INDUSTRIAL FACTORIES OF PRECISION MACHINERY (IFP),
INU0227,INSTRUMENTATION FACTORIES OF PRECISION-MACHINERY,
INU0227,INSTRUMENTATION FACTORY PLANT,
INU0227,MOJTAMA-E SANATY-E AJZA-YE DAQIQ,
INU0227,MOJTAME SANTY AJZAE DAGHIGH,
INU0227,NASR INDUSTRIES GROUP,
INU0227,PRECISION COMPONENT PROJECT GROUP,
INU0227,SASADJA PRECISION INDUSTRIAL COMPLEX,
INU0228,FARASAKHT INDUSTRIES,
INU0229,FARAYAND TECHNIQUE,
INU0229,FARAAYAND TECHNIQUE,
INU0229,FARAYAND TECHNIC,
INU0229,FARAYAND TECHNIQUE COMPANY,
INU0229,TECHNOLOGY OF CENTRIFUGE OF IRAN COMPANY,
INU0230,FATER INSTITUTE,
INU0230,FAATER INSTITUTE,
INU0230,FATER ENGINEERING,
INU0230,FATER ENGINEERING COMPANY,
INU0230,GHARARGAH GHAEM FAATER INSTITUTE,
INU0231,GHARAGAHE SAZANDEGI GHAEM,
INU0231,GARAGAHE SAZANDEGI GHAEM,
INU0231,GHAEM,
INU0231,GHAEM CONSTRUCTION ORGANIZATION,
INU0231,GHAEM/KHATAM,
INU0231,GHARARGAH GHAEM,
INU0231,GHARARGAH SAZANDEGI,
INU0232,GHORB KARBALA,
INU0232,GHARARGAH KARBALA,
INU0232,GHARARGAH SAZANDEGI KARBALA-MOASSESEH TAHA,
INU0232,GHORB-E KARBALA,
INU0233,GHORB NOOH,
INU0234,HARA COMPANY,
INU0235,IMENSAZAN CONSULTANT ENGINEERS INSTITUTE (ICEI),
INU0235,ICEI,
INU0235,IMEN SAZAN CONSULTING ENGINEERS,
INU0235,IMEN SAZAN CONSULTING INS,
INU0235,IMENSAZAN CO. ENG.,
INU0235,IMENSAZAN CONSULTANT ENGINEERS INSTITUTE,
INU0235,IMENSAZAN CONSULTING ENG.,
INU0235,IMENSAZEN CONSULTANT ENGINEERS,
INU0236,INDUSTRIAL FACTORIES OF PRECISION (IFP) MACHINERY,
INU0236,FAJR INDUSTRIAL GROUP,
INU0236,INDUSTRIAL FACTORIES OF PRECISION (IFP) MACHINERY GROUP,
INU0236,INSTRUMENTATION FACTORIES PLANT,
INU0237,JOZA INDUSTRIAL CO.,
INU0237,JOZA INDUSTRIAL COMPANY,
INU0237,JOZA INDUSTRIES COMPANY,
INU0238,KALAYE ELECTRIC,
INU0238,KALA-ELECTRIC,
INU0238,KALAY ELECTRIC COMPANY,
INU0238,KALAYE ELECTRIC CO.,
INU0238,KOLA ELECTRIC CO.,
INU0239,KAVEH CUTTING TOOLS COMPANY,
INU0239,ABK CO.,
INU0239,ABZAR BORESH KAVEH CO.,
INU0239,BK CO.,
INU0239,MOJTAME-E ABZAR BORESHI KAVEH,
INU0240,KHATAM AL-ANBIYA CONSTRUCTION HEADQUARTERS (KAA),
INU0240,GHORB KHATAM,
INU0240,KHATAM AL ANBIA,
INU0240,KHATAM AL-ANBYA,
INU0240,KHATAM AL-ANBYA CONSTRUCTION HEADQUARTERS,
INU0240,KHATAM OL ANBIA,
INU0240,KHATAM-AL ANBIYA CONSTRUCTION BASE,
INU0240,KHATEM-OL ANBIYA CONSTRUCTION ORGANISATION,
INU0241,KHORASAN METALLURGY INDUSTRIES,
INU0241,KHORASAN AMMUNITION AND METALLURGY INDUSTRIES,
INU0241,KHORASAN METALOGY INDUSTRIES,
INU0241,METALOGY INDUSTRY OF KHORASAN,
INU0241,SANAYE METOLOGIE IRAN,
INU0241,THE METALLURGY INDUSTRIES OF KHORASAN,
INU0242,M. BABAIE INDUSTRIES,
INU0242,SBIC,
INU0242,SH. BABAIE INDUSTRIES,
INU0242,SHAHEED BABAIE INDUSTRIES,
INU0242,SHAHID BABAIE INDUSTRIAL COMPLEX,
INU0242,SHAHID BABAIE INDUSTRIES COMPLEX,
INU0242,SHAHID BABAII INDUSTRIES CO,
INU0243,MAKIN INSTITUTE,
INU0243,MAKIN,
INU0243,MAKIN COMPANY,
INU0244,MALEK ASHTAR UNIVERSITY,
INU0244,DANESHGAH-E SANA'TI-YE MALEK-E ASHTAR,
INU0244,MALEK ASHTAR AVIATION UNIVERSITY COMPLEX,
INU0244,MALEK ASHTAR UNIVERSITY OF DEFENCE TECHNOLOGY,
INU0244,MALEK ASHTAR UNIVERSITY OF TECHNOLOGY (MUT),
INU0244,MALEK-ASHTAR INDUSTRIAL UNIVERSITY,
INU0244,MALEK-E ASHTAR TECHNICAL UNIVERSITY,
INU0244,MALEK-E ASHTAR UNIVERSITY,
INU0245,MINISTRY OF DEFENSE LOGISTICS EXPORT,
INU0245,MODLEX,
INU0245,MODLEX EXPORT CENTER,
INU0246,3M MIZAN MACHINERY MANUFACTURING,
INU0246,3M,
INU0246,3MG,
INU0246,MIZAN MACHINE MANUFACTURING GROUP,
INU0246,MIZAN MACHINERY MANUFACTURING,
INU0247,NIRU BATTERY MANUFACTURING COMPANY,
INU0247,ESDO,
INU0247,NIRU BATTERY COMPANY,
INU0247,NIRU BATTERY MFG.CO (SABA BATTERY),
INU0247,POWER ENERGY SOURCE DEVELOPMENT CO,
INU0247,TAVAN ENERGY RESOURCES DEVELOPMENT COMPANY,
INU0248,OMRAN SAHEL,
INU0248,OMRAN SAHEL CO.,
INU0249,ORIENTAL OIL KISH,
INU0250,PARCHIN CHEMICAL INDUSTRIES,
INU0250,CHEMICAL INDUSTRIES GROUP,
INU0250,PARCHIN CHEMICAL FACTORIES,
INU0250,PCI,
INU0251,PARS AVIATION SERVICES COMPANY,
INU0251,PARS AVIATION SERVICE CO.,
INU0251,PARS AVIATION SERVICE COMPANY,
INU0251,PASC,
INU0253,QODS AERONAUTICS INDUSTRIES (QAI),
INU0253,COMPANY FOR DESIGNING AND MANUFACTURING LIGHT AIRCRAFT,
INU0253,GHODS AVIATION INDUSTRIES,
INU0253,LIGHT AIRCRAFT DESIGN AND MANUFACTURING INDUSTRIES,
INU0253,LIGHT AIRPLANES DESIGN AND MANUFACTURING INDUSTRIES,
INU0253,QODS AVIATION INDUSTRIES,
INU0253,QODS RESEARCH CENTER,
INU0254,RAH SAHEL,
INU0254,RAH E SAHEL ORG.,
INU0254,RAH SAHEL CO.,
INU0255,RAHAB ENGINEERING INSTITUTE,
INU0255,RAHAB,
INU0255,RAHAB INSTITUTE,
INU0255,RAHSAZ INSTITUTE,
INU0256,SABALAN COMPANY,
INU0256,SABALAN,
INU0257,SAD IMPORT EXPORT COMPANY,
INU0257,SAD EXPORT IMPORT COMPANY,
INU0258,SAFETY EQUIPMENT PROCUREMENT (SEP),
INU0258,SAFETY EQUIPMENT PROCUREMENT COMPANY,
INU0258,SAFETY EQUIPMENT PROCUREMENT INC.,
INU0258,SEP CO.,
INU0259,SAHAND ALUMINUM PARTS INDUSTRIAL COMPANY (SAPICO),
INU0259,SAPICO,
INU0260,SAHEL CONSULTANT ENGINEERS,
INU0261,SANAM INDUSTRIAL GROUP,
INU0261,DEPARTMENT 140,
INU0261,SANAM INDUSTRIAL COMPANY,
INU0261,SANAM INDUSTRIAL PRODUCTION GROUP,
INU0261,SANAM INDUSTRIES GROUP,
INU0262,SEPANIR,
INU0262,SEPANIR COMPANY,
INU0262,SEPANIR OIL & GAS ENERGY ENG. CO.,
INU0262,SEPANIR OIL AND GAS ENERGY ENG. CO SSK,
INU0263,SEPASAD ENGINEERING COMPANY,
INU0264,SHAHID BAGHERI INDUSTRIAL GROUP (SBIG),
INU0264,COMPOSITE PROPELLANT MISSILE INDUSTRY,
INU0264,DEPARTMENT 140/14,
INU0264,MAHTAB TECHNICAL ENGINEERING COMPANY,
INU0264,SANAYE SOKHTE MORAKAB,
INU0264,SHAHID BAKERI INDUSTRIAL GROUP,
INU0264,SSM,
INU0265,SHAHID HEMMAT INDUSTRIAL GROUP (SHIG),
INU0266,SHAHID KARRAZI INDUSTRIES,
INU0266,KHARRAZI INDUSTRIES,
INU0267,SHAHID SATTARI INDUSTRIES,
INU0267,MOHEMAT SAZIE SHAHID SATARY,
INU0267,SANAYE SHAHID SATARI,
INU0267,SHAHID SATTARI GROUP EQUIPMENT INDUSTRIES,
INU0268,SHAHID SAYYADE SHIRAZI INDUSTRIES (SSSI),
INU0269,SHO'A' AVIATION,
INU0269,SHOA AVIATION,
INU0270,SPECIAL INDUSTRIES GROUP (SIG),
INU0270,MINISTRY OF DEFENSE SPECIAL INDUSTRIES GROUP,
INU0270,ORGANIZATION OF SPECIAL INDUSTRIES,
INU0270,SIG,
INU0270,SPECIAL INDUSTRIAL GROUPS OF THE MINISTRY OF DEFENSE,
INU0270,SPECIAL INDUSTRIES ORGANIZATION (SIO),
INU0271,TIZ PARS,
INU0272,YA MAHDI INDUSTRIES GROUP,
INU0272,O MAHDI AIRCRAFT MANUFACTURING,
INU0272,YA MAHDI AG INDUSTRIAL,
INU0272,YA-MAHDI AIRCRAFT MANUFACTURING,
INU0272,YMA COLLEGE,
INU0272,YMA RESEARCH & INDUSTRIAL COMPLEX,
INU0273,YAS AIR,
INU0273,PARS AIR,
INU0273,POUYA AIR,
INU0273,POUYA AIRLINES,
INU0273,QESHM AIR,
INU0273,YAS AIR KISH,
INU0273,YASAIR CARGO AIRLINE,
INU0274,YAZD METALLURGY INDUSTRIES (YMI),
INU0274,DIRECTORATE OF YAZD AMMUNITION AND METALLURGY INDUSTRIES,
INU0274,YAZD AMMUNITION INDUSTRIES,
INU0274,YAZD AMMUNITION MANUFACTURING AND METALLURGY INDUSTRIES,
INU0274,YMI,
INU0275,AHMAD DERAKHSHANDEH,
INU0276,AHMAD VAHID DASTJERDI,
INU0276,VAHID AHMED DASTJERDI,
INU0277,ALI AKBAR AHMADIAN,
INU0277,ALI AKBAR AHMEDIAN,
INU0278,SAYYID ALI TABATABAEI,
INU0278,SAYED AKBAR TAHMAESEBI,
INU0279,AZIM AGHAJANI,
INU0279,HOSEIN AGHAJANI,
INU0280,BAHMANYAR MORTEZA BAHMANYAR,
INU0281,FEREIDOUN ABBASI-DAVANI,
INU0281,FEREYDOON ABBASI-DAVANI,
INU0282,HOSEIN SALIMI,
INU0282,HOSEIN SALAMI,
INU0283,MEHRDADA AKHLAGHI KETABACHI,
INU0284,MOHAMMAD BAQER ZOLQADR,
INU0285,MOHAMMAD ESLAMI,
INU0287,MOHAMMAD MEHDI NEJAD NOURI,
INU0288,MOHAMMAD REZA NAQDI,
INU0289,MOHAMMAD REZA ZAHEDI,
INU0291,MOHSEN HOJATI,
INU0291,MOSHEN HOJATI,
INU0292,MORTEZA REZAIE,
INU0292,REZAI MORTEZA,
INU0292,MORTAZA REZAI,
INU0293,MORTEZA SAFARI,
INU0293,SAFARA MURTAZA,
INU0293,MORTEZA SAFERI,
INU0293,MURTAZA SAFERI,
INU0294,NASER MALEKI,
INU0296,REZA-GHOLI ESMAELI,
INU0297,YAHYA RAHIM SAFAVI,
INU0298,AB,
INU0298,ARYAN BANK,
INU0299,MELLAT INTERNATIONAL BANK,
INU0299,NATION'S BANK,
INU0300,BANK MELLI IRAN,
INU0300,MELLI BANK,
INU0300,NATIONAL BANK OF IRAN,
INU0301,BANK REFAH,
INU0301,WORKERS' WELFARE BANK - OF IRAN,
INU0302,IRAN EXPORT BANK,
INU0303,TEJARAT BANK,
INU0303,TEJARAT BANK PJS,
INU0304,CEMENT INDUSTRY INVESTMENT AND DEVELOPMENT COMPANY,
INU0304,CIDCO,
INU0304,CIDCO CEMENT HOLDING,
INU0305,BANK-E TOSE'E TA'AVON,
INU0305,COOPERATIVE DEVELOPMENT BANK,
INU0305,TOSE'E TA'AVON BANK,
INU0305,TT BANK,
INU0306,EIH BANK,
INU0306,EIHBDEHH,
INU0306,EUROPAESCH-IRANISCHE HANDELSBANK AKTIENGESELLSCHAFT,
INU0306,EUROPEAN - IRANIAN (GER) HANDELSBANK AG,
INU0306,EUROPEAN-IRANIAN TRADE BANK,
INU0306,GERMAN-IRANIAN TRADE BANK,
INU0306,IRAN-EUROPE COMMERCIAL BANK,
INU0307,BANK TOSEE SADERAT IRAN,
INU0307,BANK TOSEH SADERAT IRAN,
INU0307,BANK TOWSEEH SADERAT IRAN,
INU0307,EDBI,
INU0307,IEDB,
INU0307,IRANIAN EXPORT DEVELOPMENT BANK,
INU0307,IRANS EXPORTS DEVELOPMENT BANK,
INU0308,MELLI IRAN PLC,
INU0310,NFPC,
INU0310,NFPD,
INU0310,NUCLEAR FUEL PRODUCTION DIVISION,
INU0312,NUCLEAR SCIENCE AND TECHNOLOGY RESEARCH INSTITUTE,
INU0313,ESMAEIL KHALILIPOUR,
INU0313,SAYED ESMAEIL KHALILIPOUR,
INU0313,SEYYED ESMAIL KHALILIPOUR,
INU0313,E KHALILIPOUR LANGEROUDI,
INU0313,ESMAEIL KHALILIPOUR LANGROUDI,
INU0314,SALEHI ALI AKBAR,
INU0314,ALI AKBAR SALEHI,
INU0314,ALI EKBER SALIHI,
INU0315,NAFT IRAN INTERTRADE COMPANY LTD,
INU0315,NAFTIRAN INTERTRADE CO LTD,
INU0315,NICO,
INU0316,NATIONAL IRANIAN DRILLING CO.,
INU0316,NIDC,
INU0317,NATIONAL IRANIAN GAS CO,
INU0317,NIGC,
INU0318,NATIONAL IRANIAN OIL CO,
INU0318,NIOC,
INU0320,NATIONAL IRANIAN OIL COMPANY (NIOC) INTERNATIONAL AFFAIRS LIMITED,
INU0320,"NATIONAL IRANIAN OIL COMPANY, INTERNATIONAL AFFAIRS LIMITED",
INU0321,IFCO,
INU0321,IRANIAN FUEL CONSERVATION COMPANY,
INU0322,IOPTC,
INU0322,IRANIAN OIL PIPELINES & TELECOMMUNICATIONS COMPANY,
INU0323,CJSC N.E.B. BANK,
INU0323,CJSC NEB BANK,
INU0323,CJSC NORD EUROPEAN BANK,
INU0323,CJSC ONERBANK,
INU0323,CLOSED JOINT-STOCK COMPANY NORTH EUROPEAN BANK,
INU0323,EFTEKHAR BANK,
INU0323,HONOR BANK,
INU0323,HONOR BANK IN BELARUS,
INU0323,HONOR BANK JOINT VENTURE,
INU0323,HONORBANK,
INU0323,HONORBANK ZAO,
INU0323,NORTH EUROPEAN BANK,
INU0323,ONER BANK,
INU0323,ONERBANK,
INU0323,ONER-BANK,
INU0323,ONERBANK CJSC,
INU0323,ONERBANK ZAT,
INU0324,MASJED -E-SOLEYMAN OIL AND GAS PRODUCING,
INU0324,MASJED-SOLEYMAN OIL AND GAS COMPANY (MSOGC),
INU0324,MSOGC,
INU0325,AGHAJARI OIL AND GAS EXPLOITATION COMPANY,
INU0325,AGHAJARI OIL AND GAS PRODUCTION COMPANY,
INU0325,AOGPC,
INU0326,AOGC,
INU0326,ARVANDAN OIL AND GAS COMPANY,
INU0327,BANK OF INDUSTRY AND MINE (OF IRAN),
INU0327,BANK SANAD VA MADAN,
INU0327,BANK SANAT O MADAN,
INU0327,BANK SANAT VA MADAN,
INU0327,BANK SANAT-O-MADAN,
INU0328,BANK MELLI PRINTING & PUBLISHING CO (BMPPC),
INU0328,BANK MELLI PRINTING AND PUBLISHING COMPANY (BMPPC),
INU0328,BANK MELLI PRINTING CO.,
INU0328,BMPPC,
INU0329,EAST OIL & GAS PRODUCTION CO.,
INU0329,EOGPC,
INU0330,GACHSARAN OIL & GAS PRODUCTION COMPANY,
INU0330,GACHSARAN OIL AND GAS EXPLOITATION COMPANY,
INU0330,GACHSARAN OIL AND GAS PRODUCING COMPANY,
INU0330,GACHSARAN OIL AND GAS PRODUCTION CO.,
INU0330,GACHSARAN OIL AND GAS PRODUCTION COMPANY,
INU0332,KALA LIMITED,
INU0332,KALA NAFT CANADA,
INU0332,KALA NAFT CO. SSK,
INU0332,KALA NAFT COMPANY,
INU0332,KALA NAFT COMPANY LTD.,
INU0332,KALA NAFT LONDON LTD,
INU0332,KALA NAFT TEHRAN,
INU0332,KALA NAFT TEHRAN COMPANY,
INU0332,"MANUFACTURING, SUPPORT AND PROCUREMENT KALA NAFT COMPANY",
INU0332,MSP KALA NAFT CO. TEHRAN,
INU0332,MSP-KALANAFT COMPANY,
INU0333,PEDCO,
INU0333,PETROIRAN,
INU0333,PETROIRAN DEVELOPMENT COMPANY,
INU0333,PETROIRAN DEVELOPMENT GROUP,
INU0334,PETRO PARS IRAN COMPANY,
INU0334,PETROPARS IRAN,
INU0334,PETROPARS IRAN CO,
INU0334,PETROPARS IRAN PRIVATE JOINT STOCK COMPANY,
INU0334,PPI,
INU0335,MACHINE SAZI ARAK CO,
INU0335,MACHINE SAZI ARAK CO. LTD,
INU0335,MACHINE SAZI ARAK COMPANY P J S C,
INU0335,MACHINE SAZI ARAK SSA,
INU0335,MASHIN SAZI ARAK,
INU0336,PETROPARS RESOURCES ENGINEERING COMPANY,
INU0336,PETROPARS RESOURCES ENGINEERING COMPANY LIMITED,
INU0336,PRE,
INU0340,PBI,
INU0340,POST BANK IRAN,
INU0340,POSTBANK IRAN,
INU0341,BANQUE SINA BONYAD FINANCE AND CREDIT COMPANY,
INU0341,BONYAD FINANCE AND CREDIT COMPANY,
INU0342,"BANCO INTERNACIONAL DE DESARROLLO, C.A.",
INU0342,BID,
INU0343,FIIB,
INU0343,FIRST ISLAMIC INVESTMENT BANK LTD,
INU0344,BONAB ATOMIC ENERGY STUDIES CENTER,
INU0344,BONAB RESEARCH CENTRE,
INU0344,BRC,
INU0347,AIC,
INU0347,AZ ARAB INDUSTRIES COMPANY,
INU0347,AZAR AB,
INU0347,AZAR AB IND CO,
INU0347,AZAR AB INDUSTRIES COMPANY,
INU0347,AZAR AB INDUSTRY COMPANY (AIC),
INU0347,AZARAB CO.,
INU0347,AZARAB IND. CO.,
INU0347,AZARAB INDUSTRIAL COMPANY,
INU0347,AZARAB INDUSTRIES,
INU0347,AZARAB INDUSTRIES CO.,
INU0347,AZAR-AB INDUSTRIES CO.,
INU0347,MISAGHSANAT COMPANY,
INU0347,MISAGHSANAT ENERGY INDUSTRIES COMPANY,
INU0347,MISAGHSANAT INDUSTRIES CO.,
INU0347,MISAGHSANAT INDUSTRIES COMPANY,
INU0347,MISGHSANAT INDUSTRIES CO.,
INU0348,NATIONAL IRANIAN OIL COMPANY (PTE) LIMITED,
INU0349,NATIONAL IRANIAN OIL REFINING & DISTRIBUTION COMPANY,
INU0349,NATIONAL IRANIAN OIL REFINING & PRODUCT DISTRIBUTION COMPANY,
INU0349,NIORDC,
INU0349,NIORDC - ESFAHAN OIL REFINING COMPANY,
INU0350,ALIREZA KHANCHI,
INU0351,NATIONAL IRANIAN TANKER,
INU0351,NATIONAL IRANIAN TANKER CO,
INU0351,NITC,
INU0351,NITCO,
INU0352,GHOLAM REZA AGHAZADEH,
INU0353,NDC,
INU0353,NORTH DRILLING,
INU0354,MAZANDARAN CEMENT,
INU0354,MAZANDARAN CEMENT COMPANY PUBLIC JOINT STOCK COMPANY,
INU0354,MAZANDARAN CEMENT COMPANY PUBLIC SHAREHOLDING COMPANY,
INU0355,ABYEK CHEMICAL PLANT,
INU0355,KESHAVARZ CHEMICAL PLANT,
INU0355,M.A.C.,
INU0355,MELLI AGROCHEMICAL COMPANY,
INU0355,MELLI AGROCHEMICAL COMPANY P.J.S.,
INU0355,MELLI AGROCHEMICALS,
INU0355,MELLI SHIMI KESHAVARZ,
INU0355,NATIONAL AGRO CHEMICAL COMPANY,
INU0355,SHERKAT MELLI SHIMI KESHAVARZ,
INU0356,HOSSEIN FAGHIHIAN,
INU0357,PETROPARS SERVICES LIMITED,
INU0357,PETROPARS UK LIMITED,
INU0358,SOUTH ZAGROS COMPANY,
INU0358,SOUTH ZAGROS OIL & GAS COMPANY,
INU0358,SOUTH ZAGROS OIL & GAS PRODUCTION CO.,
INU0358,SOUTH ZAGROS OIL AND GAS EXPLORATION COMPANY,
INU0358,SOUTHERN ZAGROS OIL & GAS PRODUCTION CO.,
INU0358,SOUTHERN ZAGROS OIL AND GAS EXPLORATION COMPANY,
INU0358,SOUTHERN ZAGROS OIL AND GAS PRODUCTION COMPANY,
INU0358,SOUTHERN ZAGROSS OIL AND GAS PRODUCTION COMPANY,
INU0358,SOUTHERN ZAGROUS OIL AND GAS PRODUCTION COMPANY,
INU0358,SZOGPC,
INU0359,IDRO,
INU0359,IDRO CORPORATION,
INU0359,IDRO OF IRAN,
INU0359,INDUSTRIAL DEVELOPMENT & RENOVATION ORGANIZATION,
INU0359,INDUSTRIAL DEVELOPMENT AND RENOVATION ORGANISATION,
INU0359,IRAN DEVELOPMENT & RENOVATION ORGANIZATION COMPANY,
INU0359,IRAN DEVELOPMENT AND RENOVATION ORGANIZATION COMPANY,
INU0359,SAWZEMANE GOSTARESH VA NOWSAZI SANAYE IRAN,
INU0361,BANK SEPAH INTERNATIONAL,
INU0362,BIMEH IRAN,
INU0362,IIC,
INU0362,IRAN INSURANCE CO.,
INU0363,ILNGC,
INU0363,IRAN LIQUIFIED NATURAL GAS CO,
INU0363,IRAN NATURAL GAS LIQUEFACTION COMPANY,
INU0364,NATIONAL IRANIAN OIL COMPANY,
INU0364,NIOC NETHERLANDS REPRESENTATION OFFICE,
INU0375,MITEC,
INU0375,RAHKAR COMPANY,
INU0375,RAHKAR INDUSTRIES,
INU0375,RAHKAR SANAYE COMPANY,
INU0375,RAHKAR SANAYE NOVIN,
INU0376,PARS NOVIN,
INU0379,BEHMAN ASGHARPOUR,
INU0379,BEHMAN ASGHARPUR,
INU0382,HALEN BAKHTIAR,
INU0382,HALEH BAKHTIARI,
INU0382,HALEH BAKHTIYAR,
INU0385,MOHAMMED HIJAZI,
INU0386,SYED HUSEIN HUSEINI,
INU0388,HAMID REZA MOHAJERANI ARAGHI,
INU0390,IHSAN MONAJEMI,
INU0394,JAVAD RAHIGI,
INU0394,JAWAD RAHIGI,
INU0394,JAWAD RAHIQI,
INU0395,ABAS RASHEDI,
INU0395,ABBAS RASHEDI,
INU0395,ABAS RASHIDI,
INU0396,M. JAVAD KAREEMI SABET,
INU0396,M. JAWAD KAREEMI SABET,
INU0396,M. JAWAD KARIMI SABET,
INU0396,MOHAMMAD SABET,
INU0396,MOHAMMED SABET,
INU0397,SYED JABER SAFDARI,
INU0398,HAJ QASEM,
INU0398,HAJI QASSEM,
INU0398,KASIM SOLEIMANI,
INU0398,QASIM SOLEIMANI,
INU0398,SARDAR SOLEIMANI,
INU0398,KASIM SULAIMANI,
INU0398,QASEM SULAIMANI,
INU0398,QASIM SULAIMANI,
INU0398,KASIM SULAYMANI,
INU0398,QASEM SULAYMANI,
INU0398,QASIM SULAYMANI,
INU0399,GHASEM SOLAYMANI,
INU0399,GHASIM SOLEYMANI,
INU0399,GHASEM SULAYMANI,
INU0400,FUTURE BANK BSC,
INU0401,I.A.C.,
INU0401,IRALCO,
INU0401,IRAN ALUMINA CO.,
INU0401,IRAN ALUMINA COMPANY,
INU0402,CENTER FOR AGRICULTURAL RESEARCH AND NUCLEAR MEDICINE,
INU0402,KARAJI AGRICULTURAL AND MEDICAL RESEARCH CENTER,
INU0405,PIONEER ENERGY INDUSTRIES,
INU0407,SOOKHT ATOMI REACTORHAYE,
INU0407,SOREH,
INU0407,SOUKHT ATOMI REACTORHA-YE IRAN,
INU0407,SUREH,
INU0409,EMKA,
INU0409,EMKA CO.,
INU0409,EXPLORATION AND NUCLEAR RAW MATERIALS PRODUCTION COMPANY,
INU0409,EXPLORATION AND PREPARATION OF RAW MATERIAL OF THE NUCLEAR INDUSTRY COMPANY,
INU0409,EXPLORATION AND PREPARATION OF RAW MATERIALS FOR THE NUCLEAR INDUSTRY COMPANY OF IRAN,
INU0410,GOOD LUCK SHIPPING COMPANY,
INU0410,GOOD LUCK SHIPPING COMPANY LLC,
INU0411,MINISTRY OF ENERGY,
INU0412,BAHZAD SOLTANI,
INU0413,IRANIAN MINISTRY OF PETROLEUM,
INU0413,ISLAMIC REPUBLIC OF IRAN MINISTRY OF PETROLEUM,
INU0414,PETROPARS LIMITED,
INU0414,PPL,
IRN0001,CYBER POLICE,
IRN0001,CP,
IRN0001,FATA'IRANIAN CYBER POLICE,
IRN0002,ABBAS JAFARI-DOLATABADI,
IRN0002,ABBAS JA'FARI DOWLATABADI,
IRN0003,ABBAS PIR-ABASSI,
IRN0003,ABBAS PIR ABASSI,
IRN0003,YAHYA PIR ABASSI,
IRN0003,YAHYA PIR-ABASSI,
IRN0003,ABBAS PIRABBASI,
IRN0003,YAHYA PIRABBASI,
IRN0004,ABDOLGHASSEM SALAVATI,
IRN0004,ABLOQASEM SALAVATI,
IRN0004,ABOLGHASEM SALAVATI,
IRN0004,ABOLGHASSEM SALAVATI,
IRN0004,ABOLQASEM SALAVATI,
IRN0004,ABULGHASEM SALAVATI,
IRN0004,ABU'L-QASIM SALAVATI,
IRN0004,ABUGHASEM SALEVATI,
IRN0005,ABDOLLAH ARAGHI,
IRN0005,ABDULLAH ARAGHI,
IRN0005,ABDOLLAH ARAQI,
IRN0005,ABDULLAH ARAQI,
IRN0005,ABDOLLAH ERAGHI,
IRN0005,ABDULLAH ERAGHI,
IRN0005,ABDOLLAH ERAQI,
IRN0005,ABDULLAH ERAQI,
IRN0006,ABDOLSAMAD KHORAMABADI,
IRN0006,KHORRAMABADI,
IRN0007,AHMAD-REZA RADAN,
IRN0008,ALI ASHRAF RASHIDI AGHDAM,
IRN0008,ALI ASHRAF ROSTAMI AGHDAM,
IRN0009,ALI FAHRADI,
IRN0009,ALI FARHADI,
IRN0010,ALI FAZLI,
IRN0011,ALI KHALILI,
IRN0012,ALI MIRHEJAZI,
IRN0012,ALI ASQAR HEJAZI,
IRN0012,ASGHAR HEJAZI,
IRN0012,ASGHAR SADEGH HEJAZI,
IRN0012,ALI ASQAR MIR HEJAZI,
IRN0012,ASGHAR MIR HEJAZI,
IRN0012,ASGHAR SADEGH MIR HEJAZI,
IRN0012,ALI ASGAR MIR-HEJAZI,
IRN0012,ALI ASQAR MIR-HEJAZI,
IRN0012,ASGHAR MIR-HEJAZI,
IRN0012,ASGHAR SADEGH MIR-HEJAZI,
IRN0012,ALI ASGAR MIR-HEJAZI RUHANI,
IRN0012,ALI ASQAR MIR-HEJAZI RUHANI,
IRN0012,ASGHAR MIR-HEJAZI RUHANI,
IRN0012,ASGHAR SADEGH MIR-HEJAZI RUHANI,
IRN0012,ALI ASGHAR HEJAZI,
IRN0012,SEYYED ALI ASGHAR MIR HEJAZI,
IRN0012,SEYYED ALI ASGAR MIR-HEJAZI RUHANI,
IRN0013,ALI REZVANMA-NESH,
IRN0013,ALI REZVANMANESH,
IRN0014,ALI SAEEDI,
IRN0014,SHAHROUDI ALI SAEEDI,
IRN0014,SHAHROUDI ALI SAIDI,
IRN0015,ALI-AKBAR HEYDARIFAR,
IRN0016,ALI-AKBAR YASAGHI,
IRN0017,ALI-REZA AKBARSHAHI,
IRN0018,ALI-REZA SEYYED AVAEE,
IRN0018,ALIREZA AVAEE,
IRN0018,SEYYED ALIREZA AVAEE,
IRN0018,SEYYED ALI-REZA AVAEE,
IRN0018,ALIREZA AVAEI,
IRN0018,ALI-REZA SEYYED AVAEI,
IRN0018,SEYYED ALIREZA AVAEI,
IRN0018,SEYYED ALI-REZA AVAEI,
IRN0018,ALIREZA AVAYI,
IRN0018,ALI-REZA SEYYED AVAYI,
IRN0018,SEYYED ALIREZA AVAYI,
IRN0018,SEYYED ALI-REZA AVAYI,
IRN0019,AMIR MORTAZAVI,
IRN0019,SEYYED AMIR MORTAZAVI,
IRN0019,SYED AMIR MORTAZAVI,
IRN0020,ASADOLLAH JAFARI,
IRN0020,ASSADOLLAH JAFARI,
IRN0021,AZIZ HAJMOHAM-MADI,
IRN0021,AZIZ HAJ-MOHAMMADI,
IRN0021,NOORULLAH AZIZ HAJ-MOHAMMADI,
IRN0021,NOORULLAH AZIZ HAJMOHAM-MADI,
IRN0021,AZIZ MOHAMMADI,
IRN0021,NOORULLAH AZIZ MOHAMMADI,
IRN0022,AZIZOLLAH RAJABZADEH,
IRN0023,BAHRAM HOSSEINI MOTLAGH,
IRN0024,BAHRAM RESHTE-AHMADI,
IRN0025,BEHROUZ KAMALIAN,
IRN0026,ESMAIL AHMADI-MOQADDAM,
IRN0026,ESMAIL AHMADI-MOGHADAM,
IRN0026,ISMAEL AHMADI-MOGHADAM,
IRN0026,ISMAEL AHMADI-MOQADDAM,
IRN0027,EZZATOLLAH ZARGHAMI,
IRN0028,FARAJOLLAH SEDAQAT,
IRN0029,GHOLAMHOSEIN RAMEZANI,
IRN0030,GHOLAM-HOSSEIN ESMAILI,
IRN0031,GHOLAM-HOSSEIN MOHSENI-EJEI,
IRN0032,GHORBAN-ALI DORRI-NADJAFABADI,
IRN0032,GHORBAN-ALI DORRI-NADJA-FABADI,
IRN0033,HAMID REZA EMADI,
IRN0033,HAMIDREZA EMADI,
IRN0034,HASSAN AKHARIAN,
IRN0034,HOSSEIN AKHARIAN,
IRN0035,HEYDAR MOSLEHI,
IRN0035,HAIDAR MOSLEHI,
IRN0035,HEIDAR MOSLEHI,
IRN0036,HOJATOLLAH KHODAEI SOURI,
IRN0036,HOJATOLLAH SOURI,
IRN0037,HOSSEIN ALLAHKARAM,
IRN0037,HOSSEIN ALLAH KARAM,
IRN0037,HUSSEIN ALLAH KARAM,
IRN0037,HUSSEIN ALLAHKARAM,
IRN0038,HOSSEIN SAJEDI-NIA,
IRN0039,HOSSEIN TAEB,
IRN0040,HOSSEIN TALA,
IRN0041,HOSSEIN ZEBHI,
IRN0042,JABER BANESHI,
IRN0043,YADOLLAH JAVANI,
IRN0044,MAHMOUD ABBASZADEH-MESHKINI,
IRN0044,MAHMOUD ABBAS ZADEH MESHKINI,
IRN0045,MAHMOUD SALARKIA,
IRN0046,MALEK ADJAR SHARIFI,
IRN0047,MASSOUD JAZAYERI,
IRN0047,SEYYED MASSOUD JAZAYERI,
IRN0048,MEHRDAD OMIDI,
IRN0048,REZA OMIDI,
IRN0048,REZA,
IRN0049,MOHAMED SADEGHI,
IRN0050,MOHAMMAD ALI ZANJIREI,
IRN0051,MOHAMMAD HOSSEINI,
IRN0051,SAYYED MOHAMMAD HOSSEINI,
IRN0051,SAYYID HOSSEINI,
IRN0051,SEYED HOSSEINI,
IRN0051,SEYYED HOSSEINI,
IRN0051,SAYYED MOHAMMAD HOSSEYNI,
IRN0051,SAYYID HOSSEYNI,
IRN0051,SEYED HOSSEYNI,
IRN0051,SEYYED HOSSEYNI,
IRN0052,MOHAMMAD MOGHISSEH,
IRN0052,MOHAMMAD MOGHISEH,
IRN0052,MOHAMMAD NASSERIAN,
IRN0053,MOHAMMAD REZA HABIBI,
IRN0054,MOHAMMAD REZA NAQDI,
IRN0055,MOHAMMAD SALAH JOKAR,
IRN0055,MOHAMMAD SALEH JOKAR,
IRN0056,MOHAMMAD SARAFRAZ,
IRN0056,HAJ-AGHA SARAFRAZ,
IRN0057,SEYED MOHAMMAD SOLTANI,
IRN0058,MOHAMMAD ALI JAFARI,
IRN0058,ALI JAAFARI,
IRN0058,AZIZ JAAFARI,
IRN0058,MOHAMED JAAFARI,
IRN0058,MOHAMED-ALI JAAFARI,
IRN0058,MOHAMMAD-ALI JAAFARI,
IRN0058,MOHAMMED JAAFARI,
IRN0058,MOHAMMED-ALI JAAFARI,
IRN0058,MUHAMMAD JAAFARI,
IRN0058,MUHAMMAD-ALI JAAFARI,
IRN0058,ALI JAFARI,
IRN0058,MOHAMED JAFARI,
IRN0058,MOHAMED-ALI JAFARI,
IRN0058,MOHAMMAD-ALI JAFARI,
IRN0058,MOHAMMED JAFARI,
IRN0058,MOHAMMED-ALI JAFARI,
IRN0058,MUHAMMAD JAFARI,
IRN0058,MUHAMMAD-ALI JAFARI,
IRN0058,ALI JA'FARI,
IRN0058,AZIZ JA'FARI,
IRN0058,MOHAMED JA'FARI,
IRN0058,MOHAMED-ALI JA'FARI,
IRN0058,MOHAMMAD-ALI JA'FARI,
IRN0058,MOHAMMED JA'FARI,
IRN0058,MOHAMMED-ALI JA'FARI,
IRN0058,MUHAMMAD JA'FARI,
IRN0058,MUHAMMAD-ALI JA'FARI,
IRN0058,ALI JAFARI-NAJA-FABADI,
IRN0058,AZIZ JAFARI-NAJA-FABADI,
IRN0058,MOHAMED JAFARI-NAJA-FABADI,
IRN0058,MOHAMED-ALI JAFARI-NAJA-FABADI,
IRN0058,MOHAMMAD-ALI JAFARI-NAJA-FABADI,
IRN0058,MOHAMMED JAFARI-NAJA-FABADI,
IRN0058,MOHAMMED-ALI JAFARI-NAJA-FABADI,
IRN0058,MUHAMMAD JAFARI-NAJA-FABADI,
IRN0058,MUHAMMAD-ALI JAFARI-NAJA-FABADI,
IRN0058,AZIZ JAFARI,
IRN0059,MOHAMMAD-ALI RAMIN,
IRN0060,MOHAMMAD-BAGHER BAGHERI,
IRN0061,MOHAMMAD-KAZEM BAHRAMI,
IRN0062,MOJTABA MALEKI,
IRN0063,MORTEZA KIASATI,
IRN0064,MORTEZA TAMADDON,
IRN0064,MORTEZA TAMADON,
IRN0065,MOSTAFA BARZEGAR GANJI,
IRN0065,MOSTAFA BARZEGAR-GANJI,
IRN0066,MOSTAFA BOZORGNIA,
IRN0067,MOUSSA KHALILOLLAHI,
IRN0067,MOUSA KHALIL ELAHI,
IRN0067,MOUSSA KHALIL ELAHI,
IRN0067,MUSA KHALIL ELAHI,
IRN0067,MOUSA KHALILOLLAHI,
IRN0067,MUSA KHALILOLLAHI,
IRN0068,RAHIM HAMLBAR,
IRN0069,REZA JAFARI,
IRN0069,REZA JA'FARI,
IRN0070,REZA TAGHIPOUR,
IRN0071,SADEQ LARIJANI,
IRN0071,SADEGH LARIJANI,
IRN0071,SADEQ ARDESHIR LARIJANI,
IRN0071,AMOLI LARIJANI,
IRN0072,SADEQ MAHSOULI,
IRN0072,SADEQ MAHSULI,
IRN0073,SAID MORTAZAVI,
IRN0073,SAEED MORTAZAVI,
IRN0074,SEYED MOHAMMAD BAGHER MOUSSAVI,
IRN0075,SEYEED HASSAN SHARIATI,
IRN0076,SEYYED MORTEZA BAKHTIARI,
IRN0077,SEYYED REZA MUSAVI-TABAR,
IRN0078,SEYYED SOLAT MORTAZAVI,
IRN0079,TORAJ KAZEMI,
IRN0080,MOHAMMAD GACHI,
IRN0081,GUIDANCE PATROL,
IRN0081,IRAN MORALITY POLICE,
IRN0081,MORALITY SECURITY POLICE,
IRN0086,LEYLA VASEGHI,
IRN0087,AHMED MIRZAEI,
IRN0087,HAJAHMAD MIRZAEI,
IRN0087,HAJJ AHMAD MIRZAYI,
IRN0088,EISA ZAREPOUR,
IRN0094,SAYYED ALI SAFARI,
IRN0097,MORTEZA MIRZAEI,
IRN0100,AZIZULLAH MALIKI,
IRN0110,ISMAIL KOSHA,
IRN0117,ALI ALGHASIMEHR,
IRN0117,ALI ALGHASI-MEHR,
IRN0117,ALI ALGHASSIMEHR,
IRN0118,ALI CHAHARMAHALI,
IRN0119,GHOLAMREZA ZIAEI,
IRN0119,GHOLAMREZA ZIAYI,
IRN0120,HASSAN BABAEE,
IRN0120,HASSAN BABAYI,
IRN0121,MOSTAFA MOHEBBI,
IRN0123,BASIJ-E MOSTAZ'AFIN,
IRN0123,NIROUYE MOQAVEMATE BASIJ,
IRN0124,BONYAD TAAVON BASIJ,
IRN0126,MOHAMMED HOSSEIN ZIBAEE NEJAD,
IRN0126,MOHAMMED HOSSEIN ZIBAYINEJAD,
IRN0127,KIOMARS HEIDARI,
IRN0127,KIUMARS HEYDARI,
IRN0127,KIYOMARTH HEYDARI,
IRN0127,KYOMARTH HEYDARI,
IRN0128,QASIM REZAEI,
IRN0129,SALAR ABANUSH,
IRN0129,SALAR VELAYATMADAR,
IRN0130,ASEF AL-HOSSEINI,
IRN0130,ASIF AL-HOSSEINI,
IRN0131,HADI MANSOORI,
IRN0131,SEYED HADI MANSOURI,
IRN0132,QAZI BARATI,Low quality a.k.a
IRN0133,MOHAMMAD TAGHI ASANLOO,
IRN0133,MOHAMMAD TAQI OSANLOO,
IRN0133,MOHAMMAD TAGHI OSANLOU,
IRN0133,MOHAMMAD TAQI OSANLOU,
IRN0133,MOHAMMAD TAGHI OSANLU,
IRN0133,MOHAMMAD TAQI OSANLU,
IRN0135,AMONOLLAH GASHTASEBI,
IRN0137,HASSAN ASKARI,
IRN0138,MOHAMED SALEH HASHEMI GOLPAYEGANI,
IRN0138,SAED MOHAMED SALEH HASHEMI GOLPAYEGANI,
IRN0139,OFFICE OR HEADQUARTERS FOR THE PROMOTION OF VIRTUE AND PREVENTION OF VICE,
IRN0140,ALI ASGHAR NOROUZI,
IRN0141,AMINALLAH TABATBAYI,
IRN0141,AMINALLAH IMAMI TABATBAYI,
IRN0142,AHMAD HASAN KARIMI,
IRN0143,JAMAL ALI BABAMORADI,
IRN0144,YAHYA ALAA AL DINI,
IRN0144,YAHYA ALAEDDINI,
IRN0145,AHMAD ZOLGHADR,
IRN0146,ALIREZA HEJDARNIA,
IRN0148,AHMED KHADIM,
IRN0150,HABIB SHAHESVARI,
IRN0150,HABIB SHAHSAWARI,
IRN0151,MORAD FATHI,
IRN0152,MOHAMMAD HOSSEIN KHOSRAVI,
IRN0153,HAIDER MEHDIGOLI,
IRN0153,HAYDAR PASANDIDEH,
IRN0153,HEIDAR MEHDIGHOLI PASANDIDEH,
IRN0153,HEIDER PASANDIDEH,
IRN0155,SEYED MOHAMMAD AMIN ALGHAMIRI,
IRN0157,IRGC CYBER SECURITY COMMAND,
IRN0160,IRANIAN CYBERSPACE SUPREME COUNCIL,
IRN0160,SUPREME COUNCIL FOR CYBERSPACE,
IRN0160,SUPREME COUNCIL OF VIRTUAL SPACE,
IRN0160,SUPREME CYBERSPACE COUNCIL,
IRN0161,ABDOL HOSSEIN KHOSRO PANAH,
IRN0161,ABDOL HOSSEIN KHOSROU PANAH,
IRN0161,ABDUL HOSSEIN KHOSROW PANAH,
IRN0165,ABR ARVAN,
IRN0166,MOHAMMAD MEHDI ESMAEILI,
IRN0166,MOHAMMED MEHDI ESMAEILI,
IRN0166,MOHAMMED MEHDI ESMAILI,
IRN0170,MASOOD DARSHTI,
IRN0170,MASOOD DOROSTI,
IRN0172,ALIREZA HOJJAT AL-ISLAM SEYYED ADIANI,
IRN0173,HASSAN MAFKHAMI,
IRN0173,HASSAN MOFAKHMI SHAHRASHTANI,
IRN0173,HASAN SHAHRESHTANI,
IRN0173,HASAN SHAHRESTANI,
IRN0174,ESMAEIL GHAANI AKBARNEJAD,
IRN0174,ESMAIL GHAANI,
IRN0174,ISMAIL AKBAR NEZHAD,
IRN0174,ESMAEIL QAANI,
IRN0174,ISMAIL QAANI,
IRN0174,ESMA'IL QA'ANI,
IRN0174,ESMAIL QANI,
IRN0176,MOHAMMAD SA'ID RAMAZAN IZADI,
IRN0177,ABU JAVAD,
IRN0178,ABU RUQAYYAH,
IRN0180,KHALED AL-QADDUMI,
IRN0180,KHALID AL-QADDUMI,
IRN0180,KHALED KADDOUMI,
IRN0180,KHALED QADOMI,
IRN0181,ABDAL NASSER SHARIF MOHAMMED SAID,
IRN0181,ABD-AL-NASR SHARIF,
IRN0183,ABDOLVAHAB KUCHAK,
IRN0184,ALI KOCHAK,
IRN0184,ALI KUCHAK,
IRN0187,BARKIRSAGHI MOHAMMADREZA ANSARI,
IRN0187,MOHAMMADREZA ANSARI,
IRN0187,MOSTAFA NASERI,
IRN0193,ABU BAQER,
IRN0194,SAEED AHMED MOHAMMED AL GAMAL,
IRN0194,SAEED AL-JAMAL,
IRN0194,SA'ID AHMAD MUHAMMAD AL-JAMAL,
IRN0194,ABU-ALI,
IRN0194,RAMI ABU AHMAD,
IRN0195,MOHAMMAD REZA GHARAEI ASHTIANI,
IRN0200,KHATEMOLANBIA CENTRAL HEADQUARTERS,
IRN0201,SEYED MIRAHMAD NOOSHIN,
IRN0207,SARMAD ELECTRONICS CO.,
IRN0208,APES,
IRN0216,ABDOLFATTAH AHVAZIAN,
IRN0219,BENHAM SHARIARI,
IRN0219,BAHANEM SHARIRI,
IRN0221,SEYED HAMZEH GHALANDARI,
IRN0225,SANAT ASMARI COMPANY,
IRN0225,SHAKAD SANAT ASMARI COMPANY,
IRN0226,DARIA FANAVAR BORHAN SHARIF,
IRN0226,SAAD SAZEH FARAZ SHARIF,
IRN0226,SADID SAZEH PARVAZ SHARIF,
IRN0229,SEYED ABDOLRAHIM MOUSAVI,
IRN0232,MOHAMMAD-HOSSEIN DADRAS,
IRN0236,ALI MOHAMMAD NAEINI,
IRN0238,HOSSEIN POUR FARZANEH,
IRN0239,IRANIAN SPACE ORGANISATION,
IRN0240,HAVAPEYMAYI MELLI IRAN,
IRN0240,IRAN AIR,
IRN0240,IRAN AIR PJSC,
IRN0240,IRANAIR CARGO,
IRN0240,THE AIRLINE OF THE ISLAMIC REPUBLIC OF IRAN,
IRN0249,HECTOR SHAMKHANI,
IRN0250,PCC,
IRN0253,ADMIRAL GROUP SHIPPING COMPANY,
IRN0254,ALI ANSARI,
IRN0259,FARAJA,
IRN0259,LAW ENFORCEMENT COMMAND OF THE ISLAMIC REPUBLIC OF IRAN,
IRN0259,NAJA,
IRN0259,POLICE COMMAND OF THE ISLAMIC REPUBLIC OF IRAN,
IRN0266,YADOLLAH BOOALI,
IRN0266,YADULLAH BOUALI,
IRN0266,YADOLLAH BOU-ALI,
IRN0266,YADOLLAH BUALI,
IRN0267,BABAK MORTEZA ZANJANI,
IRQ0013,IDLEB COMPANY FOR SPINNING,
IRQ0051,AL WASEL AND BABEL GENERAL TRADING LLC,
IRQ0052,AVIATRANS ANSTALT,
IRQ0052,AVIATRANS ESTABLISHMENT,
IRQ0053,LOGARCHEO S.A.,
IRQ0053,LOGARCHEO AG,
IRQ0056,AL-ARABI TRADING COMPANY,
IRQ0057,"AL-BASHAIR TRADING COMPANY, LTD",
IRQ0057,"AL-BASHAAIR TRADING COMPANY, L TD",
IRQ0057,"AL-BASHAER TRADING COMPANY, LTD",
IRQ0057,"AL-BASHA'IR TRADING COMPANY, LTD",
IRQ0057,"AL-BASHIR TRADING COMPANY, LTD",
IRQ0057,"AL-BUSHAIR TRADING COMPANY, LTD",
IRQ0058,"TRADING AND TRANSPORT SERVICES COMPANY, LTD",
IRQ0059,ALFA COMPANY LIMITED FOR INTERNATIONAL TRADING AND MARKETING,
IRQ0059,ALFA INVESTMENT AND INTERNATIONAL TRADING,
IRQ0059,ALFA TRADING COMPANY,
IRQ0060,TECHNOLOGY AND DEVELOPMENT GROUP LIMITED,
IRQ0060,TDG LTD.,
IRQ0061,T.M.G. ENGINEERING LIMITED,
IRQ0061,TMG LTD.,
IRQ0062,SADDAM HUSSEIN AL-TIKRITI,
IRQ0062,ABU ALI,Low quality a.k.a
IRQ0063,QUSAY SADDAM HUSSEIN AL-TIKRITI,
IRQ0064,UDAY SADDAM HUSSEIN AL-TIKRITI,
IRQ0065,ABID HAMID MAHMUD AL-TIKRITI,
IRQ0065,ABED MAHMOUD HAMMUD,Good quality a.k.a
IRQ0065,ABDEL HAMID MAHMOUD,Good quality a.k.a
IRQ0065,ABID HAMID BID HAMID MAHMUD,Good quality a.k.a
IRQ0066,ALI HASSAN AL-MAJID AL-TIKRITI,
IRQ0066,AL-KIMAWI,Low quality a.k.a
IRQ0067,IZZAT IBRAHIM AL-DURI,
IRQ0067,ABU AHMAD,Low quality a.k.a
IRQ0067,ABU BRAYS,Low quality a.k.a
IRQ0068,HANI ABD-AL-LATIF TILFAH AL-TIKRITI,
IRQ0070,MUHAMMAD HAMZA ZUBAIDI,
IRQ0072,BARZAN ABD AL-GHAFUR SULAIMAN MAJID AL-TIKRITI,
IRQ0072,BARZAN RAZUKI ABD AL-GHAFUR,Good quality a.k.a
IRQ0073,MUZAHIM SA'B HASSAN AL-TIKRITI,
IRQ0074,IBRAHIM AHMAD ABD AL-SATTAR MUHAMMED AL-TIKRITI,
IRQ0075,SAIF-AL-DIN FULAYYIH HASSAN TAHA AL-RAWI,
IRQ0075,AYAD FUTAYYIH AL-RAWI,Good quality a.k.a
IRQ0076,RAFI ABD-AL-LATIF TILFAH AL-TIKRITI,
IRQ0077,TAHIR JALIL HABBUSH AL-TIKRITI,
IRQ0078,HAMID RAJA SHALAH AL-TIKRITI,
IRQ0078,HAMID RAJA-SHALAH HASSUM AL-TIKRITI,Good quality a.k.a
IRQ0078,HASSAN AL-TIKRITI,Good quality a.k.a
IRQ0080,ABD-AL-TAWWAB MULLAH HUWAYSH,
IRQ0081,TAHA YASSIN RAMADAN AL-JIZRAWI,
IRQ0082,RUKAN RAZUKI ABD-AL-GHAFUR SULAIMAN AL-TIKRITI,
IRQ0082,RUKAN ABD AL-GHAFFUR AL-MAJID AL-TIKRITI ABU WALID,Good quality a.k.a
IRQ0082,RUKAN ABDAL-GHAFFUR SULAYMAN AL-MAJID,Good quality a.k.a
IRQ0082,RUKAN RAZUQI ABD AL-GHAFUR AL-MAJID,Good quality a.k.a
IRQ0083,JAMAL MUSTAFA ABDALLAH SULTAN AL-TIKRITI,
IRQ0084,MIZBAN KHADR HADI,
IRQ0085,TAHA MUHYI-AL-DIN MA'RUF,
IRQ0086,TARIQ AZIZ,
IRQ0086,TARIQ MIKHAIL AZIZ,Good quality a.k.a
IRQ0088,SULTAN HASHIM AHMAD AL-TA'I,
IRQ0089,HIKMAT MIZBAN IBRAHIM AL-AZZAWI,
IRQ0097,SAB'AWI IBRAHIM HASSAN AL-TIKRITI,
IRQ0098,WATBAN IBRAHIM HASSAN AL-TIKRITI,
IRQ0099,BARZAN IBRAHIM HASSAN AL-TIKRITI,
IRQ0100,HUDA SALIH MAHDI AMMASH,
IRQ0105,YAHIA ABDALLAH AL-UBAIDI,
IRQ0106,NAYIF SHINDAKH THAMIR GHALIB,
IRQ0107,SAIF-AL-DIN AL-MASHHADANI,
IRQ0108,FADIL MAHMUD GHARIB,
IRQ0109,MUHSIN KHADR AL-KHAFAJI,
IRQ0110,RASHID TAAN KATHIM,
IRQ0111,UGLA ABID SAKR AL-ZUBAISI,
IRQ0111,SAQR AL-KABISI ABD AQALA,Good quality a.k.a
IRQ0112,GHAZI HAMMUD AL-UBAIDI,
IRQ0113,ADIL ABDALLAH MAHDI,
IRQ0115,KHAMIS SIRHAN AL-MUHAMMAD,
IRQ0115,FNU MNU KHAMIS,Good quality a.k.a
IRQ0116,SA'D ABD-AL-MAJID AL-FAISAL AL-TIKRITI,
IRQ0117,SAJIDA KHAYRALLAH TILFAH,
IRQ0118,RAGHAD SADDAM HUSSEIN AL-TIKRITI,
IRQ0119,RANA SADDAM HUSSEIN AL-TIKRITI,
IRQ0120,HALA SADDAM HUSSEIN AL-TIKRITI,
IRQ0121,SAMIRA SHAHBANDAR,
IRQ0121,CHADIAN,Low quality a.k.a
IRQ0122,ALI SADDAM HUSSEIN AL-TIKRITI,
IRQ0122,HASSAN,Low quality a.k.a
IRQ0123,MOHAMMAD BARZAN IBRAHIM HASAN AL-TIKRITI,
IRQ0124,SAJA BARZAN IBRAHIM HASAN AL-TIKRITI,
IRQ0125,ALI BARZAN IBRAHIM HASAN AL-TIKRITI,
IRQ0126,NOOR BARZAN IBRAHIM HASAN AL-TIKRITI,
IRQ0127,KHAWLA BARZAN IBRAHIM HASAN AL-TIKRITI,
IRQ0128,THORAYA BARZAN IBRAHIM HASAN AL-TIKRITI,
IRQ0129,JAWHAR MAJID AL-DURI,
IRQ0130,SUNDUS ABD AL-GHAFUR,
IRQ0131,NIDAL AL-RABI'I,
IRQ0132,INTISSAR AL-UBAYDI,
IRQ0134,ADNAN S. HASAN AHMED,
IRQ0134,HASAN AHMED S. ADNAN,Good quality a.k.a
IRQ0134,AHMED SULTAN,Good quality a.k.a
IRQ0137,ADIB SHABAN AL-ANI,
IRQ0137,ADIB SHABAN,Good quality a.k.a
IRQ0137,ADIB SHA'BAN,Good quality a.k.a
IRQ0140,ROODI SLEWA,
IRQ0140,RUDI SALIWA,Good quality a.k.a
IRQ0140,RUDI SLAIWAH,Good quality a.k.a
IRQ0140,RUDI UNTAYWAN SLAYWAH,Good quality a.k.a
IRQ0141,MUHAMMAD YUNIS AHMAD AHMAD,
IRQ0141,MUHAMMAD YUNIS AHMED,Good quality a.k.a
IRQ0141,MUHAMMAD YUNIS AL-AHMED,Good quality a.k.a
IRQ0141,MUHAMMED YUNIS AHMAD AL-BADRANI,Good quality a.k.a
IRQ0141,MUHAMMAD YUNIS AHMED AL-MOALI,Good quality a.k.a
IRQ0142,YASIR SABAWI IBRAHIM HASAN AL-TIKRITI,
IRQ0142,ALI THAFIR ABDALLAH,Good quality a.k.a
IRQ0142,YASIR SABAWI IBRAHIM HASSAN AL-TIKRITI,Good quality a.k.a
IRQ0142,YASIR SAB'AWI IBRAHIM HASAN AL-TIKRITI,Good quality a.k.a
IRQ0142,YASSER SABAWI IBRAHIM HASAN AL-TIKRITI,Good quality a.k.a
IRQ0142,YASSIR SABAWI IBRAHIM HASAN AL-TIKRITI,Good quality a.k.a
IRQ0143,OMAR SABAWI IBRAHIM HASAN AL-TIKRITI,
IRQ0143,UMAR AHMAD ALI AL-ALUSI,Good quality a.k.a
IRQ0143,OMAR SABAWI IBRAHIM HASSAN AL-TIKRITI,Good quality a.k.a
IRQ0143,OMAR SAB'AWI IBRAHIM HASAN AL-TIKRITI,Good quality a.k.a
IRQ0143,UMAR SABAWI IBRAHIM HASAN AL-TIKRITI,Good quality a.k.a
IRQ0144,AYMAN SABAWI IBRAHIM HASAN AL-TIKRITI,
IRQ0144,AIMAN SABAWI IBRAHIM HASAN AL-TIKRITI,Good quality a.k.a
IRQ0144,AYMAN SABAWI IBRAHIM HASSAN AL-TIKRITI,Good quality a.k.a
IRQ0144,AYMAN SAB'AWI IBRAHIM HASAN AL-TIKRITI,Good quality a.k.a
IRQ0144,QAIS MUHAMMAD SALMAN,Good quality a.k.a
IRQ0145,IBRAHIM SABAWI IBRAHIM HASAN AL-TIKRITI,
IRQ0145,IBRAHIM SABAWI IBRAHIM AL-HASSAN AL-TIKRITI,Good quality a.k.a
IRQ0145,IBRAHIM SABAWI IBRAHIM HASSAN AL-TIKRITI,Good quality a.k.a
IRQ0145,IBRAHIM SAB'AWI IBRAHIM HASAN AL-TIKRITI,Good quality a.k.a
IRQ0145,MUHAMMAD DA'UD SALMAN,Good quality a.k.a
IRQ0146,BASHAR SABAWI IBRAHIM HASAN AL-TIKRITI,
IRQ0146,ALI ZAFIR ABDULLAH,Good quality a.k.a
IRQ0146,BASHAR SABAWI IBRAHIM HASAN AL-BAYJAT,Good quality a.k.a
IRQ0146,BASHAR AL-NASIRI,Low quality a.k.a
IRQ0146,BASHAR SAB'AWI IBRAHIM HASAN AL-TIKRITI,Good quality a.k.a
IRQ0146,BASHIR SABAWI IBRAHIM AL-HASSAN AL-TIKRITI,Good quality a.k.a
IRQ0146,BASHIR SAB'AWI IBRAHIM AL-HASAN AL-TIKRITI,Good quality a.k.a
IRQ0147,SA'D SABAWI IBRAHIM HASAN AL-TIKRITI,
IRQ0147,SA'AD SABAWI IBRAHIM HASAN AL-TIKRITI,Good quality a.k.a
IRQ0147,SA'D SAB'AWI HASAN AL-TIKRITI,Good quality a.k.a
LIB0001,LIBYAN ARAB AFRICAN INVESTMENT COMPANY,
LIB0001,LAAICO,
LIB0001,LAICO,
LIB0002,GADDAFI INTERNATIONAL CHARITY AND DEVELOPMENT FOUNDATION,
LIB0003,WAATASSIMOU FOUNDATION,
LIB0004,LIBYAN JAMAHIRYA BROADCASTING CORPORATION,
LIB0005,REVOLUTIONARY GUARD CORPS,
LIB0006,LIBYAN AGRICULTURAL BANK,
LIB0006,AGRICULTURAL BANK,
LIB0006,AL MASRAF AL ZIRAE,
LIB0006,AL MASRAF AL ZIRAE AGRICULTURAL BANK,
LIB0007,AL-INMA HOLDING CO. FOR SERVICES INVESTMENTS,
LIB0008,AL-INMA HOLDING CO. FOR INDUSTRIAL INVESTMENTS,
LIB0009,AL-INMA HOLDING COMPANY FOR TOURISM INVESTMENT,
LIB0010,AL-INMA HOLDING CO. FOR CONSTRUCTION AND REAL ESTATE DEVELOPMENTS,
LIB0011,LAP GREEN NETWORKS,
LIB0011,LAP GREEN HOLDING COMPANY,
LIB0011,LAP GREENN,
LIB0012,SABTINA LTD,
LIB0013,ASHTON GLOBAL INVESTMENTS LIMITED,
LIB0014,CAPITANA SEAS LIMITED,
LIB0015,BAROQUE INVESTMENTS LIMITED,
LIB0016,KINLOSS PROPERTY LIMITED,
LIB0017,BASHIR SALEH BASHIR ALSHARGAWI,
LIB0018,MOHAMED ABOU EL-KASSIM ZOUAI,
LIB0020,MOHAMAD MAHMOUD HIJAZI,
LIB0021,MOHAMAD ALI HOUEJ,
LIB0022,ABDELMAJID AL-GAOUD,
LIB0023,IBRAHIM ZARROUG AL-CHARIF,
LIB0024,ABDELBAKIR MOHAMAD FAKHIRI,
LIB0024,ABDELKEBIR FAKHIRI,
LIB0025,ABDALLAH MANSOUR,
LIB0027,ABDULQADER YUSEF DIBRI,
LIB0028,AMID HUSSAIN AL KUNI,
LIB0028,AMID HUSAIN KUNI,
LIB0029,SAYYID MOHAMMED QADHAFI AL-DAM,
LIB0029,SAYED M GADDEF EDDAM,Good quality a.k.a
LIB0032,KHALIFA GHWELL,
LIB0032,KHALIFA AL GHWEIL,
LIB0032,KHALIFA AL-GHAWAIL,
LIB0032,KHALIFA MOHAMED GHAWIL,
LIB0036,KHALED TOHAMI,
LIB0037,LIBYAN AFRICA INVESTMENT PORTFOLIO,
LIB0038,LIBYAN INVESTMENT AUTHORITY,
LIB0038,LIBYAN FOREIGN INVESTMENT COMPANY (LFIC),
LIB0039,ABD AL-RAHMAN SALIM IBRAHIM AL-MILAD,
LIB0039,AL-BIJA,Low quality a.k.a
LIB0039,ABDULRAHMAN SALIM MILAD KASHLAF,Good quality a.k.a
LIB0039,ABDURAHMAN SALEM IBRAHIM MILAD,Good quality a.k.a
LIB0039,RAHMAN SALIM MILAD,Low quality a.k.a
LIB0041,ABDULLAH AL-SENUSSI,
LIB0041,ABDOULLAH OULD AHMED,Good quality a.k.a
LIB0042,ABDULQADER MOHAMMED AL-BAGHDADI,
LIB0044,ABU BAKR YUNIS JABIR,
LIB0045,ABU ZAYD UMAR DORDA,
LIB0045,ABU ZAYD UMAR HMEID DORDA,Good quality a.k.a
LIB0045,ABUZED OE DORDA,Good quality a.k.a
LIB0046,AHMAD OUMAR IMHAMAD AL-FITOURI,
LIB0046,AL AMMU,Low quality a.k.a
LIB0046,AL DABBASHI,Low quality a.k.a
LIB0046,AL-AHWAL,Low quality a.k.a
LIB0046,AL-DABACHI,Low quality a.k.a
LIB0046,THE UNCLE,Low quality a.k.a
LIB0047,AISHA MUAMMAR MUHAMMED ABU MINYAR QADHAFI,
LIB0047,AISHA MUHAMMED ABDUL SALAM,Good quality a.k.a
LIB0049,ERMIAS ALEM,
LIB0049,GURO ERMIAS GHERMAY,Good quality a.k.a
LIB0049,ERMIES GHERMAY,Low quality a.k.a
LIB0049,ERMIAS GHIRMAY,Low quality a.k.a
LIB0050,FITIWI ABDELRAZAK,
LIB0050,FITWI ESMAIL ABDELRAZAK,Low quality a.k.a
LIB0050,ABDELRAZAQ,Good quality a.k.a
LIB0050,ABDRAZZAK,Good quality a.k.a
LIB0050,ABDULRAZAK,Good quality a.k.a
LIB0050,ABDUREZAK,Good quality a.k.a
LIB0051,HANNIBAL MUAMMAR QADHAFI,
LIB0052,IBRAHIM SAEED SALIM JADHRAN,
LIB0052,IBRAHIM SAEED SALEM AWAD AISSA HAMED DAWOUD AL JADHRAN,Good quality a.k.a
LIB0053,KHAMIS MUAMMAR QADHAFI,
LIB0054,MATUQ MOHAMMED MATUQ,
LIB0055,MOHAMMED AL AMIN AL-ARABI KASHLAF,
LIB0055,AL-QASAB,Good quality a.k.a
LIB0055,KASHLAF,Good quality a.k.a
LIB0055,KESLAF,Low quality a.k.a
LIB0055,KOSHLAF,Good quality a.k.a
LIB0056,MOHAMMED MUAMMAR QADHAFI,
LIB0056,MUHAMMED MUAMMAR MUHAMMED ABDUL SALAM,Good quality a.k.a
LIB0057,MUAMMAR MOHAMMED ABU MINYAR QADHAFI,
LIB0058,MUS'AB MUSTAFA ABU AL QASSIM OMAR,
LIB0058,AL-GREIN,Low quality a.k.a
LIB0058,ABU-AL QASSIM OMAR MUSAB BOUKRIN,Low quality a.k.a
LIB0058,MUS'AB ABU QARIN,Good quality a.k.a
LIB0058,THE DOCTOR,Low quality a.k.a
LIB0059,MUTASSIM QADHAFI,
LIB0059,MOATASSAM,Low quality a.k.a
LIB0059,MUATASIMBLLAH,Low quality a.k.a
LIB0059,MUATASMBLLA,Low quality a.k.a
LIB0059,ALMUATESEM BELLAH MUAMMER QADHAFI,Good quality a.k.a
LIB0059,MUTASSIM BILLAH ABUMINYAR QADHAFI,Good quality a.k.a
LIB0061,SAADI QADHAFI,
LIB0062,SAFIA FARKASH AL-BARASSI,
LIB0062,SAFIA FARKASH MOHAMMED AL-HADAD,Good quality a.k.a
LIB0063,SAIF AL-ARAB QADHAFI,
LIB0064,SAIF AL-ISLAM QADHAFI,
LIB0065,SALAH BADI,
LIB0066,MAHMOUD MUSTAFA BUSAYF AL-WERFALLI,
LIB0066,MAHMUD AL-WARFALLI,
LIB0067,MOUSSA DIAB,
LIB0067,MOUSA DIAB,
LIB0068,SIGMA AIRLINES,
LIB0068,AIR SIGMA,
LIB0068,SIGMA AVIATION,
LIB0069,AVRASYA SHIPPING,
LIB0070,MED WAVE SHIPPING,
LIB0071,YEVGENIY VIKTOROVICH PRIGOZHIN,
LIB0071,EVGENY PRIGOZHIN,
LIB0071,YEVGENY PRIGOZHIN,
LIB0072,MOHAMED AL KANI,
LIB0072,OMAR AL KANI,
LIB0073,ABDURAHEM AL KANI,
LIB0073,ABDUL RAHIM AL KANI,
LIB0073,ABDURRAHIM AL KANI,
LIB0073,ABDUL RAHIM AL SHAQAQI,
LIB0073,ABDURAHEM AL SHAQAQI,
LIB0073,ABDURRAHIM AL SHAQAQI,
LIB0073,ABDUL RAHIM KHALIFA,
LIB0073,ABDURAHEM KHALIFA,
LIB0073,ABDURRAHIM KHALIFA,
LIB0074,AL-KANIYAT,
LIB0074,7TH BRIGADE,
LIB0074,9TH BRIGADE,
LIB0074,AL-KANI MILITIA,
LIB0074,KANI BRIGADE,
LIB0074,KANIAT,
LIB0074,KANYAT,
LIB0074,TARHUNA 7TH BRIGADE,
LIB0074,TARHUNA BRIGADE,
LIB0075,OSAMA AL KUNI,Good quality a.k.a
LIB0075,OSAMA AL-MILAD,Good quality a.k.a
LIB0075,OSAMA MILAD,Good quality a.k.a
LIB0075,OSAMA ZAWIYAH,Good quality a.k.a
LIB0076,AKRIN SALEH AKRIN,Good quality a.k.a
LIB0076,QURAYN SALIH QURAYN AL QADHAFI,
LIB0076,QU'REN SALIH QU'REN AL QADHAFI,
LIB0076,EGREEN SALAH,
LIB0077,EXPEDITIONARY CORPS,
LIB0077,PMC WAGNER,
LIB0077,WAGNER GROUP,
LIB0078,ANDREI AVERYANOV,
LIB0078,ANDREY VLADIMIROVICH AVERYANOV,
MAL0010,FRONT DE LIBERATION DU MACINA,
MAL0010,KATIBAT MACINA,
MAL0010,MACINA KATIBA,
MAL0012,MARCO MINING,
MAL0012,MARCO MINING SARL,
MYA0001,THAN OO,
MYA0002,AUNG KYAW ZAW,
MYA0003,KHIN MAUNG SOE,
MYA0004,MAUNG MAUNG SOE,
MYA0005,THANT ZIN OO,
MYA0006,AUNG AUNG,
MYA0007,THURA SAN LWIN,
MYA0008,NYI NYI SWE,
MYA0009,AUNG MYO THU,
MYA0010,BA KYAW,
MYA0011,KHIN HLAING,
MYA0012,KYAW CHAY,
MYA0013,THANT ZAW WIN,
MYA0013,THAN ZAW WIN,
MYA0014,TUN NAING,
MYA0015,SOE HTUT,
MYA0016,THAN HLAING,
MYA0017,MYA TUN OO,
MYA0017,MYA HTUN OO,
MYA0018,MIN AUNG HLAING,
MYA0019,TIN AUNG SAN,
MYA0020,MAUNG MAUNG KYAW,
MYA0021,AUNG LIN DWE,
MYA0022,MOE MYINT TUN,
MYA0023,YE WIN OO,
MYA0024,MYANMAR GEMS ENTERPRISE (MGE),
MYA0025,MYANMAR TIMBER ENTERPRISE (MTE),
MYA0026,MYANMAR PEARL ENTERPRISE (MPE),
MYA0027,STATE ADMINISTRATION COUNCIL,
MYA0028,TAYZA,
MYA0028,TEZA,
MYA0032,DEFENCE PRODUCTS INDUSTRIES,
MYA0032,KA PA SA,
MYA0032,KARKWEYE PYITSU SETYOUN,
MYA0034,THIDAR OO,
MYA0037,AUNG MYINT,
MYA0038,MIYA WIN,
MYA0041,DYNASTY GROUP,
MYA0048,SYNPEX SHWE COMPANY LTD,
MYA0052,SKY ONE,
MYA0052,SKY ONE CONSTRUCTION,
MYA0054,IGG,
MYA0054,IGGC,
MYA0054,INTERNATIONAL GATEWAYS CO LTD,
MYA0054,INTERNATIONAL GATEWAYS GROUP,
MYA0054,INTERNATIONAL GATEWAYS GROUP OF COMPANIES LIMITED,
MYA0055,KYEI NILAR COMPANY LTD,
MYA0056,33 LID,
MYA0057,99 LID,
MYA0066,ASIA SUN AVIATION PTE LIMITED,
MYA0066,SHOON PTE LIMITED,
MYA0067,KYAUK KYAR SHWE,
MYA0069,SITT TAING AUNG,
MYA0071,HTOO HTET TAYZA,
MYA0072,NYE PHYO TAY ZA,
MYA0072,PYAE PHYO TAY ZA,
MYA0072,PYE PHYO TAYZA,
MYA0075,IGE,
MYA0075,INTERNATIONAL GROUP OF ENTREPRENEUR,
MYA0076,101 LID,
MYA0076,101 LIGHT INFANTRY DIVISION,
MYA0076,LID 101,
MYA0076,LIGHT INFANTRY DIVISION 101,
MYA0077,77 LID,
MYA0077,77 LIGHT INFANTRY DIVISION,
MYA0077,LID 77,
MYA0077,LIGHT INFANTRY DIVISION 77,
MYA0078,ME1,
MYA0078,MINING ENTERPRISE ME1,
MYA0078,MINING ENTERPRISE NO 1,
MYA0078,MINING ENTERPRISE NO. 1,
MYA0078,MINING ENTERPRISE NUMBER ONE,
MYA0078,MYANMA MINING ENTERPRISE NUMBER 1,
MYA0078,MYANMAR MINING ENTERPRISE NUMBER 1,
MYA0078,NO 1 MINING ENTERPRISE,
MYA0078,NO. 1 MINING ENTERPRISE,
MYA0079,ME2,
MYA0079,MINING ENTERPRISE ME2,
MYA0079,MINING ENTERPRISE NO 2,
MYA0079,MINING ENTERPRISE NO. 2,
MYA0079,MINING ENTERPRISE NUMBER TWO,
MYA0079,MYANMA MINING ENTERPRISE NUMBER 2,
MYA0079,MYANMAR MINING ENTERPRISE NUMBER 2,
MYA0079,NO 2 MINING ENTERPRISE,
MYA0079,NO. 2 MINING ENTERPRISE,
MYA0080,KING ROYAL TECHNOLOGIES,
MYA0080,KING ROYAL TECHNOLOGIES CO,
MYA0081,MYAN OIL,
MYA0081,MYAN-OIL,
MYA0082,PROGRESS TECHNOLOGY SUPPORT COMPANY,
MYA0082,ROYAL SHUNE LEI,
MYA0082,ROYAL SHUNE LEI COMPANY,
MYA0082,ROYAL SHUNE LEI COMPANY LIMITED,
MYA0083,ASIA SUN GROUP,
MYA0083,ASIA SUN GROUP COMPANY,
MYA0084,RICH RAY TRADING,
MYA0084,RICH RAY TRADING COMPANY,
MYA0084,ROYAL RICH RAY TRADING COMPANY LIMITED,
MYA0085,SWAN ENERGY,
MYA0085,SWAN ENERGY COMPANY,
NIC0001,FRANCISCO JAVIER DIAZ MADRIZ,
NIC0002,LUIS ALBERTO PEREZ OLIVAS,
NIC0003,RAMON ANTONIO AVELLAN MEDAL,
NIC0004,JUSTO PASTOR URBINA,
NIC0005,SONIA CASTRO GONZALEZ,
NIC0006,NESTOR MONCADA LAU,
NIC0007,ROSARIO MARIA MURILLO DE ORTEGA,
NIC0010,ANA JULIA GUIDO DE ROMERO,
RUS0001,DMITRY KONSTANTINOVICH KISELYOV,
RUS0001,DMITRII KONSTANTINOVICH KISELEV,
RUS0001,DMITRY KONSTANTINOVICH KISELEV,
RUS0001,DMITRII KONSTANTINOVICH KISELYOV,
RUS0002,ANDREI ALEKSANDROVICH KLISHAS,
RUS0003,ALEKSANDR IGOREVICH KOFMAN,
RUS0003,ALEKSANDER IGOREVICH KOFMAN,
RUS0003,ALEXANDER IGOREVICH KOFMAN,
RUS0003,OLEKSANDR IGOROVICH KOFMAN,
RUS0003,OLEKSANDR KOFMAN,
RUS0004,VLADIMIR PETROVICH KONONOV,
RUS0004,VOLODYMYR PETROVYCH KONONOV,
RUS0004,TSAR,
RUS0005,VOLODYMYR ANDRIYOVYCH KONSTANTINOV,
RUS0006,IHOR VLADYMYROVYCH KOSTENOK,
RUS0006,IGOR VLADIMIROVICH KOSTENOK,
RUS0007,YURIY VALENTINOVICH KOVALCHUK,
RUS0007,YURI VALENTINOVICH KOVALCHUK,
RUS0007,YURY VALENTINOVICH KOVALCHUK,
RUS0008,OLGA FEDOROVNA KOVITIDI,
RUS0009,DMITRY NIKOLAYEVICH KOZAK,
RUS0010,ANDREI DMITRIEVICH KOZENKO,
RUS0011,NIKOLAY IVANOVICH KOZITSYN,
RUS0011,NIKOLAI IVANOVICH KOZITSYN,
RUS0011,NIKOLAI IVANOVICH KOZYTSIN,
RUS0011,NIKOLAY IVANOVICH KOZYTSIN,
RUS0012,SERGEY YURIEVICH KOZYAKOV,
RUS0013,OLEG GRIGORIEVICH KOZYURA,
RUS0013,OLEG GRIGORIEVICH KOZURA,
RUS0013,OLEH HRYHOROVYCH KOZYURA,
RUS0014,ELENA VALERIEVNA KRAVCHENKO,
RUS0014,ELENA VALERYEVNA KRAVCHENKO,
RUS0014,OLENA VALERIYIVNA KRAVCHENKO,
RUS0015,VALERY VLADIMIROVICH KULIKOV,
RUS0016,LESYA MIKHAYLOVNA LAPTEVA,
RUS0016,LESYA MYKHAYLIVNA LAPTIEVA,
RUS0017,IGOR VLADIMIROVICH LEBEDEV,
RUS0017,IGOR VLADIMIROVYCH LEBEDEV,
RUS0018,OLEG VLADIMIROVICH LEBEDEV,
RUS0019,NIKOLAI VLADIMIROVICH LEVICHEV,
RUS0020,BORIS ALEKSEEVICH LITVINOV,
RUS0021,ROMAN VIKTOROVICH LYAGIN,
RUS0022,KONSTANTIN VALEREVICH MALOFEEV,
RUS0023,ALEKSANDR SERGEEVICH MALYKHIN,
RUS0023,ALEKSANDR SERGEEVICH MALYHIN,
RUS0023,ALEXANDER SERGEEVICH MALYHIN,
RUS0023,IKEJSABDR SERGUYOVCH MALYHIN,
RUS0023,OLEKSANDR SERGIYOVYCH MALYHIN,
RUS0023,OLEKSANDR SERHIYOVYCH MALYHIN,
RUS0023,ALEXANDER SERGEEVICH MALYKHIN,
RUS0023,IKEJSABDR SERGUYOVCH MALYKHIN,
RUS0023,IKEJSABDR SERGUYOVYCH MALYKHIN,
RUS0023,OLEKSANDR SERGIYOVYCH MALYKHIN,
RUS0023,OLEKSANDR SERHIYOVYCH MALYKHIN,
RUS0024,MIKHAIL GRIGORYEVICH MALYSHEV,
RUS0024,MYKHALYO MALYSHEV,
RUS0024,MYKHAYLO HRYHOROVYCH MALYSHEV,
RUS0025,EVGENY VLADIMIROVICH MANUILOV,
RUS0025,EVGENY VLADIMIROVICH MANUYLOV,
RUS0025,YEVHEN VOLODYMYROVYCH MANUYLOV,
RUS0026,VALENTINA IVANOVNA MATVIYENKO,
RUS0026,VALENTINA IVANOVA (NEE) TYUTINA,
RUS0028,IVAN IVANOVICH MELNIKOV,
RUS0029,SERGEI IVANOVICH MENYAILO,
RUS0030,YEVGENIY EDUARDOVICH MIKHAYLOV,
RUS0030,YEVHEN EDUARDOVYCH MYCHAYLOV,
RUS0031,ALEXEY YUREVICH MILCHAKOV,
RUS0031,FRITZ,
RUS0031,SERBIAN,
RUS0032,SERGEI MIKHAILOVICH MIRONOV,
RUS0033,DENIS NIKOLAEVITCH MIROSHNITCHENKO,
RUS0034,ELENA BORISOVNA MIZULINA,
RUS0034,ELENA BORISOVNA DMITRIYEVA,
RUS0035,GEORGIY L'VOVICH MURADOV,
RUS0035,GEORGY MURADOV,
RUS0036,SERGEI EVGENEVICH NARYSHKIN,
RUS0036,SERGEI EVEGENEVICH NARYSHKIN,
RUS0037,ALEKSEY VASILEVICH NAUMETS,
RUS0037,ALEXEI NAUMETS,
RUS0038,OLEKSII OLEKSIYOVYCH NAYDENKO,
RUS0038,ALEXEY ALEXEYEVICH NAYDENKO,
RUS0039,SERGEI IVANOVICH NEVEROV,
RUS0039,SERGEY NEVEROV,
RUS0040,VASILII ALEXANDROVICH NIKITIN,
RUS0040,VASYL OLEKSANDROVYCH NIKITIN,
RUS0041,VLADIMIR STEPANOVICH NIKITIN,
RUS0042,ALEXANDER MIHAILOVICH NOSATOV,
RUS0043,RASHID GUMAROVICH NURGALIEV,
RUS0044,YEVGENIY VYACHESLAVOVICH ORLOV,
RUS0044,EVGENY ORLOV,
RUS0044,YEVHEN VYACHESLAVOVYCH ORLOV,
RUS0045,DMITRII VLADIMIROVICH OVSYANNIKOV,
RUS0045,DMITRII VLADIMIROVICH OVSIANNIKOV,
RUS0045,DMITRY VLADIMIROVICH OVSIANNIKOV,
RUS0045,DMITRY VLADIMIROVICH OVSYANNIKOV,
RUS0046,VIKTOR ALEKSEEVICH OZEROV,
RUS0046,VIKTOR ALEEKSEEVICH OZEROV,
RUS0047,LEONID IVANOVITCH PASECHNIK,
RUS0047,LEONID IVANOVICH PASECHNIK,
RUS0047,LEONID IVANOYCH PASECHNIK,
RUS0047,LEONID IVANOVICH PASICHNYK,
RUS0047,LEONID IVANOVITCH PASICHNYK,
RUS0047,LEONID IVANOYCH PASICHNYK,
RUS0048,NIKOLAI PLATONOVICH PATRUSHEV,
RUS0049,ALEKSANDR YURIEVICH PETUKHOV,
RUS0049,ALEXANDER YURYEVICH PETUKHOV,
RUS0049,OLEKSANDR YURIYOVYCH PETUKHOV,
RUS0049,ALEKSANDR YUREVICH PIETYUKHOV,
RUS0049,OLEKSANDR YURIYOVYCH PIETYUKHOV,
RUS0050,ANDREY YUREVICH PINCHUK,
RUS0050,ANDRIY YURIYOVYCH PINCHUK,
RUS0051,VLADIMIR NIKOLAEVICH PLIGIN,
RUS0052,IGOR BENEDICTOVICH PLOTNITSKY,
RUS0052,IGOR VENEDIKTOVICH PLOTNITSKII,
RUS0052,IHOR VENEDYKTOVYCH PLOTNYTSKYY,
RUS0053,MIROSLAV YUREYEVICH POGORELOV,
RUS0053,MIROSLAV ALEKSANDROVICH POGORELOV,
RUS0053,MYROSLAV POGORELOV,
RUS0053,MYROSLAV OLEKSANDROVYCH POGORELOV,
RUS0053,MIROSLAV YUREYEVICH POHORELOV,
RUS0053,MYROSLAV POHORELOV,
RUS0053,MYROSLAV OLEKSANDROVYCH POHORELOV,
RUS0053,MIROSLAV YUREYEVICH POHORIELOV,
RUS0053,MYROSLAV POHORIELOV,
RUS0053,MYROSLAV OLEKSANDROVYCH POHORIELOV,
RUS0054,NATALIA VLADIMIROVNA POKLONSKAYA,
RUS0054,NATALYA VLADIMIROVNA POKLONSKAYA,
RUS0055,VIACHESLAV PONOMARIOV,
RUS0055,VIACHESLAV VLADIMIROVICH PONOMAREV,
RUS0055,VYACHESLAV VOLODYMYROVICH PONOMARIOV,
RUS0055,VIACHESLAV PONOMARYOV,
RUS0055,VYACHESLAV VOLODYMYROVICH PONOMARYOV,
RUS0056,OLGA VALERIEVNA POZDNIAKOVA,
RUS0056,OLGA VALERIYIVNA POZDNYAKOVA,
RUS0056,OLGA VALERYEVNA POZDNYAKOVA,
RUS0057,GERMAN PROKOPIV,
RUS0057,HERMAN PROKOPIV,
RUS0057,LI VAN CHOL,
RUS0058,ANDRIY YEVGENOVYCH PURGIN,
RUS0058,ANDRIY YEVGENOVYCH PURHIN,
RUS0058,ANDRIY YEVHENOVYCH PURHIN,
RUS0059,DENYS VOLODYMROVYCH PUSHYLIN,
RUS0059,DENIS VLADIMIROVICH PUSHILIN,
RUS0059,DENIS VOLODYMYROVYCH PUSHYLIN,
RUS0060,VALERY FEDOROVICH RASHKIN,
RUS0061,SERGEY VADIMOVICH ABISOV,
RUS0061,SERGEY VADYMOVYCH ABISOV,
RUS0061,SERGIY VADIMOVICH ABISOV,
RUS0061,SERGIY VADYMOVYCH ABISOV,
RUS0061,SERHIY VADIMOVICH ABISOV,
RUS0061,SERHIY VADYMOVYCH ABISOV,
RUS0062,LARISA LEONIDOVNA AIRAPETYAN,
RUS0062,LARYSA AIRAPETYAN,
RUS0062,LARISA AYRAPETYAN,
RUS0062,LARISA LEONIDOVNA AYRAPETYAN,
RUS0062,LARYSA AYRAPETYAN,
RUS0062,LARISA HAYRAPETYAN,
RUS0062,LARISA LEONIDOVNA HAYRAPETYAN,
RUS0063,OLEG KONSTANTINOVICH AKIMOV,
RUS0063,OLEH AKIMOV,
RUS0064,SERGEY VALERYEVICH AKSYONOV,
RUS0064,SERGEI VALERIEVICH AKSENOV,
RUS0064,SERGEY VALERYEVICH AKSENOV,
RUS0064,SERHIY VALERIYOVYCH AKSENOV,
RUS0064,SERGIY VALERIYOVICH AKSONOV,
RUS0064,SERGEI VALERIEVICH AKSYONOV,
RUS0064,SERHIY VALERIYOVYCH AKSYONOV,
RUS0065,ANATOLY IVANOVICH ANTONOV,
RUS0066,VLADIMIR ANTYUFEYEV,
RUS0066,VLADIMIR ANTIUFEEV,
RUS0066,VLADIMIR LURIEVICI ANTIUFEEV,
RUS0066,VLADIMIR LURIEVICI ANTYUFEYEV,
RUS0066,VLADIMIR GHEORGHIEVICI ALEXANDROV,
RUS0066,VLADIMIR IURIEVICI ANTIUFEEV,
RUS0066,VADIM GHEORGHIEVICI SHEVTSOV,
RUS0066,VLADIMIR SHEVTSOV,
RUS0067,ALEXANDER MIKHAILOVICH BABAKOV,
RUS0068,KONSTANTIN MIKHAILOVICH BAKHAREV,
RUS0069,ARKADY VIKTOROVICH BAKHIN,
RUS0070,RUSLAN ISMAILOVICH BALBEK,
RUS0071,MARAT FAATOVICH BASHIROV,
RUS0072,EDUARD ALEKSANDROVICH BASURIN,
RUS0072,EDUARD OLEKSANDROVYCH BASURIN,
RUS0073,OLEG YEVGENYVICH BELAVENTSEV,
RUS0074,DMITRY ANATOLIEVICH BELIK,
RUS0075,OLEG VLADIMIROVICH BEREZA,
RUS0076,FEDOR DMITRIEVICH BEREZIN,
RUS0076,FEDIR DMYTROVYCH BEREZIN,
RUS0077,DENIS VALENTINOVICH BEREZOVSKIY,
RUS0077,DENIS VALENTINOVICH BEREZOCSKIY,
RUS0077,DENYS VALENTYNOVYCH BEREZOCSKIY,
RUS0077,DENYS VALENTYNOVYCH BEREZOVSKIY,
RUS0077,DENIS VALENTINOVICH BEREZOVSKY,
RUS0077,DENYS VALENTYNOVYCH BEREZOVSKY,
RUS0078,SERGEI ORESTOVOCH BESEDA,
RUS0078,SERGEY BESEDA,
RUS0079,OLGA IGOREVA BESEDINA,
RUS0079,OLHA IHORIVNA BESEDINA,
RUS0080,IGOR NIKOLAEVICH BEZLER,
RUS0080,IGOR NIKOALEVICH BEREGOVOY,
RUS0080,IGOR NIKOLAEVICH BEREGOVOY,
RUS0080,IHOR MYKOLAYOVYCH BEZLER,
RUS0081,NATALIA IVANOVNA BEZRUCHENKO,
RUS0081,NATALIA IVANOVA BEZRUCHENCO,
RUS0081,NATALIIA BEZRUCHENCO,
RUS0081,NATALIYA BEZRUCHENCO,
RUS0081,NATALYA BEZRUCHENCO,
RUS0081,NATALIA IVANOVA BEZRUCHENKO,
RUS0081,NATALIIA BEZRUCHENKO,
RUS0081,NATALIYA BEZRUCHENKO,
RUS0082,VLADIMIR ANATOLIEVITCH BIDEVKA,
RUS0082,VLADIMIR ANATOLIEVICH BIDYOVKA,
RUS0082,VOLODYMYR ANATOLYEVICH BIDYOVKA,
RUS0083,ALEKSANDR YUREVICH BORODAI,
RUS0083,ALEKSANDR YUREVICH BORODAY,
RUS0084,ALEKSANDR VASILIEVICH BORTNIKOV,
RUS0084,ALEKSANDR VASILYEVICH BORTNIKOV,
RUS0084,ALEXANDER VASILIEVICH BORTNIKOV,
RUS0085,OLEG EVGENEVICH BUGROV,
RUS0085,OLEG EVENIEVICH BUGROV,
RUS0085,OLEH YEVHENOVYCH BUHROV,
RUS0087,ALEKSEI MIKHAILOVICH CHALIY,
RUS0087,OLEKSIY MYKHAYLOVYCH CHALIY,
RUS0087,ALEKSEI MIKHAILOVICH CHALYY,
RUS0087,OLEKSIY MYKHAYLOVYCH CHALYY,
RUS0088,SERGEY VIKTOROVICH CHEMEZOV,
RUS0089,ANDREY VLADIMIROVICH CHEREZOV,
RUS0089,ANDREY VLADIMIROVICH TSCHERESOW,
RUS0090,MIKHAIL VLADIMIROVICH DEGTYAREV,
RUS0090,MIKHAIL VLADIMIROVICH DEGTYARYOV,
RUS0091,VLADYSLAV NYKOLAYEVYCH DEYNEGO,
RUS0091,VLADISLAV NIKOLAYEVICH DEYNEGO,
RUS0092,VLADIMIR MICHAILOVICH DZHABAROV,
RUS0093,EKATERINA VLADIMIROVNA FILIPPOVA,
RUS0093,KATERYNA VOLODYMYRIVNA FILIPPOVA,
RUS0093,EKATERINA GOGIASHVILI,
RUS0094,MIKHAIL EFIMOVICH FRADKOV,
RUS0094,MIKHAIL YEFIMOVICH FRADKOV,
RUS0095,ALEKSANDR VIKTOROVICH GALKIN,
RUS0096,VALERY VASILEVICH GERASIMOV,
RUS0097,IGOR VSEVOLODOVICH GIRKIN,
RUS0097,SHOOTER,
RUS0097,IGOR STRELKOV,
RUS0097,IHOR STRIELKOV,
RUS0098,SERGEY YURIEVICH GLAZYEV,
RUS0099,EVGENIY PETROVICH GRABCHAK,
RUS0100,ALEXEY ALEXEYEVICH GROMOV,
RUS0101,BORIS YYACHESLAVOVICH GRYZLOV,
RUS0102,PAVEL YURIEVICH GUBAREV,
RUS0102,PAVLO YURIYOVICH GUBARIEV,
RUS0102,PAVLO YURIYOVICH HUBARIEV,
RUS0103,EKATERINA YURIEVNA GUBAREVA,
RUS0103,KATERYNA YURIYIVNA GUBARIEVA,
RUS0103,KATERYNA YURIYIVNA HUBARIEVA,
RUS0104,INNA NIKOLAYEVNA GUZEYEVA,
RUS0104,INNA NIKOLAYEVNA GUZEEVA,
RUS0104,INNA MYKOLAIVNA GUZIEVA,
RUS0104,INNA MYKOLAYIVNA HUZIEIEVA,
RUS0105,SERGEY YUREVICH IGNATOV,
RUS0105,KUZOVLEV,
RUS0105,KUZOVLIOV,
RUS0105,TAMBOV,
RUS0106,ZAUR RAUFOVICH ISMAILOV,
RUS0106,ZAUR RAUFOVYCH ISMAILOV,
RUS0106,ZAUR RAUFOVICH ISMAYILOV,
RUS0106,ZAUR RAUFOVYCH ISMAYILOV,
RUS0107,YURIY VOLODYMYROVYCH IVAKIN,
RUS0107,IURII VLADIMIROVICH IVAKIN,
RUS0107,YURI VLADIMIROVICH IVAKIN,
RUS0108,PETR GRIGORIEVICH JAROSH,
RUS0108,PETR GRIGORIEVICH IAROSH,
RUS0108,PETR HRYYHOROVYCH IAROSH,
RUS0108,PETRO GRIGORIEVICH IAROSH,
RUS0108,PETRO HRYYHOROVYCH IAROSH,
RUS0108,PETR HRYYHOROVYCH JAROSH,
RUS0108,PETRO GRIGORIEVICH JAROSH,
RUS0108,PETRO HRYYHOROVYCH JAROSH,
RUS0108,PETR GRIGORIEVICH YAROSH,
RUS0108,PETR HRYYHOROVYCH YAROSH,
RUS0108,PETRO GRIGOROVICH YAROSH,
RUS0108,PETRO HRYYHOROVYCH YAROSH,
RUS0108,PETRO GRIGORIEVICH YAROSH,
RUS0109,RAMZAN AKHMADOVITCH KADYROV,
RUS0110,IGOR EVGENEVICH KAKIDZYANOV,
RUS0110,IHOR YEVHENOVYCH KAKIDZIANOV,
RUS0110,IHOR YEVHENOVYCH KHAKIMZIAN,
RUS0110,IHOR YEVHENOVYCH KHAKIMZIANOV,
RUS0110,IGOR EVEGENEVICH KHAKIMZYANC,
RUS0110,IGOR EVEGENEVICH KHAKIMZYANOV,
RUS0111,LEONID IVANOVICH KALASHNIKOV,
RUS0112,ALEXANDR ALEKSANDROVICH KALYUSSKY,
RUS0112,ALEXANDER ALEXANDROVICH KALYUSSKY,
RUS0112,ALEXANDR ARKADIEVICH KALYUSSKY,
RUS0113,ANASTASIYA NIKOLAYEVNA KAPRANOVA,
RUS0113,ANASTASIYA CAPRANOVA,
RUS0113,ANASTASIYA NIKOLAYEVNA CAPRANOVA,
RUS0113,ANASTASIYA KAPRANOVA,
RUS0113,ANASTASIYA MYKOLAYIVNA KAPRANOVA,
RUS0113,ANASTASIYA KAPRANOWA,
RUS0113,ANASTASIYA NIKOLAYEVNA KAPRANOWA,
RUS0114,ALEKSANDR AKIMOVICH KARAMAN,
RUS0114,ALEKSANDR AKIMOVICH CARAMAN,
RUS0114,ALEXANDER CARAMAN,
RUS0114,ALEXANDRU CARAMAN,
RUS0114,ALEXANDER KARAMAN,
RUS0114,ALEXANDRU KARAMAN,
RUS0115,ANDREI VALERYEVICH KARTAPOLOV,
RUS0116,ALEKSEY VYACHESLAVOVICH KARYAKIN,
RUS0116,OLEKSIY VYACHESLAVOVYCH KARYAKIN,
RUS0117,VALERY VLADIMIROVICH KAUROV,
RUS0118,RAVIL ZAKARIEVICH KHALIKOV,
RUS0118,RAVIL ZAKARIYOVYCH KHALIKOV,
RUS0119,ALEXANDER SERGEEVICH KHODAKOVSKY,
RUS0119,ALEKSANDR SERGEEVICH KHODAKOVSKII,
RUS0119,OLEKSANDR SERHIYOVYCH KHODAKOVSKYI,
RUS0119,OLEKSANDR SERHIYOVYCH KHODAKOVSKYY,
RUS0120,ALEXANDER KHRYAKOV,
RUS0120,ALEKSANDR VITALIEVICH KHRYAKOV,
RUS0120,ALEXANDER VITALIEVICH KHRYAKOV,
RUS0120,OLEKSANDR VITALIYOVYCH KHRYAKOV,
RUS0121,ANDREI NIKOLAEVICH RODKIN,
RUS0122,DMITRY OLEGOVICH ROGOZIN,
RUS0124,MIROSLAV VLADIMIROVICH RUDENKO,
RUS0124,MYROSLAV VOLODYMYROVYCH RUDENKO,
RUS0125,NIKOLAI IVANOVICH RYZHKOV,
RUS0126,SVETLANA BORISOVNA SAVCHENKO,
RUS0127,OLEG GENRIKHOVICH SAVELYEV,
RUS0128,DMITRY ALEKSANDROVICH SEMYONOV,
RUS0128,DMITRII ALEKSANDROVICH SEMENOV,
RUS0129,NIKOLAY TERENTIEVICH SHAMALOV,
RUS0129,NIKOLAI TERENTIEVICH SHAMALOV,
RUS0130,VLADIMIR ANATOLIEVICH SHAMANOV,
RUS0131,MIKHAIL SERGEYEVICH SHEREMET,
RUS0131,MYKHAYLO SERHIYOVYCH HEREMET,
RUS0132,IGOR SERGEIVICH SHEVCHENKO,
RUS0133,PAVEL VALENTINOVICH SHPEROV,
RUS0134,ALEXANDR VASILIEVICH SHUBIN,
RUS0135,ANATOLIY ALEKSEEVICH SIDOROV,
RUS0136,YURIY VIKTOROVICH SIVOKONENKO,
RUS0136,YURIY VIKTOROVICH SOVOKONENKO,
RUS0136,YURY SOVOKONENKO,
RUS0136,YURIY VIKTOROVICH SYVOKONENKO,
RUS0136,YURIY SIVOKONENKO,
RUS0136,YURY SIVOKONENKO,
RUS0136,YURY SYVOKONENKO,
RUS0137,LEONID EDUARDOVICH SLUTSKI,
RUS0137,LEONID EDUARDOVICH SLUTSKY,
RUS0138,VLADISLAV YURIEVICH SURKOV,
RUS0139,MAXIM ALEXANDROVICH SVIDCHENKO,
RUS0139,MAKSYM OLEKSANDROVYCH,
RUS0140,OKSANA TCHIGRINA,
RUS0140,OKSANA CHIGRINA,
RUS0140,OKSANA ALEKSANDROVNA CHIGRINA,
RUS0140,OKSANA CHYRYNA,
RUS0140,OKSANA ALEKSANDROVNA CHYRYNA,
RUS0140,OKSANA ALEKSANDROVNA TCHIGRINA,
RUS0141,RUSTAM ILMIROVICH TEMIRGALIEV,
RUS0141,RUSTAM ILMYROVYCH TEMIRGALIEV,
RUS0141,RUSTAM ILMIROVICH TEMIRHALIIEV,
RUS0141,RUSTAM ILMYROVYCH TEMIRHALIIEV,
RUS0142,YEKATERINA VASILIEVNA TERESHCHENKO,
RUS0142,KATERYNA VASYLIVNA TERESHCHENKO,
RUS0143,ALEKSANDR YURIEVICH TIMOFEEV,
RUS0143,OLEK SANDR YURIYOVYCH TIMOFEEV,
RUS0143,ALEKSANDR YURIEVICH TYMOFEYEV,
RUS0143,OLEK SANDR YURIYOVYCH TYMOFEYEV,
RUS0143,OLEKSANDR YURIYOVYCH TYMOFEYEV,
RUS0143,SASHA TASHKENT,
RUS0144,ALEXANDER NIKOLAYEVICH TKACHYOV,
RUS0145,SERGEY ANATOLEVICH TOPOR-GILKA,
RUS0146,ALEKSANDR BORISOVICH TOTOONOV,
RUS0147,OLEG TSARIOV,
RUS0147,OLEG TSAROV,
RUS0147,OLEH ANATOLIYOVYCH TSAROV,
RUS0147,OLEG ANATOLEVICH TSARYOV,
RUS0148,SERGEY PAVLOVYCH TSEKOV,
RUS0148,SERGEI TSEKOV,
RUS0148,SERHIY PAVLOVYCH TSEKOV,
RUS0149,SERGEY GENNADEVICH TSYPLAKOV,
RUS0149,SERHIY HENNADIYOVYCH TSYPLAKOV,
RUS0150,IGOR NIKOOLAEVICH TURCHENYUK,
RUS0150,IGOR MYKOLAYOVICH TURCHENYUK,
RUS0151,VLADIMIR ABDUALIYEVICH VASILYEV,
RUS0151,VLADIMIR ABDUALIEVICH VASILIEV,
RUS0152,ALEKSANDR VIKTOROVICH VITKO,
RUS0153,VIKTOR PETROVICH VODOLATSKY,
RUS0154,VYACHESLAV VIKTOROVICH VOLODIN,
RUS0155,YURI LEONIDOVICH VOROBIOV,
RUS0156,VLADIMIR YUREVICH VYSOTKIY,
RUS0156,VOLODYMYR YURIYOVYCH VYSOTKIY,
RUS0156,VLADIMIR YUREVICH VYSOTSKYI,
RUS0156,VOLODYMYR YURIYOVYCH VYSOTSKYI,
RUS0157,VIKTOR VYACHESLAVOVICH YATSENKO,
RUS0157,VIKTOR VIACHESLAVOVYCH YATSENKO,
RUS0159,SERHII ANATOLIYOVYCH ZDRILIUK,
RUS0159,ABWEHR,
RUS0160,SERGEI VLADIMIROVICH ZHELEZNYAK,
RUS0161,VLADIMIR VOLFOVICH ZHIRINOVSKY,
RUS0162,SVETLANA SERGEEVNA ZHUROVA,
RUS0163,PYOTR ANATOLIYOVYCH ZIMA,
RUS0163,PETRO ANATOLIYOVYCH ZYMA,
RUS0164,FEDERAL STATE BUDGET INSTITUTION FOR SCIENCE AND RESEARCH 'ALL-RUSSIA NATIONAL SCIENTIFIC RESEARCH INSTITUTE FOR WINE GROWING AND WINE MAKING 'MAGARACH' RUSSIAN ACADEMY OF SCIENCES',
RUS0164,GOSUDARSTVENOYE PREDPRIYATIYE AGROFIRMA 'MAGARACH' NACIONALNOGO INSTITUTA VINOGRADA I VINA 'MAGARACH',
RUS0164,STATE ENTERPRISE 'MAGARACH' OF THE NATIONAL INSTITUTE OF WINE,
RUS0164,STATE UNITARY ENTERPRISE OF THE 'REPUBLIC OF CRIMEA' NATIONAL INSTITUTE OF WINE 'MAGARACH',
RUS0165,AO 'INSTITUTE GIPROSTROYMOST - SAINT-PETERSBURG',
RUS0166,ARMY OF THE SOUTHEAST,
RUS0166,ARMY OF THE SOUTH-EAST,
RUS0167,JSC VAD,
RUS0167,CJSC VAD AKTSIONERNOE OBSHCHESTVO VAD,
RUS0168,COSSACK NATIONAL GUARD,
RUS0168,THE GREAT DON ARMY,
RUS0169,CRIMEAN REPUBLICAN ENTERPRISE AZOV DISTILLERY PLANT,
RUS0169,AZOVSKY LIKEROVODOCHNY ZAVOD',
RUS0170,DEATH BATTALION,
RUS0170,SMERT BATTALION,
RUS0171,DOBROLET,
RUS0171,DOBROLYOT,
RUS0172,DONBASS PEOPLE'S MILITIA,
RUS0172,SO CALLED DONBASS PEOPLE'S MILITIA,
RUS0172,DONBAS PEOPLE'S MILITIA,
RUS0173,SO-CALLED DONETSK PEOPLE'S REPUBLIC,
RUS0173,DONETSK PEOPLE'S REPUBLIC,
RUS0173,DONETSKAYA NARODNAYA RESPUBLIKA,
RUS0174,DONETSK REPUBLIC,
RUS0175,'FEDERAL STATE OF NOVOROSSIYA',
RUS0175,'FEDERATIVNOYE GOSUDARSTVO NOVOROSSIYA',
RUS0175,MOVEMENT NOVOROSSIYA OF IGNOR STRELKOV,
RUS0176,FREE DONBASS,
RUS0176,FREE DONBAS,
RUS0176,SVOBODNY DONBASS,
RUS0177,INTERNATIONAL UNION OF PUBLIC ASSOCIATIONS 'GREAT DON ARMY',
RUS0178,ALMAZ-ANTEY AIR AND SPACE DEFENSE CORPORATION.,
RUS0178,JOINT STOCK COMPANY ALMAZ-ANTEY CORPORATION,
RUS0178,ALMAZ-ANTEY CORP,
RUS0178,ALMAZ-ANTEY DEFENSE CORPORATION,
RUS0178,ALMAZ-ANTEY JSC,
RUS0178,CONCERN ALMAZ-ANTEY,
RUS0179,JSC ZALIV SHIPYARD,
RUS0179,LLC ZALIV SHIPYARD,
RUS0179,SHIPYARD ZALIV LLC,
RUS0180,KALMIUS BATTALION,
RUS0180,SEPARATE ARTILLERY BRIGADE OF THE 1ST ARMY CORPS,
RUS0181,SO-CALLED 'LUHANSK GUARD',
RUS0181,SO-CALLED 'LUGANSK GUARD',
RUS0182,SO-CALLED 'LUGANSK PEOPLE'S REPUBLIC',
RUS0182,LUHANSK PEOPLE'S REPUBLIC,
RUS0182,'LUGANSKAYA NARODNAYA RESPUBLIKA' (LNR),
RUS0183,LUHANSK ECONOMIC UNION,
RUS0183,LUGANSKIY EKONOMICHESKIY SOYUZ,
RUS0184,MOVEMENT 'NOVOROSSIYA' OF IGOR GIRKIN,
RUS0184,MOVEMENT 'NOVOROSSIYA' OF IGOR STRELKOV,
RUS0184,25 JANUARY COMMITTEE,
RUS0185,OAO 'VO TECHNOPROMEXPORT',
RUS0185,JSC TPE,
RUS0185,OAO 'VO TPE',
RUS0185,OPEN JOINT STOCK COMPANY 'FOREIGN ECONOMIC ASSOCIATION' 'TECHNOPROMEXPORT',
RUS0186,OOO 'VO TECHNOPROMEXPORT',
RUS0186,LIMITED LIABILITY COMPANY 'EXTERNAL ECONOMIC ASSOCIATION' TECHNOPROMEXPORT',
RUS0186,LIMITED LIABILITY COMPANY 'FOREIGN ECONOMIC ASSOCIATION' 'TECHNOPROMEXPORT',
RUS0186,OOO 'VO TPE',
RUS0187,OPLOT BATTALION,
RUS0187,BULWARK,
RUS0188,PEACE TO LUHANSK REGION,
RUS0188,MIR LUGANSCHINE,
RUS0189,PEOPLE'S UNION,
RUS0189,NARODNY SOYUZ,
RUS0190,PJSC MOSTOTREST,
RUS0190,"MOSTOTREST, PAO",
RUS0190,OPEN JOINT STOCK COMPANY 'MOSTOTREST',
RUS0190,PUBLIC JOINT STOCK COMPANY 'MOSTOTREST',
RUS0191,PRIZRAK BRIGADE,
RUS0191,PRIZRAK BATTALION 'GHOST' BATTALION,
RUS0191,PRIZRAK BATTALION 'GHOST' BRIGADE,
RUS0192,JOINT-STOCK COMPANY 'PRODUCTION AGRARIAN UNION 'MASSANDRA'',
RUS0192,STATE UNITARY ENTERPRISE OF THE 'REPUBLIC OF CRIMEA PRODUCTION-AGRARIAN UNION MASSANDRA',
RUS0192,FEDERAL STATE BUDGETARY ENTERPRISE 'PRODUCTION-AGRARIAN UNION 'MASSANDRA' OF THE ADMINISTRATION OF THE PRESIDENT OF THE RUSSIAN FEDERATION,
RUS0192,STATE CONCERN 'NATIONAL ASSOCIATION OF PRODUCERS 'MASSANDRA',
RUS0193,RUSSIAN NATIONAL COMMERCIAL BANK,
RUS0194,FEDERAL STATE BUDGETARY ENTERPRISE 'SANATORIUM 'NIZHNYAYA OREANDA'' OF THE ADMINISTRATION OF THE PRESIDENT OF THE RUSSIAN FEDERATION,
RUS0194,RESORT 'NIZHNYAYA OREANDA',
RUS0195,SOBOL,
RUS0196,SOMALI BATTALION,
RUS0197,SPARTA BATTALION,
RUS0197,BATTALION GVARDEYSKY,
RUS0197,UNIT 08806,
RUS0198,STATE UNITARY ENTERPRISE OF THE CITY OF SEVASTOPOL 'SEVASTOPOL SEA PORT',
RUS0198,STATE ENTERPRISE 'SEVASTOPOL COMMERCIAL SEAPORT',
RUS0199,STATE UNITARY ENTERPRISE OF THE CRIMEAN REPUBLIC 'CRIMEAN SEA PORTS',
RUS0199,FEDOSIA OIL PRODUCTS SUPPLY COMPANY,
RUS0199,LIMITED LIABILITY COMPANY FEODOSIA ENTERPRISE OF OIL,
RUS0200,PJSC 'CHERNOMORNEFTEGAZ',
RUS0201,'JOINT-STOCK COMPANY 'SPARKLING WINE PLANT NOVY SVET',
RUS0201,GOSUDARSTVENNOYE UNITARNOYE PREDPRIYATIYE RESPUBLIKI KRYM 'ZAVOD SHAMPANSKYKH VIN 'NOVY SVET',
RUS0201,STATE ENTERPRISE 'SPARKLING WINE PLANT 'NOVY SVET',
RUS0201,STATE UNITARY ENTERPRISE OF THE 'REPUBLIC OF CRIMEA' 'SPARKLING WINE PLANT NOVY SVET',
RUS0202,STATE UNITARY ENTERPRISE OF THE 'REPUBLIC OF CRIMEA' 'UNIVERSAL-AVIA',
RUS0202,STATE ENTERPRISE 'UNIVERSAL-AVIA',
RUS0203,STROYGAZMONTAZH CORPORATION (SGM GROUP),
RUS0205,VOSTOK BATTALION,
RUS0208,OLEKSII MYKHAILOVYCH SALIAIEV,
RUS0208,ALEKSEY MIKHAILOVICH SALIAIEV,
RUS0208,ALEXEI MIKHAILOVICH SALIAIEV,
RUS0208,ALEKSEY MIKHAILOVICH SALYAEV,
RUS0208,ALEXEI MIKHAILOVICH SALYAEV,
RUS0208,OLEKSII MYKHAILOVYCH SALYAEV,
RUS0208,ALEKSEY MIKHAILOVICH SALYAYEV,
RUS0208,ALEXEI MIKHAILOVICH SALYAYEV,
RUS0208,OLEKSII MYKHAILOVYCH SALYAYEV,
RUS0209,ALEKSANDR VLADIMIROVICH DVORNIKOV,
RUS0210,RUSLAN ALEXANDROVICH ROMASHKIN,
RUS0210,RUSLAN ALEKSANDROVICH ROMASHKIN,
RUS0211,OLEKSII VOLODYMYROVYCH SHATOKHIN,
RUS0211,ALEKSEY SHATOKHIN,
RUS0211,ALEXEI VLADIMIROVICH SHATOKHIN,
RUS0212,SERHII OLEKSIIVICH SHCHERBAKOV,
RUS0212,SERGEY ALEKSEEVICH SHCHERBAKOV,
RUS0213,ANDREI BORISOVICH SHEIN,
RUS0214,ANDRII SHYPITSYN,
RUS0214,ANDREI SHYPITSYN,
RUS0215,SERGEY NIKOLAYEVICH STANKEVICH,
RUS0216,YURIY GOTSANYUK,
RUS0216,JURY GOTSANYUK,
RUS0216,YURIY MIKHAILOVICH GOTSANYUK,
RUS0217,YEKATERINA BORISOVNA ALTABAEVA,
RUS0217,EKATERINA ALTABAEVA,
RUS0217,KATERYNA ALTABAEVA,
RUS0217,EKATERINA ALYABAYEVA,
RUS0217,KATERYNA ALYABAYEVA,
RUS0217,YEKATERINA BORISOVNA ALYABAYEVA,
RUS0218,VLADIMIR VLADIMIROVICH NEMTSEV,
RUS0219,SERGEI ANDREEVICH DANILENKO,
RUS0219,SERGEY ANDREEVICH DANILENKO,
RUS0221,YEKATERINA EDUARDOVNA PYRKOVA,
RUS0222,JOINT-STOCK COMPANY 'LENPROMTRANSPROYEKT',
RUS0223,JOINT-STOCK COMPANY 'THE BERKATIT-TOMMOT-YAKUTSK RAILWAY LINE'S CONSTRUCTION DIRECTORATE',
RUS0224,CRIMEAN RAILWAY (FEDERAL STATE UNITED ENTERPRISE),
RUS0224,FEDERAL UNITED ENTERPRISE 'CRIMEA RAILWAY',
RUS0225,FIRST CRIMEAN INSURANCE COMPANY,
RUS0226,ALEXANDER NIKOLAEVICH GANOV,
RUS0227,LEONID KRONIDOVICH RYZHENKIN,
RUS0228,VIKTOR YANUKOVYCH,
RUS0228,VIKTOR FEDOROVIC ANUKOVIC,
RUS0228,VIKTOR FEDOROVYTCH IANOUKOVYTCH,
RUS0228,VIKTOR FEDOROVICH IANUKOVICH,
RUS0228,VIKTOR FEDOROVYCH IANUKOVYCH,
RUS0228,VIKTOR FEDOROVIC JANUKOVIC,
RUS0228,VIKTOR FEDOROVICH JANUKOVICH,
RUS0228,VIKTOR FEDOROVYC JANUKOVYC,
RUS0228,VIKTOR FEDOROVYCH JANUKOVYCH,
RUS0228,WIKTOR FEDOROWYTSCH JANUKOWYTSCH,
RUS0228,VICTOR FEDOROVYCH YANUCOVYCH,
RUS0228,VICTOR YANUKOVICH,
RUS0228,VIKTOR FEDOROVICH YANUKOVICH,
RUS0228,VIKTOR FEDOROVYCH YANUKOVYCH,
RUS0229,OLEKSANDR VIKTOROVYCH YANUKOVYCH,
RUS0229,ALEKSANDR VIKTOROVICH IANOUKOVYTCH,
RUS0229,ALEXANDER VICTOROVYCH IANOUKOVYTCH,
RUS0229,ALEXANDER VIKTOROVICH IANOUKOVYTCH,
RUS0229,ALEXANDR VICTOROVYCH IANOUKOVYTCH,
RUS0229,ALEXSANDR VICTOROVYCH IANOUKOVYTCH,
RUS0229,ALEXSANDR VIKTOROVICH IANOUKOVYTCH,
RUS0229,OLECSANDR VICTOROVYCH IANOUKOVYTCH,
RUS0229,OLECSANDR VIKTOROVICH IANOUKOVYTCH,
RUS0229,OLEXANDR VICTOROVYCH IANOUKOVYTCH,
RUS0229,OLEXANDR VIKTOROVICH IANOUKOVYTCH,
RUS0229,ALEKSANDR WIKTOROWYTSCH IANUKOVYCH,
RUS0229,ALEXANDER VIKTOROVYCH IANUKOVYCH,
RUS0229,ALEXANDER WIKTOROWYTSCH IANUKOVYCH,
RUS0229,ALEXANDR VIKTOROVYCH IANUKOVYCH,
RUS0229,ALEXSANDR VIKTOROVYCH IANUKOVYCH,
RUS0229,ALEXSANDR WIKTOROWYTSCH IANUKOVYCH,
RUS0229,OLECSANDR VIKTOROVYCH IANUKOVYCH,
RUS0229,OLECSANDR WIKTOROWYTSCH IANUKOVYCH,
RUS0229,OLEXANDR VIKTOROVYCH IANUKOVYCH,
RUS0229,OLEXANDR WIKTOROWYTSCH IANUKOVYCH,
RUS0229,ALEKSANDR WIKTOROWYTSCH JANUKOVICH,
RUS0229,ALEXANDER VIKTOROVYCH JANUKOVICH,
RUS0229,ALEXANDER WIKTOROWYTSCH JANUKOVICH,
RUS0229,ALEXANDR VIKTOROVYCH JANUKOVICH,
RUS0229,ALEXSANDR VIKTOROVYCH JANUKOVICH,
RUS0229,ALEXSANDR WIKTOROWYTSCH JANUKOVICH,
RUS0229,OLECSANDR VIKTOROVYCH JANUKOVICH,
RUS0229,OLECSANDR WIKTOROWYTSCH JANUKOVICH,
RUS0229,OLEXANDR VIKTOROVYCH JANUKOVICH,
RUS0229,OLEXANDR WIKTOROWYTSCH JANUKOVICH,
RUS0229,ALEKSANDR VIKTOROVICH JANUKOVYCH,
RUS0229,ALEXANDER VICTOROVYCH JANUKOVYCH,
RUS0229,ALEXANDER VIKTOROVICH JANUKOVYCH,
RUS0229,ALEXANDR VICTOROVYCH JANUKOVYCH,
RUS0229,ALEXSANDR VICTOROVYCH JANUKOVYCH,
RUS0229,ALEXSANDR VIKTOROVICH JANUKOVYCH,
RUS0229,OLECSANDR VICTOROVYCH JANUKOVYCH,
RUS0229,OLECSANDR VIKTOROVICH JANUKOVYCH,
RUS0229,OLEXANDR VICTOROVYCH JANUKOVYCH,
RUS0229,OLEXANDR VIKTOROVICH JANUKOVYCH,
RUS0229,ALEKSANDR VIKTOROVICH JANUKOWYTSCH,
RUS0229,ALEXANDER VICTOROVYCH JANUKOWYTSCH,
RUS0229,ALEXANDER VIKTOROVICH JANUKOWYTSCH,
RUS0229,ALEXANDR VICTOROVYCH JANUKOWYTSCH,
RUS0229,ALEXSANDR VICTOROVYCH JANUKOWYTSCH,
RUS0229,ALEXSANDR VIKTOROVICH JANUKOWYTSCH,
RUS0229,OLECSANDR VICTOROVYCH JANUKOWYTSCH,
RUS0229,OLECSANDR VIKTOROVICH JANUKOWYTSCH,
RUS0229,OLEXANDR VICTOROVYCH JANUKOWYTSCH,
RUS0229,OLEXANDR VIKTOROVICH JANUKOWYTSCH,
RUS0229,ALEKSANDR VIKTOROVICH YANUCOVICH,
RUS0229,ALEXANDER VICTOROVYCH YANUCOVICH,
RUS0229,ALEXANDER VIKTOROVICH YANUCOVICH,
RUS0229,ALEXANDR VICTOROVYCH YANUCOVICH,
RUS0229,ALEXSANDR VICTOROVYCH YANUCOVICH,
RUS0229,ALEXSANDR VIKTOROVICH YANUCOVICH,
RUS0229,OLECSANDR VICTOROVYCH YANUCOVICH,
RUS0229,OLECSANDR VIKTOROVICH YANUCOVICH,
RUS0229,OLEXANDR VICTOROVYCH YANUCOVICH,
RUS0229,OLEXANDR VIKTOROVICH YANUCOVICH,
RUS0229,ALEKSANDR WIKTOROWYTSCH YANUCOVYCH,
RUS0229,ALEXANDER VIKTOROVYCH YANUCOVYCH,
RUS0229,ALEXANDER WIKTOROWYTSCH YANUCOVYCH,
RUS0229,ALEXANDR VIKTOROVYCH YANUCOVYCH,
RUS0229,ALEXSANDR VIKTOROVYCH YANUCOVYCH,
RUS0229,ALEXSANDR WIKTOROWYTSCH YANUCOVYCH,
RUS0229,OLECSANDR VIKTOROVYCH YANUCOVYCH,
RUS0229,OLECSANDR WIKTOROWYTSCH YANUCOVYCH,
RUS0229,OLEXANDR VIKTOROVYCH YANUCOVYCH,
RUS0229,OLEXANDR WIKTOROWYTSCH YANUCOVYCH,
RUS0229,ALEKSANDR WIKTOROWYTSCH YANUKVICH,
RUS0229,ALEXANDER VIKTOROVYCH YANUKVICH,
RUS0229,ALEXANDER WIKTOROWYTSCH YANUKVICH,
RUS0229,ALEXANDR VIKTOROVYCH YANUKVICH,
RUS0229,ALEXSANDR VIKTOROVYCH YANUKVICH,
RUS0229,ALEXSANDR WIKTOROWYTSCH YANUKVICH,
RUS0229,OLECSANDR VIKTOROVYCH YANUKVICH,
RUS0229,OLECSANDR WIKTOROWYTSCH YANUKVICH,
RUS0229,OLEXANDR VIKTOROVYCH YANUKVICH,
RUS0229,OLEXANDR WIKTOROWYTSCH YANUKVICH,
RUS0230,SERHIY VITALYOVYCH KURCHENKO,
RUS0230,SERGEY VITALIIOVYCH KURCHENKO,
RUS0230,SERGEY VITALIJOVICH KURCHENKO,
RUS0230,SERGEY VITALIYOVYCH KURCHENKO,
RUS0230,SERGEY VITALYOVYCH KURCHENKO,
RUS0230,SERGII VITALIIOVYCH KURCHENKO,
RUS0230,SERGII VITALIJOVICH KURCHENKO,
RUS0230,SERGII VITALIYOVYCH KURCHENKO,
RUS0230,SERGII VITALYOVYCH KURCHENKO,
RUS0230,SERGIJ VITALIIOVYCH KURCHENKO,
RUS0230,SERGIJ VITALIJOVICH KURCHENKO,
RUS0230,SERGIJ VITALIYOVYCH KURCHENKO,
RUS0230,SERGIJ VITALYOVYCH KURCHENKO,
RUS0230,SERGIY VITALIYOVICH KURCHENKO,
RUS0230,SERHII VITALIIOVYCH KURCHENKO,
RUS0230,SERHII VITALIJOVIC KURCHENKO,
RUS0230,SERHII VITALIYOVYCH KURCHENKO,
RUS0230,SERHII VITALYOVYCH KURCHENKO,
RUS0230,SERHIY VITALIIOVYCH KURCHENKO,
RUS0230,SERHIY VITALIJOVICH KURCHENKO,
RUS0230,SERHIY VITALIYOVYCH KURCHENKO,
RUS0231,MIKHAIL RAZVOZHAEV,
RUS0231,MIKHAIL VLADIMIROVICH RAZVOZHAEV,
RUS0231,MIKHAIL VLADIMIROVICH RAZVOZHAYEV,
RUS0232,BANK OF RUSSIA,
RUS0232,RUSSIA BANK,
RUS0233,BLACK SEA BANK DEVELOPMENT AND RECONSTRUCTION,
RUS0233,BLACK SEA BANK OF DEVELOPMENT AND RECONSTRUCTION,
RUS0233,JOINT STOCK COMPANY BLACK SEA BANK FOR DEVELOPMENT AND RECONSTRUCTION,
RUS0234,AKTSIONERNOE OBSHCHESTVO GENBANK,
RUS0235,GENNADI NIKOLAYEVICH TIMCHENKO,
RUS0235,GENNADY NIKOLAYEVICH TIMCHENKO,
RUS0236,INDUSTRIAL SAVINGS BANK,
RUS0236,INDUSTRIALNY SBEREGATELNY BANK,
RUS0236,JSC CB IS BANK,
RUS0237,PJSC PROMSVYAZBANK,
RUS0237,PROMSVYAZBANK PJSC,
RUS0238,ROSTEC,
RUS0239,PJSC UAC,
RUS0239,UAC,
RUS0239,UNITED AIRCRAFT CORPORATION,
RUS0241,URALVAGONZAVOD,
RUS0242,PJSC UNITED SHIPBUILDING CORPORATION,
RUS0242,PJSC USC,
RUS0242,USC,
RUS0244,PYOTR MIKHAILOVICH FRADKOV,
RUS0245,KIRILL SHAMALOV,
RUS0246,BORIS ROTHENBERG,
RUS0247,IGOR ROTHENBERG,
RUS0248,YURI SLYUSAR,
RUS0248,YURI BORISOVICH SLYUSAR,
RUS0250,VTB,
RUS0250,VTB BANK (PJSC),
RUS0251,VLADIMIR PUTIN,
RUS0252,SERGEI LAVROV,
RUS0252,SERGEY LAVROV,
RUS0252,SERGEY VIKTOROVICH LAVROV,
RUS0253,VNESHEKONOMBANK,
RUS0254,OTKRITIE,
RUS0255,SOVKOMBANK,
RUS0256,PJSC SBERBANK OF RUSSIA,
RUS0256,SBERBANK,
RUS0256,SBERBANK OF RUSSIA,
RUS0257,ANDREJ BURDYKA,
RUS0258,VICTOR VLADIMIROVICH GULEVICH,
RUS0258,VIKTAR HULEVICH,
RUS0258,VIKTAR ULADZIMIRAVIC HULIEVIC,
RUS0259,SIARHIEJ SIMANIENKA,
RUS0260,ANDREJ ZUK,
RUS0261,558 ARP,
RUS0261,JOINT STOCK COMPANY 558 ARP,
RUS0261,JSC 558 AIRCRAFT REPAIR PLANT,
RUS0261,JSC 558 ARP,
RUS0262,INTEGRAL,
RUS0262,JOINT STOCK COMPANY INTEGRAL,
RUS0262,PJSC INTEGRAL,
RUS0262,PUBLIC JOINT STOCK COMPANY INTEGRAL,
RUS0263,RDIF,
RUS0264,KIRILL DMITRIEV,
RUS0265,IGOR SHUVALOV,
RUS0266,ALISHER USMANOV,
RUS0267,ANDREI KOSTIN,
RUS0267,ANDREY KOSTIN,
RUS0267,ANDREY LEONIDOVICH KOSTIN,
RUS0268,ALEXEI MILLER,
RUS0268,ALEXEY MILLER,
RUS0269,OLEG DERIPASKA,
RUS0270,ROMAN ABRAMOVICH,
RUS0271,NIKOLAI TOKAREV,
RUS0271,NIKOLAY TOKAREV,
RUS0272,DMITRI LEBEDEV,
RUS0272,DMITRI ALEKSEYEVICH LEBEDEV,
RUS0273,IGOR SECHIN,
RUS0274,VYACHESLAV SERAFIMOVICH MAKAROV,
RUS0275,OLEG VIKTOROVICH MOROZOV,
RUS0276,NIKITA GENNADIEVICH RUMYANTSEV,
RUS0277,AIDAR RAISOVICH METSHIN,
RUS0278,MARIA NIKOLAEVNA PRUSAKOVA,
RUS0279,SVETLANA VIKTOROVNA RAZVOROTNEVA,
RUS0280,ROMAN YURIEVICH ROMANENKO,
RUS0281,IGOR NIKOLAEVICH RUDENSKY,
RUS0282,ALLA LEONIDOVNA SALAEVA,
RUS0283,ARKADY NIKOLAEVICH SVISTUNOV,
RUS0284,VALERY SERGEEVICH SELEZNEV,
RUS0285,YURY PETROVICH SINELSHCHIKOV,
RUS0286,SERGEY GEORGIEVICH LEVCHENKO,
RUS0287,SERGEY DMITRIEVICH LEONOV,
RUS0288,RUSLAN ABDULVAKHIEVICH LECHKHADZHIEV,
RUS0289,IVAN IVANOVICH LOOR,
RUS0290,ROMAN MIKHAILOVICH LYABIKHOV,
RUS0291,DENIS VASILIEVICH MAIDANOV,
RUS0292,ALEXANDER ALEXANDROVICH MAKSIMOV,
RUS0293,ANDREY PAVLOVICH MARKOV,
RUS0294,VYACHESLAV MIKHAILOVICH MARKHAEV,
RUS0295,MIKHAIL NIKOLAEVICH MATVEEV,
RUS0296,KHIZRI MAGOMEDOVICH ABAKAROV,
RUS0297,ELVIRA RINATOVNA AITKULOVA,
RUS0298,ALEXANDER SERGEEVICH AKSYONENKO,
RUS0299,OLGA NIKOLAEVNA ALIMOVA,
RUS0300,SERGEY VIKTOROVICH ALTUKHOV,
RUS0301,OLGA NIKOLAEVNA AMELCHENKOVA,
RUS0302,OLGA NIKOLAEVNA ANUFRIEVA,
RUS0303,GEORGY KONSTANTINOVICH ARAPOV,
RUS0304,VALENTINA NIKOLAEVNA ARTAMONOVA,
RUS0305,OTARI IONOVICH ARSHBA,
RUS0306,YURY VYACHESLAVOVICH AFONIN,
RUS0307,RINAT ZAYDULAEVICH AYUPOV,
RUS0308,LEONID IVANOVICH BABASHOV,
RUS0309,IVAN NIKOLAEVICH BABICH,
RUS0310,TIMOFEY TIMOFEEVICH BAZHENOV,
RUS0311,BEKHAN ABDULKHAMIDOVICH BARAKHOEV,
RUS0312,ANTON ALEXANDROVICH BASANSKY,
RUS0313,RIMA AKBERDINOVNA BATALOVA,
RUS0314,BADMA NIKOLAEVICH BASHANKAEV,
RUS0315,IRINA VIKTOROVNA BELYKH,
RUS0316,MIKHAIL NIKOLAEVICH BERULAVA,
RUS0317,SVETLANA VIKTOROVNA BESSARAB,
RUS0318,DANIIL VLADIMIROVICH BESSARABOV,
RUS0319,EVGENY IVANOVICH BESSONOV,
RUS0320,ARTEM ALEXANDROVICH BICHAEV,
RUS0321,ALEXANDER ALEXANDROVICH BORISOV,
RUS0322,SERGEI MIKHAILOVICH BOYARSKY,
RUS0323,NIKOLAI GAVRILOVICH BRYKIN,
RUS0324,NIKOLAI ROBERTOVICH BUDUEV,
RUS0325,VADIM EVGENIEVICH BULAVINOV,
RUS0326,VLADIMIR VLADIMIROVICH BURMATOV,
RUS0327,MARIA VALERIEVNA BUTINA,
RUS0328,ERNEST ABDULOVICH VALEEV,
RUS0329,OLEG DORIANOVICH VALENCHUK,
RUS0330,ANATOLY ALEXANDROVICH WASSERMAN,
RUS0331,ALEXEY BORISOVICH VELLER,
RUS0332,SERGEY ALEKSEEVICH VEREMEENKO,
RUS0333,VASILY MAKSIMOVICH VLASOV,
RUS0334,VERONIKA VALERIEVNA VLASOVA,
RUS0335,ILYA SVETOSLAVOVICH WOLFSON,
RUS0336,ANDREY VIKTOROVICH VOROBYOV,
RUS0337,ANATOLY VLADIMIROVICH VORONOVSKY,
RUS0338,ELENA ANDREEVNA VTORIGINA,
RUS0339,ANATOLY BORISOVICH VYBORNY,
RUS0340,DMITRY FYODOROVICH VYATKIN,
RUS0341,SERGEY ANATOLIEVICH GAVRILOV,
RUS0342,ABDULKHAKIM KUTBUDINOVICH GADZHIEV,
RUS0343,RUSLAN GADZHIEVICH GADZHIEV,
RUS0344,VALERY KARLOVICH GARTUNG,
RUS0345,JAMALADIN NABIEVICH GASANOV,
RUS0346,ZAUR DALKHATOVICH GEKKIEV,
RUS0347,OLGA MIKHAILOVNA GERMANOVA,
RUS0348,ANTON ALEXANDROVICH GETTA,
RUS0349,DINAR ZAGITOVICH GILMUTDINOV,
RUS0350,ILDAR IREKOVICH GILMUTDINOV,
RUS0351,ANDREY PETROVICH GIMBATOV,
RUS0352,BORIS MIKHAILOVICH GLADKIKH,
RUS0353,ANGELICA EGOROVNA GLAZKOVA,
RUS0354,OLEG ALEXANDROVICH GOLIKOV,
RUS0355,NIKOLAI ALEXANDROVICH GONCHAROV,
RUS0356,ALEXEY VASILIEVICH GORDEEV,
RUS0357,ANTON VADIMOVICH GORELKIN,
RUS0358,KSENIA ALEXANDROVNA GORYACHEVA,
RUS0359,YURY INNOKENT'EVICH GRIGORIEV,
RUS0360,ANDREY VIKTOROVICH GURULEV,
RUS0361,DMITRY GENNADIEVICH GUSEV,
RUS0362,VLADISLAV ANDREEVICH DAVANKOV,
RUS0363,VYACHESLAV ANATOLIEVICH DAMDINTSURUNOV,
RUS0364,GALINA INNOKENTIEVNA DANCHIKOVA,
RUS0365,ALEXANDER VYACHESLAVOVICH DEMIN,
RUS0366,IVAN IVANOVICH DEMCHENKO,
RUS0367,VIKTOR EFIMOVICH DERYABKIN,
RUS0368,VIKTOR VIKTOROVICH DZIUBA,
RUS0369,ALEXEY NIKOLAEVICH DIDENKO,
RUS0370,OLEG DMITRIEVICH DIMOV,
RUS0371,OKSANA GENRIKHOVNA DMITRIEVA,
RUS0372,AHMED SHAMKHANOVICH DOGAEV,
RUS0373,NIKOLAI ALEXANDROVICH DOLUDA,
RUS0374,ANDREY NIKOLAEVICH DOROSHENKO,
RUS0375,MARIA VLADIMIROVNA DROBOT,
RUS0376,YULIA NIKOLAEVNA DROZHZHINA,
RUS0377,ALEXANDER SERGEEVICH DROZDOV,
RUS0378,TATYANA IVANOVNA DYAKONOVA,
RUS0379,ELENA ALEXANDROVNA EVTYUKHOVA,
RUS0380,NIKOLAY NIKOLAEVICH EZERSKY,
RUS0381,ALEXEY PETROVICH EZUBOV,
RUS0382,VITALY BORISOVICH EFIMOV,
RUS0383,ALEXANDER DMITRIEVICH ZHUKOV,
RUS0384,ALEXEY ALEXANDROVICH ZHURAVLEV,
RUS0385,KONSTANTIN FEDOROVICH ZATULIN,
RUS0386,KONSTANTIN YURIEVICH ZAKHAROV,
RUS0387,VIKTOR VLADISLAVOVICH ZUBAREV,
RUS0388,GENNADY ANDREEVICH ZYUGANOV,
RUS0389,OLEG IVANOVICH IVANINSKY,
RUS0390,VLADIMIR VALERIEVICH IVANOV,
RUS0391,MAXIM ANATOLIEVICH IVANOV,
RUS0392,MAXIM EVGENIEVICH IVANOV,
RUS0393,NIKOLAI NIKOLAEVICH IVANOV,
RUS0394,BORIS VIKTOROVICH IVANYUZHENKOV,
RUS0395,IRINA VALENTINOVNA IVENSKIKH,
RUS0396,LEONID GRIGORIEVICH IVLEV,
RUS0397,IGOR NIKOLAEVICH IGOSHIN,
RUS0398,VLADIMIR ALEKSEEVICH ILINYKH,
RUS0399,ALEXANDER VLADIMIROVICH ILTYAKOV,
RUS0400,ANDREY KONSTANTINOVICH ISAEV,
RUS0401,VLADIMIR PAVLOVICH ISAKOV,
RUS0402,DMITRY VIKTOROVICH ISLAMOV,
RUS0403,SERGEY VLADIMIROVICH KABYSHEV,
RUS0404,ARTEM ALEXANDROVICH KAVINOV,
RUS0405,DMITRY MIKHAILOVICH KADENKOV,
RUS0406,VIKTOR ALEKSEEVICH KAZAKOV,
RUS0407,OLGA MIKHAILOVNA KAZAKOVA,
RUS0408,SERGEI IVANOVICH KAZANKOV,
RUS0409,RUSTAM GALIULLOVICH KALIMULLIN,
RUS0410,GEORGY PETROVICH KAMNEV,
RUS0411,ALEXEY VALERIANOVICH KANAEV,
RUS0412,SHOLBAN VALERIEVICH KARA-OOL,
RUS0413,SERGEY GENRIKHOVICH KARGINOV,
RUS0414,GEORGY ALEXANDROVICH KARLOV,
RUS0415,RAISA VASILIEVNA KARMAZINA,
RUS0416,ANATOLY EVGENIEVICH KARPOV,
RUS0417,IGOR YURIEVICH KASTYUKEVICH,
RUS0418,PAVEL RURIKOVICH KACHKAEV,
RUS0419,VLADIMIR IVANOVICH KASHIN,
RUS0420,VIKTOR BORISOVICH KIDYAEV,
RUS0421,MIKHAIL SERGEEVICH KISELEV,
RUS0422,MIKHAIL LEONIDOVICH KISLYAKOV,
RUS0423,MIKHAIL VLADIMIROVICH KIZEEV,
RUS0424,ROBERT IVANOVICH KOCHIEV,
RUS0425,ANDREI IVANOVICH KOLESNIK,
RUS0426,NIKOLAY VASILIEVICH KOLOMEYTSEV,
RUS0427,BORIS OLEGOVICH KOMOTSKY,
RUS0428,ALEXEY VIKTOROVICH KORNIENKO,
RUS0429,VLADIMIR ALEKSEEVICH KOSHELEV,
RUS0430,NATALYA VASILIEVNA KOSTENKO,
RUS0431,SERGEY NIKOLAEVICH KOTKIN,
RUS0432,ALEXANDER NIKOLAEVICH KOZLOVSKY,
RUS0433,PAVEL VLADIMIROVICH KRASHENINNIKOV,
RUS0434,ANDREY LEONIDOVICH KRASOV,
RUS0435,VADIM VALENTINOVICH KUMIN,
RUS0436,RIZVAN DANIYALOVICH KURBANOV,
RUS0437,ALEXEY VLADIMIROVICH KURINNY,
RUS0438,TATYANA ALEKSEEVNA KUSAIKO,
RUS0439,MIKHAIL VLADIMIROVICH KUZMIN,
RUS0440,DMITRY VADIMOVICH KUZNETSOV,
RUS0441,ANDREY ANATOLIEVICH KUZNETSOV,
RUS0442,ANNA YURIEVNA KUZNETSOVA,
RUS0443,IVAN IVANOVICH KVITKA,
RUS0444,YANA VALERIEVNA LANTRATOVA,
RUS0445,ALEXEY FEDOROVICH LAVRINENKO,
RUS0446,EVGENY VIKTOROVICH LEBEDEV,
RUS0447,OLEG ALEXANDROVICH LEBEDEV,
RUS0448,OLEG YURIEVICH LEONOV,
RUS0449,VYACHESLAV YURIEVICH LOGINOV,
RUS0450,ROMAN VALERIEVICH LYUBARSKY,
RUS0451,ALEXANDER GEORGIEVICH MAZHUGA,
RUS0452,ZURAB GAYOZOVICH MAKIEV,
RUS0453,EVGENY VLADIMIROVICH MARKOV,
RUS0454,EVGENIY EVGENIEVICH MARCHENKO,
RUS0455,ARTEM PAVLOVICH METELEV,
RUS0456,VITALY VALENTINOVICH MILONOV,
RUS0457,IVAN MIKHAILOVICH MUSATOV,
RUS0458,NATALYA VASILIEVNA NAZAROVA,
RUS0459,YURI AISOVICH NAPSO,
RUS0460,STANISLAV ALEXANDROVICH NAUMOV,
RUS0461,ANTON IGOREVICH NEMKIN,
RUS0462,NIKOLAI PETROVICH NIKOLAEV,
RUS0463,VICTORIA VIKTOROVNA NIKOLAEVA,
RUS0464,OLEG ANATOLIEVICH NILOV,
RUS0465,YAROSLAV EVGENIEVICH NILOV,
RUS0466,EVGENY OLEGOVICH NIFANTIEV,
RUS0467,DMITRY GEORGIEVICH NOVIKOV,
RUS0468,NIKOLAY VLADIMIROVICH NOVICHKOV,
RUS0469,NURBAGAND MAGOMEDOVICH NURBAGANDOV,
RUS0470,SERGEY PAVLOVICH OBUKHOV,
RUS0471,YULIA VASILIEVNA OGLOBLINA,
RUS0472,MARINA EDUARDOVNA ORGEEVA,
RUS0473,NIKOLAY IVANOVICH OSADCHY,
RUS0474,NINA ALEXANDROVNA OSTANINA,
RUS0475,KAPLAN MUGDINOVICH PANESH,
RUS0476,GENNADY OLEGOVICH PANIN,
RUS0477,NIKOLAY VASILIEVICH PANKOV,
RUS0478,IRINA ALEXANDROVNA PANKINA,
RUS0479,SERGEY ALEXANDROVICH PAKHOMOV,
RUS0480,DMITRY ANATOLIEVICH PEVTSOV,
RUS0481,EVGENY ALEKSEEVICH PERVYSHOV,
RUS0482,ALEXANDER PETROVICH PETROV,
RUS0483,VYACHESLAV ANATOLIEVICH PETROV,
RUS0484,SERGEY VALERIEVICH PETROV,
RUS0485,YURY ALEXANDROVICH PETROV,
RUS0486,VALENTINA NIKOLAEVNA PIVNENKO,
RUS0487,OLGA VASILIEVNA PILIPENKO,
RUS0488,VIKTOR VITALIEVICH PINSKY,
RUS0489,DMITRY YURIEVICH PIROG,
RUS0490,VASILY IVANOVICH PISKAREV,
RUS0491,VLADIMIR NIKOLAEVICH PLOTNIKOV,
RUS0492,VLADIMIR VLADIMIROVICH PLYAKIN,
RUS0493,DMITRY VIKTOROVICH POGORELY,
RUS0494,ALEXANDER ALEKSEEVICH POLYAKOV,
RUS0495,DMITRY STANISLAVOVICH SKRIVANOV,
RUS0496,VIKTOR IVANOVICH SOBOLEV,
RUS0497,IVAN ALEXANDROVICH SOLODOVNIKOV,
RUS0498,EKATERINA PETROVNA STENYAKINA,
RUS0499,ALEXANDER MIKHAILOVICH STRELYUHIN,
RUS0500,IVAN KONSTANTINOVICH SUKHAREV,
RUS0501,ARTUR BORISOVICH TAYMAZOV,
RUS0502,SANGADZHI ANDREEVICH TARBAEV,
RUS0503,MUSLIM BARISOVICH TATRIEV,
RUS0504,SERGEY YURIEVICH TEN,
RUS0505,ROMAN IGOREVICH TERYUSHKOV,
RUS0506,OLGA VIKTOROVNA TIMOFEEVA,
RUS0507,ALEXEY NIKOLAEVICH TKACHEV,
RUS0508,ANTON OLEGOVICH TKACHEV,
RUS0509,MAXIM ANATOLIEVICH TOPILIN,
RUS0510,VLADISLAV ALEXANDROVICH TRETIAK,
RUS0511,FEDOT SEMYONOVICH TUMUSOV,
RUS0512,ARTYOM VIKTOROVICH TUROV,
RUS0513,RIMMA AMIROVNA UTYASHEVA,
RUS0514,OKSANA NIKOLAEVNA FADINA,
RUS0515,VYACHESLAV VASILIEVICH FOMICHEV,
RUS0516,SULTAN KHAMZAEV,
RUS0517,MURAT RUSLANOVICH KHASANOV,
RUS0518,ALEXANDER EVSEEVICH KHINSHTEIN,
RUS0519,GALINA PETROVNA KHOVANSKAYA,
RUS0520,DMITRY ANATOLIEVICH KHUBEZOV,
RUS0521,NIKOLAI GRIGORIEVICH TSED,
RUS0522,ELENA MOISEEVNA TSUNAEVA,
RUS0523,NIKITA YURIEVICH CHAPLIN,
RUS0524,ROZA BASIROVNA CHEMERIS,
RUS0525,SERGEY VLADIMIROVICH CHEPIKOV,
RUS0526,BORIS ALEXANDROVICH CHERNYSHOV,
RUS0527,ALEXEY YURIEVICH CHERNYAK,
RUS0528,SERGEY ALEXANDROVICH SHARGUNOV,
RUS0529,YURY NIKOLAEVICH SHVYTKIN,
RUS0530,GRIGORY VLADIMIROVICH SHILKIN,
RUS0531,NADEZHDA VASILIEVNA SHKOLKINA,
RUS0532,IGOR NIKOLAEVICH SHUBIN,
RUS0533,VADIM NIKOLAEVICH SHUVALOV,
RUS0534,ADALBI LYULEVICH SHKHAGOSHEV,
RUS0535,MIKHAIL VIKTOROVICH SHCHAPOV,
RUS0536,NIKOLAI MIKHAILOVICH SHCHEGLOV,
RUS0537,ALEXANDER VLADIMIROVICH SHCHERBAKOV,
RUS0538,ALEXANDER ANDREEVICH YUSHCHENKO,
RUS0539,ALEXANDER VLADIMIROVICH YAKUBOVSKY,
RUS0540,SERGEY VASILIEVICH YAKHNYUK,
RUS0541,BEKHAN VAKHAEVICH AGAEV,
RUS0542,ANATOLY ZHAMALOVICH BIFOV,
RUS0543,VLADIMIR NIKOLAEVICH BLOTSKY,
RUS0545,SERGEI VLADIMIROVICH BURLAKOV,
RUS0546,NIKOLAI PETROVICH BURLYAEV,
RUS0547,TATYANA VIKTOROVNA BUTSKAYA,
RUS0548,MARIA VIKTOROVNA VASILKOVA,
RUS0549,ROMAN MIKHAILOVICH VODIANOV,
RUS0550,OLEG VLADIMIROVICH GARIN,
RUS0551,ANDREY YURIEVICH GOROKHOV,
RUS0552,MIKHAIL GENNADIEVICH DELYAGIN,
RUS0553,ARTEM YURIEVICH KIRYANOV,
RUS0554,ALEXANDER BORISOVICH KOGAN,
RUS0555,OLEG ALEKSEEVICH KOLESNIKOV,
RUS0556,SERGEY VLADIMIROVICH KOLUNOV,
RUS0557,VLADIMIR MIKHAILOVICH KONONOV,
RUS0558,ANTON ALEKSEEVICH KRASNOSHTANOV,
RUS0559,SERGEY VLADIMIROVICH KRIVONOSOV,
RUS0560,VITALY VASILIEVICH KUSHNAREV,
RUS0561,DMITRY VIKTOROVICH LAMEIKIN,
RUS0562,ANATOLY IVANOVICH LISITSYN,
RUS0563,RAFAEL MIRKHATIMOVICH MARDANSHIN,
RUS0564,LEONID ANATOLIEVICH OGUL,
RUS0565,BORIS ROMANOVICH PAYKIN,
RUS0567,ALLA VIKTOROVNA POLYAKOVA,
RUS0568,VLADISLAV MATUSOVICH REZNIK,
RUS0569,VLADIMIR IGOREVICH SAMOKISH,
RUS0570,VIKTOR VALENTINOVICH SELIVERSTOV,
RUS0571,VIKTOR VLADIMIROVICH SMIRNOV,
RUS0572,OLEG NIKOLAEVICH SMOLIN,
RUS0573,MIKHAIL EVGENIEVICH STARSHINOV,
RUS0574,PAVEL MIKHAILOVICH FEDYAEV,
RUS0575,VYACHESLAV ALEXANDROVICH FETISOV,
RUS0576,IRINA ANATOLIEVNA FILATOVA,
RUS0577,TAMARA IVANOVNA FROLOVA,
RUS0578,AMIR MAHSUDOVICH KHAMITOV,
RUS0579,NIKOLAI MIKHAILOVICH KHARITONOV,
RUS0580,EKATERINA VLADIMIROVNA KHARCHENKO,
RUS0581,GLEB YAKOVLEVICH KHOR,
RUS0582,ALEXEY VASILIEVICH CHEPA,
RUS0583,SERGEY VIKTOROVICH CHIZHOV,
RUS0584,RIFAT GABDULKHAKOVICH SHAIKHUTDINOV,
RUS0585,ALEXANDER MIKHAILOVICH SHOLOKHOV,
RUS0586,AZAT FERDINANDOVICH YAGAFAROV,
RUS0587,ELENA ALEXANDROVNA YAMPOLSKAYA,
RUS0588,IRINA ANATOLYEVNA YAROVAYA,
RUS0589,VADIM VLADIMIROVICH BELOUSOV,
RUS0590,IREK BORISOVICH BOGUSLAVSKY,
RUS0591,LEV IGOREVICH KOVPAK,
RUS0592,DENIS BORISOVICH KRAVCHENKO,
RUS0593,ANDREY MIKHAILOVICH MAKAROV,
RUS0594,SERGEY IVANOVICH MOROZOV,
RUS0595,LARISA NIKOLAEVNA TUTOVA,
RUS0596,AIRAT ZAKIEVICH FARRAKHOV,
RUS0597,MIKHAIL VALENTINOVICH ROMANOV,
RUS0598,ALEXANDER GRIGORIEVICH RUMYANTSEV,
RUS0599,ZHANNA ANATOLYEVNA RYABTSEVA,
RUS0600,OLEG VLADIMIROVICH SAVCHENKO,
RUS0601,VLADIMIR BORISOVICH SENIN,
RUS0602,PAVEL VLADIMIROVICH SIMIGIN,
RUS0603,MIKHAIL YURIEVICH AVDEEV,
RUS0604,SARDANA VLADIMIROVNA AVKSENTIEVA,
RUS0605,RAKHIM AZIZBOEVICH AZIMOV,
RUS0606,ANATOLY GENNADIEVICH AKSAKOV,
RUS0607,NIKOLAI NIKOLAEVICH ALEKSEENKO,
RUS0608,ANDREY ANATOLIEVICH ALEKHIN,
RUS0609,ANDREY GENNADIEVICH ALSHEVSKY,
RUS0610,PETR REVOLDOVICH AMMOSOV,
RUS0611,ANDREY ANATOLIEVICH ANIKEEV,
RUS0612,GRIGORY VIKTOROVICH ANIKEEV,
RUS0613,NIKOLAY VASILIEVICH AREFIEV,
RUS0614,ALENA IGOREVNA ARSHINOVA,
RUS0615,VITALY VIKTOROVICH BAKHMETIEV,
RUS0616,ELENA VENIAMINOVNA BONDARENKO,
RUS0618,NIKOLAY IVANOVICH VASILIEV,
RUS0619,ANATOLY FEDOROVICH LESUN,
RUS0620,EVGENY SERGEEVICH MOSKVICHEV,
RUS0621,ALEXEY GENNADIEVICH NECHAEV,
RUS0622,SERGEY MIKHAILOVICH PANTELEEV,
RUS0623,DENIS ANDREEVICH PARFENOV,
RUS0624,EVGENY GEORGIEVICH POPOV,
RUS0625,ALEXANDER SERGEEVICH PROKOPIEV,
RUS0626,ARTYOM VYACHESLAVOVICH PROKOFIEV,
RUS0627,EVGENY VASILIEVICH REVENKO,
RUS0628,ALEXANDER ALEXANDROVICH REMEZKOV,
RUS0629,VICTORIA SERGEEVNA RODINA,
RUS0630,DMITRY IVANOVICH SAVELIEV,
RUS0631,SVETLANA EVGENIEVNA SAVITSKAYA,
RUS0632,ALEXANDER MIKHAILOVICH SAMOKUTYAEV,
RUS0633,SHAMSAIL YUNUSOVICH SARALIEV,
RUS0634,JULIA VLADIMIROVNA SARANOVA,
RUS0635,AIDYN NIKOLAEVICH SARYGLAR,
RUS0636,DMITRY ALEXANDROVICH SVISHCHEV,
RUS0637,GENNADY YURIEVICH SEMIGIN,
RUS0638,LEONID YAKOVLEVICH SIMANOVSKY,
RUS0639,ALEXEY VLADIMIROVICH SITNIKOV,
RUS0640,ALEXANDER ANATOLIEVICH SKACHKOV,
RUS0641,GENNADY IVANOVICH SKLYAR,
RUS0642,VALERY STEPANOVICH SKRUG,
RUS0644,SERGEI MIKHAILOVICH SOKOL,
RUS0645,SERGEY ANATOLIEVICH SOLOVYOV,
RUS0646,ALEXANDER YURIEVICH SPIRIDONOV,
RUS0647,YURY ARKADIEVICH STANKEVICH,
RUS0648,RENAT ISMAILOVICH SULEIMANOV,
RUS0649,KAZBEK KUTSUKOVICH TAYSAEV,
RUS0650,MIKHAIL VASILIEVICH TARASENKO,
RUS0651,ALEXANDER VASILIEVICH TERENTIEV,
RUS0652,MIKHAIL BORISOVICH TERENTIEV,
RUS0653,ALEXANDER PAVLOVICH TETERDINKO,
RUS0654,PETR OLEGOVICH TOLSTOY,
RUS0655,ANDREY FYODOROVICH TRIFONOV,
RUS0656,SERGEY FYODOROVICH LISOVSKY,
RUS0657,EVGENY ALEKSEEVICH FEDOROV,
RUS0658,IGOR ALEXANDROVICH ANTROPENKO,
RUS0659,ALEXEY BORISOVICH GOVYRIN,
RUS0664,MIKHAIL MARATOVIC FRIEDMAN,
RUS0665,PYOTR AVEN,
RUS0666,GERMAN HAN,
RUS0666,GERMAN BORISSOVICH KHAN,
RUS0666,GUERMAN KHAN,
RUS0704,VLADIMIR SOLOVIEV,
RUS0763,EUGENE LAVLINSKIY,
RUS0763,YEVGENY LAVLINSKIY,
RUS0763,ZAKHAR PRILEPIN,Good quality a.k.a
RUS0764,ANTON VYACHESLAVOVICH KUZNETSOV-KRASOVSKY,
RUS0765,ARCADY VIKTOROVICH MAMONTOV,
RUS0770,ALEXEY ALEXANDROVICH MORDASCHOV,
RUS0775,DMITRI ALEXANDROVICH PUMPYANSKIY,
RUS0786,ALEXANDER SERGEYEVICH CHEMEZOV,
RUS0787,STANISLAV SERGEYEVICH CHEMEZOV,
RUS0790,EKATERINA SERGEYEVNA IGNATOVA,
RUS0794,ANDREI SERGEEVICH PUCHKOV,
RUS0803,KARINA FOX,
RUS0803,KARINA GAPCHUK,
RUS0803,KARINA GAPCHUK FOX,
RUS0804,LILIYA ROTENBERG,
RUS0805,PAVEL ROTENBERG,
RUS0806,ROMAN ROTENBERG,
RUS0807,YURI ALEKSEYEVICH SOLOVYOV,
RUS0809,YEVGENY IGOROVICH ZHENYA SHUVALOV,
RUS0814,MAIYA BOLOTOVA,
RUS0814,MAYYA BOLOTOVA,
RUS0814,MAIYA NIKOLAEVNA TOKAREVA,
RUS0845,YURI NIKOLAEVICH ANDRESOV,
RUS0848,NATALYA GERMANOVA DIRKS,
RUS0849,VLADIMIR NIKOLAEVICH KNIAGININ,
RUS0849,VLADIMIR NIKOLAYEVICH KNIAGININ,
RUS0857,VALERY VASILEYEVICH LUKYANENKO,
RUS0860,SVYATOSLAV YEVGENIEVICH OSTROVSKIY,
RUS0861,ANATOLY YURYEVICH PECHATNIKOV,
RUS0862,NICHOLAS CHOLES,
RUS0864,DMITRII VASILYEVICH PYANOV,
RUS0978,ALEKSANDR VLADIMIROVICH DVOINYKH,
RUS0980,ALEKSANDR VLADELENOVICH VAINBERG,
RUS0980,ALEKSANDR VLADELENOVICH WEINBERG,
RUS0991,OLEG ALEKSANDROVICH ALEKSEEV,
RUS1010,NIKOLAI FYODOROVICH KONDRATYUK,
RUS1018,NATALIA BROWNING,
RUS1018,NATALYA TIMCHENKO,
RUS1030,ALEKSANDR ALEKANDROVICH MIKHEYEV,
RUS1037,ARTEM SHEININ,
RUS1037,ARTYOM GRIGORIEVICH SHEININ,
RUS1053,VOLODIMIR SIVKOVYCH,
RUS1054,OLEG ANATOLYEVICH VOLOSHIN,
RUS1054,OLEG ANATOLYEVICH VOLOSHYN,
RUS1055,ALEXANDER PETROVICH VETENEVICH,
RUS1065,VALENTIN GENNADYEVICH MAMAYEV,
RUS1069,VYACHESLAV RASSALAI,
RUS1069,VYACHESLAV EVGENIEVICH ROSSOLAI,
RUS1069,VYACHESLAV ROSSOLAY,
RUS1070,ALEXEY IVANOVICH RIMASHEVSKIY,
RUS1070,ALIAKSEI IVANAVICH RIMASHEVSKIY,
RUS1070,ALEXEY IVANOVICH RYMASHEUSKI,
RUS1071,DEFENSE INITIATIVES,
RUS1073,JSC ROSSELKHOZBANK,
RUS1073,RUSAG,
RUS1074,ALFA-BANK RUSSIA,
RUS1075,AK ALROSA PAO,
RUS1075,AKTSIONERNAYA KOMPANIYA ALROSA PAO,
RUS1075,ALROSA COMPANY PJSC,
RUS1077,SALAVATSKI HIMICHESKI ZAVOD (SHZ),
RUS1078,KRONSTADT,
RUS1079,LIMITED LIABILITY COMPANY ATLANT S,
RUS1080,LIMITED LIABILITY COMPANY INSPIRA INVEST A,
RUS1080,LLC SANPROPERTI,
RUS1081,ACADEMICIAN VP MAKEYEV STATE ROCKET CENTRE OJSC (MAKEYEV SRC),
RUS1084,RUSSIAN RAILWAYS (RZD) JOINT STOCK COMPANY,
RUS1085,PBK,
RUS1085,ROSSIJSKAJA VENCHURNAJA KOMPANIJA,
RUS1085,RVC,
RUS1086,PLANAR LLC,
RUS1088,UBRD,
RUS1088,UBRD PJSC,
RUS1089,ALL-RUSSIAN INSTITUTE OF AVIATION MATERIALS,
RUS1090,CHVK VAGNER,
RUS1090,CHVK WAGNER,
RUS1090,PMC VAGNER,
RUS1090,PMC WAGNER,
RUS1090,VAGNER GROUP,
RUS1092,BSVT,
RUS1094,SAMI,
RUS1094,STATE MILITARY-INDUSTRIAL COMMITTEE OF THE REPUBLIC OF BELARUS (SMIC),
RUS1095,OKB TSP,
RUS1096,SMP BANK AO,
RUS1096,SMP OJSC,
RUS1097,PAO SOVCOMFLOT,
RUS1097,PJSC SOVCOMFLOT,
RUS1097,PUBLICHNOE AKSIONERNOE OBSCHESTVO SOVREMENNYY KOMMERCHESKIY FLOT,
RUS1099,HAYLINA DANILCHENKO,
RUS1100,EVGENY MARKOVICH SHVIDLER,
RUS1104,VLADIMIR MAXIMENKO,
RUS1105,ANDREJ ARESHEV,
RUS1115,ALEXANDER ALEKSANDROVICH ZHAROV,
RUS1116,FOTON PRO,
RUS1119,CREDIT BANK OF MOSCOW PJSC,
RUS1119,CREDIT BANK OF MOSCOW PUBLIC JOINT STOCK COMPANY,
RUS1120,SERGEI SERGEEVICH IVANOV,
RUS1120,SERGEJJ SERGEEVICH IVANOV,
RUS1120,SERGEY SERGEIVICH IVANOV,
RUS1120,SERGEY IVANOV JR.,
RUS1120,SERGEI SERGEJEWITSCH IWANOW,
RUS1121,BORIS ROTENBERG JUNIOR,
RUS1122,ANDREI IGOREVICH AKIMOV,
RUS1125,ANDREY GRIGORYEVICH GURIEV,
RUS1127,VIACHESLAV KANTOR,
RUS1127,VIACHESLAV MOSHE KANTOR,
RUS1127,VIACHESLAV VLADIMIROVICH KANTOR,
RUS1127,VIATCHESLAV MOSHE KANTOR,
RUS1127,VIATCHESLAV VLADIMIROVICH KANTOR,
RUS1128,MARIA FAASSEN,
RUS1128,MARIA PUTINA,
RUS1128,MARIA VLADIMIROVNA PUTINA,
RUS1128,MARIYA VORONTSOVA,
RUS1129,YEKATERINA PUTINA,
RUS1129,YEKATERINA VLADIMIROVNA PUTINA,
RUS1129,EKATERINA VLADIMIROVNA SHAMALOVA,
RUS1129,KATERINA TIKHONOVA,
RUS1129,YEKATERINA TIKHONOVA,
RUS1130,YEKATERINA SERGEYEVNA LAVROVA,
RUS1130,EKATERINA SERGEYEVNA VINOKUROVA,
RUS1132,ALEXANDER EVGENIEVICH ANANCHENKO,
RUS1133,ALEKSEY ALEKSANDROVICH DIKIY,
RUS1135,ARTEM ALEKSANDROVICH KRAMARENKO,
RUS1138,EVGENIY EVGENIEVICH LAVRENOV,
RUS1139,ALEXANDER ALEXANDROVICH OPRISHHENKO,
RUS1140,NATALYA YURIEVNA NIKONOROVA,
RUS1141,MIKHAIL VASILYEVICH ZHELTYAKOV,
RUS1142,ALEXANDER YURIEVICH GROMAKOV,
RUS1144,ALEKSEY ALEKSANDROVICH KOSTRUBITSKY,
RUS1145,VLADIMIR MIKHAILOVICH RUSCHAK,
RUS1146,IGOR NIKOLAEVICH KHALEPA,
RUS1150,RUSLAN MIKHAILOVICH DUBOVSKY,
RUS1152,ALEXEY VLADIMIROVICH POLOVYAN,
RUS1153,YURY NIKOLAEVICH SIROVATKO,
RUS1155,YURI NIKOLAEVICH GOVTVIN,
RUS1158,ANATOLY ANDREEVICH ANTONOV,
RUS1159,IGOR ALEXANDROVICH KORNET,
RUS1161,NATALIA ALEXANDROVNA PASHCHENKO,
RUS1166,YURI ALEXANDROVICH PRONKO,
RUS1170,YURY ANATOLIEVICH DEGTYAREV,
RUS1172,YURI NIKOLAEVICH AFANASEVSKY,
RUS1173,OLGA ALEXANDROVNA MAKEYEVA,
RUS1175,YAROSLAV GENNADIYEVICH ANIKA,
RUS1176,YEVGENY DMITRIYEVICH GRITSENKO,
RUS1177,ANDREY SERGEYEVICH VOROSHILOV,
RUS1180,IRINA VASILYEVNA POPOVA,
RUS1183,SVETLANA ANATOLYEVNA KUMANOVA,
RUS1189,VLADIMIR ANATOLYEVICH MEDVEDEV,
RUS1191,VLADIMIR YEVGENYEVICH MOSHKIN,
RUS1195,VLADIMIR GENNADYEVICH PAKREYEV,
RUS1196,MAXIM ALEXEYEVICH PARSHIN,
RUS1198,VASILY ANATOLYEVICH PERTSEV,
RUS1200,NATALIA ALEXEYEVNA POLYANSKAYA,
RUS1202,NATALIA ANATOLYEVNA PSHENICHNAYA,
RUS1203,LYUBOMIR YEVGENYEVICH PUSHKIN,
RUS1206,ANASTASIA YURYEVNA SELIVANOVA,
RUS1207,ALEXANDER ANATOLYEVICH SERYOZHENKO,
RUS1208,ELENA NIKOLAYEVNA SHISHKINA,
RUS1209,ALEXANDER VLADIMIROVICH KOROTKY,
RUS1212,NATALIA IVANOVNA STRELCHUK,
RUS1213,PAVEL ALEXANDROVICH TCHAIKOVSY,
RUS1215,ROMAN SERGEYEVICH UDALOV,
RUS1217,NATALIA MARKOVNA VOLKOVA,
RUS1218,YURY MIKHAILOVICH ZAKABLUK,
RUS1219,MARINA NIKOLAYEVNA ZHEINOVA,
RUS1220,ALEXEY MIKHAILOVICH ZHIGULIN,
RUS1221,MIKHAIL VALERYEVICH ZHUKOV,
RUS1222,TATIANA VLADIMIROVNA ZHURAVLYOVA,
RUS1224,SERGEY NAVILYEVICH ABUKOV,
RUS1225,VLADIMIR NIKOLAYEVICH ANDRIYENKO,
RUS1226,ALEXANDER VASILYEVICH AVDEYEV,
RUS1228,ANDREY VASILYEVICH BAYEVSKY,
RUS1229,ALEXANDER SERGEYEVICH BANAKH,
RUS1230,RINAT ALIYEVICH BILYALOV,
RUS1235,NATALIA DMITRIYEVNA CHEKAREVA,
RUS1236,SERGEY ANATOLYEVICH CHUCHIN,
RUS1237,DMITRY MURTAZIYEVICH CHURADZE,
RUS1239,IRINA LEONTYEVNA DIANOVA,
RUS1240,ALEXEY SERGEYEVICH DOROFEYEV,
RUS1243,OLGA PETROVNA GRYAZNOVA,
RUS1244,NATALIA VLADIMIROVNA GUBAREVA,
RUS1245,YEVGENY ALEXEYEVICH ILYENKO,
RUS1246,VIKTOR DMITRIYEVICH ISHCHENKO,
RUS1248,ALEXANDER SERGEYEVICH KAMYSHOV,
RUS1249,MAXIM GENNADYEVICH KNYSH,
RUS1250,MAXIM VITALYEVICH KOROLYUK,
RUS1251,IRINA ANATOLYEVNA KOSTENKO,
RUS1252,GENNADY YEVGENYEVICH KOVALCHUK,
RUS1256,YULIA MIKHAILOVNA KRYUKOVA,
RUS1260,ROMAN NIKOLAYEVICH LEPA,
RUS1263,ALEXEY YURIEVICH BELETSKY,
RUS1264,GENNADY MIKHAILOVICH BUNEEV,
RUS1265,OLEG VYACHESLAVOVICH DADONOV,
RUS1266,BELLA SEIRANOVNA DEMESHKO,
RUS1267,SERGEY MIKHAILOVICH DIDENKO,
RUS1268,ELENA EVGENIEVNA FARAHOVA,
RUS1269,VALERY IOSIFOVICH GALINKIN,
RUS1270,SVETLANA FEDOROVNA GIZAY,
RUS1271,DMITRY YURIEVICH GOLDA,
RUS1272,MIKHAIL VASILIEVICH GOLUBOVICH,
RUS1273,ANDREY ANATOLIEVICH GUBAREV,
RUS1274,SVETLANA VADIMOVNA KHVOROSTYAN,
RUS1275,VITALY MIKHAILOVICH KISHKINOV,
RUS1276,OLGA ANATOLIEVNA KOBTSEVA,
RUS1278,ALEXANDRA SERGEEVNA KOVALENKO,
RUS1279,ALEXANDER VALERIEVICH KRIERENKO,
RUS1281,ANDREY VIKTOROVICH LISTOEV,
RUS1282,ROMAN GRIGORIEVICH LYSENKO,
RUS1286,ANNA MIKHAILOVNA MOSINA,
RUS1289,ALLA ARKADIEVNA PODTYNNAYA,
RUS1294,IVAN VLADIMIROVICH SANAEV,
RUS1297,SERGEY VIKTOROVICH SEROV,
RUS1298,KONSTANTIN EVGENIEVICH SKRYPNIK,
RUS1299,VYACHESLAV EVGENIEVICH SVETLOV,
RUS1300,ANDREY MIKHAILOVICH TAMBOVTSEV,
RUS1301,YURY NIKOLAEVICH TELIKANOV,
RUS1302,MAXIM ANATOLIEVICH UVAROV,
RUS1303,ALEXANDER VIKTOROVICH ERMOLENKO,
RUS1304,YURY PAVLOVICH YUROV,
RUS1306,DMITRY ALEXANDROVICH KHOROSHILOV,
RUS1307,ANDREY FYODOROVICH SOPELNIK,
RUS1308,OLEG VALERIEVICH KOVAL,
RUS1312,ELENA PETROVNA ERMAKOVA,
RUS1312,ELENA PETROVNA YERMAKOVA,
RUS1320,MUSA YUSUPOVICH BAZHAYEV,
RUS1321,GRIGORY VIKTOROVICH BEREZKIN,
RUS1322,SERGEY ACHOTOVICH MNDOIANTS,
RUS1327,ISMAILOVA GULBAKHOR,
RUS1330,SERGEI ALEKSANDROVICH FURSENKO,
RUS1331,VIKTOR VOLODYMYROVICH MEDVEDCHUK,
RUS1332,VLADIMIR PETROVICH YEVTSHENKOV,
RUS1333,PAVEL EZUBOV,
RUS1335,ANDREI REMOVICH BOKAREV,
RUS1337,ANDREI ALEKSANDROVICH FURSENKO,
RUS1347,ALEXEI PIMANOV,
RUS1347,ALEXEY VIKTOROVICH PIMANOV,
RUS1349,FSUE ALEXANDROV NITI,
RUS1351,AO TSNIIMASH,
RUS1351,FEDERAL STATE UNITARY ENTERPRISE CENTRAL RESEARCH INSTITUTE FOR MACHINE BUILDING,
RUS1351,JSC CENTRAL RESEARCH INSTITUTE OF MECHANICAL ENGINEERING,
RUS1352,AO RAKETNO-KOSMICHESKII TSENTR PROGRESS,
RUS1352,AO RRT PROGRESS,
RUS1354,AO RTI,
RUS1354,JSC RTI,
RUS1356,CONCERN KALASHNIKOV,
RUS1356,IZHEVSKIY MASHINOSTROITEL'NYI ZAVOD OAO,
RUS1356,IZHMASH R&D CENTER,
RUS1356,JSC NPO IZHMASH,
RUS1356,KALASHNIKOV CONCERN,
RUS1356,NPO IZHMASH OAO,
RUS1356,OJSC CONCERN KALASHNIKOV,
RUS1356,OJSC IZHMASH,
RUS1356,SCIENTIFIC PRODUCTION ASSOCIATION IZHMASH JOINT STOCK COMPANY,
RUS1357,LLC VOENNO-PROMYSHLENNAYA KOMPANIYA,
RUS1357,VPK,
RUS1358,STATE TRANSPORT LEASING COMPANY,
RUS1359,ANGELIKA KHAN,
RUS1360,OLEG VALENTINOVICH BELOZEROV,
RUS1380,ALEXANDER YAKOVLEVICH SHKOLNIK,
RUS1383,SOUTHFRONT: ANALYSIS AND INTELLIGENCE,
RUS1385,OLEG BORISOVICH DOBRODEYEV,
RUS1386,PAVEL NIKOLAEVICH GUSEV,
RUS1387,SERGEI MIKHAILOV,
RUS1390,MIKHAIL MIKHAILOVICH ZADORNOV,
RUS1392,DMITRII OLEGOVICH LEVIN,
RUS1392,DMITRY OLEGOVICH LEVIN,
RUS1393,TATIANA GENNADEVNA NESTERENKO,
RUS1393,TATIANA GENNADIEVNA NESTERENKO,
RUS1393,TATYANA GENNADIEVNA NESTERENKO,
RUS1393,TATYANA GENNADYEVNA NESTERENKO,
RUS1394,VIKTOR ANDREYEVICH NIKOLAEV,
RUS1397,NIKOLAI ALEKSANDROVICH PANKOV,
RUS1402,JOINT STOCK COMPANY SCIENTIFIC-RESEARCH INSTITUTE VEKTOR,
RUS1403,AO T-PLATFORMS,
RUS1403,JOINT STOCK COMPANY T-PLATFORMS,
RUS1403,JSC T-PLATFORMS,
RUS1404,MIKRON,
RUS1404,MIKRON JSC,
RUS1404,NII MOLEKULYARNOI ELEKTRONIKI I ZAVOD MIKRON PAO,
RUS1404,NIIME AND MIKRON,
RUS1404,OTKRYTOE AKTSIONERNOE OBSHCHESTVO NII MOLEKULYARNOY ELECKTRONIKI I ZAVOD MIKRON,
RUS1404,PJSC MIKRON,
RUS1404,PUBLICHNOE AKTSIONERNOE OBSCHESTVO MIKRON,
RUS1405,AKTSIONERNOE OBSHCHESTVO NAUCHNOISLEDOVATELSKIY INSTITUT MOLEKULYARNOY ELEKTRONIKI,
RUS1405,JOINT STOCK COMPANY NIIME,
RUS1405,MERI,
RUS1405,NAUCHNO ISSLEDOVATELSKI INSTITUT MOLEKULYARNOI ELEKTRONIKI AO,
RUS1405,"NIIME, AO",
RUS1406,TSARGRAD,
RUS1407,KATEHON,
RUS1407,KATEKHON,
RUS1408,DOUBLE HEADED EAGLE SOCIETY,
RUS1408,TSARGRAD SOCIETY,
RUS1420,VOLGA GROUP HOLDING LIMITED LIABILITY COMPANY,
RUS1422,KAMA AUTOMOBILE PLANT,
RUS1426,STC LLC,
RUS1427,RUSSIAN SECURITY SYSTEMS,
RUS1429,IUS,
RUS1429,IZHEVKSY UNMANNED SYSTEMS,
RUS1429,IZHMASH UNMANNED SYSTEMS,
RUS1429,NPO IZHBS,
RUS1429,NPO IZHMASH,
RUS1431,MIPT,
RUS1432,SOVMESTNOE PREDPRIYATIE INTEGRAL SPB AO,
RUS1432,SP INTEGRAL SPB AO,
RUS1433,FORSS MARINE,
RUS1433,FT LTD,
RUS1433,OOO FORSS TEKNOLOGII,
RUS1433,OOO SMART MARIN,
RUS1435,CENTRE FOR TECHNOLOGICAL COMPETENCIES IN RADIOPHTONICS CHEAZ JCS,
RUS1435,CHEBOKSARY ELECTRIC APPARATUS PLANT,
RUS1435,TSTK,
RUS1435,TSTK CHEAZ,
RUS1437,AO TSSD,
RUS1437,DSRC JSC,
RUS1437,OAO TSENTR SUDOREMONTA DALZAVOD,
RUS1439,ZVEZDA PAO,
RUS1440,MASHPRIBORINTORG WAVE,
RUS1440,MASHPRIBORINTORG-VOLNA,
RUS1440,MASHPRIBORINTORG-VOLNA LLC,
RUS1441,MCST LEBEDEV,
RUS1441,MOSCOW CENTRE OF SPARC TECHNOLOGIES JSC,
RUS1442,NIKIET JSC,
RUS1458,ANNA YAKOVLENA ZATSEPLINA,
RUS1462,ALINA MARATOVNA KABAYEVA,
RUS1464,YURY NIKOLAYEVICH SHAMALOV,
RUS1465,LYUDMILA ALEKSANDROVNA PUTINA,
RUS1467,PATRIARCH KIRILL,
RUS1468,ALEXEY IVANOVICH ISAIKIN,
RUS1469,VLADIMIR SALDO,
RUS1471,SERGEI CHEREVKO,
RUS1471,SERGEY CHEREVKO,
RUS1472,TATIANA KUZMICH,
RUS1472,TATYANA KUZMICH,
RUS1472,TETYANA KUZMICH,
RUS1476,ALEXANDER VIKTOROVICH VINCE,
RUS1484,RUSLAN SULIMOVICH BAISAROV,
RUS1492,JOINT STOCK COMMERCIAL BANK MOSCOW INDUSTRIAL BANK,
RUS1492,JSC MOSCOW INDUSTRIAL BANK,
RUS1492,MOSCOW INDUSTRIAL BANK PJSCB,
RUS1492,MOSKOVSKI INDUSTRIALNY BANK PUBLICHNOE AKTSIONERNOE OBSHCHESTVO,
RUS1492,MOSKOVSKIJ INDUSTRIALNYJ BANK PJSCB,
RUS1492,MOSKOVSKY INDUSTRIALNY BANK,
RUS1492,PUBLIC JOINT STOCK COMPANY MOSCOW INDUSTRIAL BANK,
RUS1497,UNITED WORLD INTERNATIONAL PROJECT (UWIDATA),
RUS1497,UNITED WORLD LLC,
RUS1498,DARI DASHJBH DUGINA,
RUS1498,DARIA PLATONOVA DUGINA,
RUS1501,AELITA MAMAKOWA,
RUS1539,KONSTANTIN ANATOLYEVICH CHUICHENKO,
RUS1544,SIMON AL WAKEEL,
RUS1544,SIMON AL WAQIL,
RUS1544,SIMON WAKEEL,
RUS1544,SIMON WAKIL,
RUS1544,SIMON WAQIL,
RUS1545,NABEL ABDALLAH,
RUS1545,NABEL ABDULLAH,
RUS1545,NABEL AL-ABDALLAH,
RUS1545,NABEL AL-ABDULLAH,
RUS1547,ABU SHAMMOUT,
RUS1547,HANI SHAMMOUT,
RUS1548,AKRAM MUHAMMAD AL-SALTI,
RUS1548,MUHAMAD AL-SALTI,
RUS1548,MUHAMMAD SALTI,
RUS1550,ISIS HUNTERS,
RUS1555,NIKOLAY BULAYEV,
RUS1558,VOLODYMYR ROGOV,
RUS1559,OLEKSIY SELIVANOV,
RUS1560,ANTON ROBERTOVICH TITSKY,
RUS1561,ANDREI YARIN,
RUS1562,OLEKSANDR YURIIYOVICH KOBETS,
RUS1571,YEVGENY ALEKSANDROVICH SOLNTSEV,
RUS1574,ANDREI YURIEVICH TROFIMOV,
RUS1574,ANDRIY YURIOVYCH TROFIMOV,
RUS1579,ANATOLIY ALEXANDROVICH BRAVERMAN,
RUS1582,DMITRI VLADIMIROVICH KHOTIMSKI,
RUS1583,SERGEI VLADIMIROVICH KHOTIMSKI,
RUS1584,MIKHAIL VASILYEVICH KLUKIN,
RUS1589,OLGA YUREVNA GOLODETS,
RUS1589,OLGA YURIEVNA GOLODETS,
RUS1591,ANATOLY POPOV,
RUS1605,ALEKSEI BELOUS,
RUS1606,ELENA ADOLIFOVNA BORISENKO,
RUS1606,YELENA ADOLFOVNA BORISENKO,
RUS1610,ALEKSEI ANATOLIEVICH MATVEEV,
RUS1611,ALEXANDER YURIEVICH MURANOV,
RUS1612,ALEKSEY VALERIEVICH POPOVICH,
RUS1616,ALEXANDER DMITRIEVICH KHARICHEV,
RUS1618,ALEXANDR IVANOVICH SOBOL,
RUS1622,YEVHEN VITALIIOVYCH BALITSKI,
RUS1622,YEVGEN VITALIIOVYCH BALITSKY,
RUS1622,YEVGENI VITALIIOVYCH BALITSKY,
RUS1622,YEVGENY VITALIIOVYCH BALITSKY,
RUS1622,YEVHEN VITALIIOVYCH BALITSKY,
RUS1622,YEVHEN VITALYOVICH BALITSKY,
RUS1626,DMITRI VLADIMIROVICH ZAUERS,
RUS1626,DMITRII VLADIMIROVICH ZAUERS,
RUS1628,ANATOLI ANATOLIEVICH GAVRILENKO,
RUS1628,ANATOLII ANATOLYEVICH GAVRILENKO,
RUS1630,ILIYA VLADIMIROVICH YELISEYEV,
RUS1634,VACHELAV TYURIN,
RUS1635,YURI GARUNOVICH GAZARYAN,
RUS1639,SVETLANA PETROVNA EMELYANOVA,
RUS1641,VALERY VALERYEVICH SIDORENKO,
RUS1644,DAVID NISANOV,
RUS1644,GOD SEMYONOVICH NISANOV,
RUS1648,KONSTANTIN VLADIMIROVICH IVASCHENKO,
RUS1650,SERGEY ELISEEV,
RUS1653,SAID AGA JANI,
RUS1653,SAEED ARA JANI,
RUS1653,SAID ARA JANI,
RUS1658,ALBERT KASHAFOVICH SHIGABOUTDINOV,
RUS1659,IGOR ANATOLIEVICH EGOROV,
RUS1667,DZALOLOV ORIFOVICH JALOLOV,
RUS1685,MIKHAIL MIKHAILOVICH MATVEYEVSKY,
RUS1688,ALEXANDER SEMENOVICH SANCHIK,
RUS1692,EVGENY NIKOLAYEVICH ZHURAVLEV,
RUS1701,ALEKSEY EVGENYEVICH REPIK,
RUS1702,SERGEY OLEGOVICH RUDNOV,
RUS1703,NIKOLAY DMITRIEVICH YEGOROV,
RUS1704,SVETLANA ALEKSANDROVNA KRIVONOGIKH,
RUS1706,EVGENIY MIKHAILOVICH SHKOLOV,
RUS1708,CLOSED JOINT-STOCK COMPANY SCIENTIFIC PRODUCTION ENTERPRISE TOPAZ,
RUS1712,"LLC TSST, ZALA AERO GROUP",
RUS1713,MOSKOMSVYAZ LLC,
RUS1732,BANK SANKT-PETERSBURG,
RUS1732,BANK ST. PETERSBURG,
RUS1733,BANK URALSIB,
RUS1736,JSC IZUMRUD,
RUS1738,JSC PLANT ELECON,
RUS1739,JOINT STOCK COMPANY 'SCIENTIFIC AND PRODUCTION ENTERPRISE 'ZVEZDA' NAMED AFTER ACADEMICIAN G.I. SEVERIN',
RUS1740,JSC REMBAZA,
RUS1752,VITALI ANATOLYEVICH MARKELOV,
RUS1754,VIKTOR ALEKSEYEVICH ZUBKOV,
RUS1755,ALEKSEY DYUMIN,
RUS1755,ALEXEY DYUMIN,
RUS1756,ALEXEI KOZAK,
RUS1757,LYUBOV MIKHAYLONA KUBAYEVA,
RUS1758,MATTIAS WARNIG,
RUS1767,IGOR KAMENSKOI,
RUS1768,SERGEY VLADIMIROVICH ALEKSANDROVSKII,
RUS1768,SERGEI VLADIMIROVICH ALEKSANDROVSKIY,
RUS1770,DMITRI PESKOV,
RUS1770,DMITRIY PESKOV,
RUS1771,ANDREI CHIKHANCHIN,
RUS1772,PAVEL MIKHAILOVICH OSIN,
RUS1773,GEORGY MATVEEV,
RUS1773,GEORGII MATVEYEV,
RUS1774,NATALIA SMIRNOVA,
RUS1777,MAXUT SHADAYEV,
RUS1790,ALEKSANDER NIKOLAYEVICH POPOV,
RUS1790,ALEXANDER NIKOLAYEVICH POPOV,
RUS1795,VLADIMIR VLADIMIROVICH ARTJAKOV,
RUS1796,SERGEI ANATOLYEVICH TSYB,
RUS1796,SERGEJ ANATOL'EVICH TSYB,
RUS1798,IGOR NIOLAYEVICH ZAVYALOV,
RUS1799,ALEKSANDER YURIEVICH NAZAROV,
RUS1800,DMITRIY YURIEVICH LELIKOV,
RUS1803,VIKTOR NIKOLAEVICH KIRYANOV,
RUS1805,MAXIM VLADIMIROVICH VYBORNYKH,
RUS1806,YURI NIKOLAEVICH KOPTEV,
RUS1810,VASILIY YUREVICH BROVKO,
RUS1810,VASLY YURYEVICH BROVKO,
RUS1811,OLEG NIKOLAYEVICH YEVTUSHENKO,
RUS1815,DIMITRIS IOANNIDES,
RUS1815,JOHN IOANNIDES,
RUS1815,JOHN DEMETRIOS IOANNIDES,
RUS1815,JOHN DEMETRIS IOANNIDES,
RUS1820,VARVARA SKOCH,
RUS1821,KHOLDINGOVAYA KOMPANIYA YUESEM,
RUS1823,FELIKS VLADIMIROVICH EVTUSHENKOV,
RUS1823,FELIKS VLADIMIROVICH YEVTUSHENKOV,
RUS1823,FELIX VLADIMIROVICH YEVTUSHENKOV,
RUS1824,NATALYA NIKOLAYEVNA EVTUSHENKOVA,
RUS1824,NATALIA NIKOLAYEVNA YEVTUSHENKOVA,
RUS1824,NATALYA NIKOLAYEVNA YEVTUSHENKOVA,
RUS1825,CHRISTODOYLOS GEORGIOU VASILEIADES,
RUS1830,DENIS VLADMIROVICH COLESNICOV,
RUS1830,DENIS VLADMIROVICH COLIESNICOV,
RUS1830,DENIS VLADMIROVICH KOLESNIKOV,
RUS1830,DENYS VLADMIROVICH KOLESNIKOV,
RUS1831,ANDREI ANDREEVICH ZADACHIN,
RUS1832,YELENA LENSKAYA,
RUS1837,RCC,
RUS1837,RMK,
RUS1838,PAO SEVERSTAL,
RUS1839,MAGNITOGORSK IRON & STEEL WORKS,
RUS1839,MAGNITOGORSKIY METALLURGICHESKIY KOMBINAT OAO,
RUS1839,PJSC MAGNITOGORSK METALLURGICAL PLANT,
RUS1839,PJSC MMK,
RUS1839,PUBLICHNOE AKTSIONERNOE OBSCHESTVO MAGNITOGORSKIY METALLURGICHESKIY KOMBINAT,
RUS1840,PAO TMK,
RUS1840,PIPE METALLURGICAL CO. OJSC,
RUS1841,OMK,
RUS1841,OMK CJSC,
RUS1841,UNITED METALLURGICAL COMPANY JSC,
RUS1843,CHELYABINSK METALLURGICAL PLANT PAO,
RUS1843,CHMK,
RUS1844,PUBLIC JOINT STOCK COMPANY POLYUS GOLD,
RUS1847,VOLGA-FLOT,
RUS1848,SOVFRAKHT,
RUS1850,M LIZING,
RUS1851,TRANSMORFLOT,
RUS1851,TRANSSEAPORT,
RUS1867,ALEXEI VLADIMIROVICH KOZLOV,
RUS1867,ALEXEY KOZLOV,
RUS1867,ALEXEY VLADIMIROVICH KOZLOV,
RUS1868,UMATEX,
RUS1868,UMATEX JSC,
RUS1869,LLC RENERA,
RUS1869,RENERA LIMITED LIABILITY COMPANY (LLC),
RUS1870,JOINT STOCK COMPANY STATE RESEARCH CENTER OF THE RUSSIAN FEDERATION TROITSK INSTITUTE FOR INNOVATION AND FUSION RESEARCH (JSC SRC RF TRINITI),
RUS1870,SRC RF TRINITI,
RUS1870,TRINITI JSC,
RUS1870,TROITSK INSTITUTE FOR INNOVATION AND FUSION RESEARCH,
RUS1871,GOSUDARSTVENNYY NII KONSTRUKTSIONNYKH MATERIALOV NA OSNOVE GRAFITA,
RUS1871,GRAFIT RESEARCH INSTITUTE,
RUS1871,NIIGRAFIT,
RUS1871,STATE RESEARCH INSTITUTE OF CONSTRUCTIONAL MATERIALS GRAPHITE (NIIGRAFIT),
RUS1871,STATE SCIENTIFIC RESEARCH INSTITUTE OF GRAPHITE (NII GRAFIT),
RUS1873,ATOMIC REACTOR RESEARCH INSTITUTE,
RUS1873,NIIAR,
RUS1873,RIAR,
RUS1874,JSC IPF,
RUS1875,TECHNICAL SCIENCE CENTRE YAFI. RESEARCH INSTITUTE,
RUS1875,YAFI JSC,
RUS1876,JSC BMZ,
RUS1889,BOCHVAR NATIONAL RESEARCH INSTITUTE FOR INORGANIC MATERIALS,
RUS1889,VNIIINM,
RUS1891,ROSATOMFLOT,
RUS1893,JSC MOTOVILIKHINSKIYE,
RUS1894,ANDREY REMOVICH BELOUSOV,
RUS1894,ANDREI REMOVICH BYELOUSOV,
RUS1908,JSC ONIIP,
RUS1912,NYKOLAI ALEKSANDROVYCH KOLESOV,
RUS1914,EO ZNPP,
RUS1915,JSC ITC,
RUS1917,SERGEY STEPASHIN,
RUS1918,ALEKSEY GENNADIYEVICH KOMISSAROV,
RUS1918,ALEXEI KOMISSAROV,
RUS1918,ALEXEY KOMISSAROV,
RUS1919,IRINA ANDREYEVNA OKLADNIKOVA,
RUS1924,PROMTEKHNOLOGIA,
RUS1931,VITALY GANCHEV,
RUS1935,VYACHESLAV WYATCHESLAWOWYTSCH DOUCHYN,
RUS1935,VYACHESLAV VYACHESLAVOVICH DOUHIN,
RUS1935,VYACHESLAV VYACHESLAVOVICH DOUKHYN,
RUS1935,VIATCHESLAV VIATCHESLAVOVICH DUCHIN,
RUS1935,WYATCHESLAW VIATCHESLAVOVYTCH DUHIN,
RUS1938,OLGA BORISOVNA LUBIMOVA,
RUS1939,TIMOFEY NIKOLAYEVICH SERGEYTSEV,
RUS1941,VITALIY ALEXANDROVICH BELITSKIY,
RUS1947,SMT-AILOGIK,
RUS1947,SMT-ILOGIK,
RUS1948,STAUT COMPANY LIMITED,
RUS1948,STAUT DESIGN CENTER,
RUS1951,AZU INTERNATIONAL BILGI TEKNOLOJILERI VE DIS TICARET LIMITED SIRKETI,
RUS1952,TURKIK UNION DIJITAL TEKNOLOJI DONUSUM OFISI ANONIM SIRKETI,
RUS1960,PARAVAR PARS AEROSPACE RESEARCH AND ENGINEERING SERVICES,
RUS1960,PARAVAR PARS AEROSPACE RESEARCH INSTITUTE,
RUS1960,PARAVAR PARS COMPANY,
RUS1961,IRGC JIHAD SELF SUFFICIENCY ORGANIZATION,
RUS1961,IRGC MISSILE RESEARCH CENTER,
RUS1961,IRGC RESEARCH AND SELF SUFFICIENCY JEHAD ORGANIZATION (RSSJO),
RUS1961,IRGC SELF-SUFFICIENCY ORGANIZATION,
RUS1961,IRGC'S ARMS AND MILITARY EQUIPMENT SELF-SUFFICIENCY PROGRAM,
RUS1961,IRGC'S RESEARCH AND SELF SUFFICIENCY ORGANIZATION,
RUS1961,IRGC'S SELF-SUFFICIENCY AND INDUSTRIAL RESEARCH CENTER,
RUS1961,IRGC'S SELF-SUFFICIENCY AND INDUSTRIAL RESEARCH CENTRE,
RUS1961,ISLAMIC REVOLUTIONARY GUARD CORPS – RESEARCH AND SELF-SUFFICIENCY JIHAD ORGANIZATION,
RUS1961,ISLAMIC REVOLUTIONARY GUARD CORPS SELF-SUFFICIENCY JEHAD ORGANIZATION,
RUS1961,JIHAD SELF-SUFFICIENCY ORGANIZATION OF ISLAMIC REVOLUTION IRANIAN REVOLUTIONARY GUARDS SELF SUFFICIENCY JIHAD ORGANISATION (SSJO IRGC SSJO),
RUS1961,SELF SUFFICIENCY JIHAD ORGANIZATION,
RUS1962,IRGC AEROSPACE FORCE SELF SUFFICIENCY JIHAD ORGANIZATION (ASF SSJO),
RUS1962,IRGC AEROSPACE FORCE'S SELF SUFFICIENCY UNIT,
RUS1962,ISLAMIC REVOLUTIONARY GUARD CORPS AEROSPACE FORCE RESEARCH AND SELF SUFFICIENCY JEHAD ORGANIZATION,
RUS1962,ISLAMIC REVOLUTIONARY GUARD CORPS AEROSPACE FORCE SELF SUFFICIENCY JIHAD ORGANIZATION,
RUS1962,ISLAMIC REVOLUTIONARY GUARD CORPS AEROSPACE FORCE SELF-SUFFICIENCY JEHAD ORGANIZATION,
RUS1962,SELF-SUFFICIENCY JIHAD DEPARTMENT OF THE IRGC AEROSPACE FORCE,
RUS1967,VLADIMIR VLADIMIROVICH EZHIKOV,
RUS1970,VICTOR ANDREEVICH EMELIANENKO,
RUS1970,VIKTOR ANDRIYOVYCH YEMELYANENKO,
RUS1971,ANDREI ANATOLIEVICH ALEKSEENKO,
RUS1971,ANDREY ALEXEYENKO,
RUS1976,OLEG GEORGIEVICH SHAPOVALOV,
RUS1977,EVGENIY VASILIEVICH ISTOMIN,
RUS1979,MARIA VLADIMIROVNA CHEKADANOVA,
RUS1984,ALEXANDER SERGEEVICH KOTOV,
RUS1987,MAXIM ERMAKOV,
RUS1987,MAKSIM YERMAKOV,
RUS1988,SERGEY VLADILENOVICH SHCHERBAKOV,
RUS1989,ALEXANDER ALEXANDROVICH VYALOV,
RUS1990,LLC TC FLY BRIDGE,
RUS1992,YURI CHIKHANCHIN,
RUS1993,SERGEY TREGUB,
RUS1993,SERGEY VADIMOVICH TREGUB,
RUS1994,VADIM OLEKSANDROVICH TREGUB,
RUS1996,JOHN HOWIE,
RUS1997,OTKRYTOE AKTSIONERNOE OBSHCHESTVO URALSKAYA GORNO METALLURGICHESKAYA KOMPANIYA,
RUS2003,GEORGII VALERYEVICH SMIRNOV,
RUS2004,HIGHLAND GOLD,
RUS2006,RSPP,
RUS2006,RUIE,
RUS2006,RUSSIAN ASSOCIATION OF EMPLOYERS THE RUSSIAN UNION OF INDUSTRIALISTS AND ENTREPRENEURS,
RUS2007,KRASTSVETMET OAO,
RUS2008,VLADISLAV SVIBLOV,
RUS2009,OPEN JOINT STOCK COMPANY AERO-ENGINE SCIENTIFIC AND TECHNICAL COMPLEX SOYUZ,
RUS2014,OIL TANKERS SCF MGMT FZCO,
RUS2035,AVIOSTAR,
RUS2038,"SINNO ELECTRONIC CO., LTD",
RUS2039,SMART TRADING TASIMACILIK SANAYI VE TICARET LIMITED SIRKETI,
RUS2039,SMART TRADING TRANSPORTATION INDUSTRY AND TRADE LIMITED COMPANY,
RUS2040,MVISION,
RUS2041,CHARTER GRIN LAIT MOSCOW,
RUS2042,TASK FORCE RUSICH,
RUS2043,YAN PETROVSKY,
RUS2044,JSC RTKT,
RUS2044,ZAO RADIOTEKHKOMPLEKT,
RUS2051,ALEKSANDR VYACHESLAVOVICH ZAKHAROV,
RUS2053,MARIA ALEKSANDROVNA OSETROVA,
RUS2054,LAVRENTII ALEKSANDROVICH ZAKHAROV,
RUS2055,SERGEY SERGEEVICH TREGUB,
RUS2062,MACHINE-TOOL PLANT SASTA,
RUS2066,YULIA GURYEVA,
RUS2066,YULIA GURYEVA-MOTLOKHOVA,
RUS2067,STAN COMPANY,
RUS2068,JSC ARKHANGELSKGEOLDOBYCHA,
RUS2069,JSC DIAMOND WORLD,
RUS2078,PARAMOUNT ENERGY SA,
RUS2079,BALTIYSKAYA PROMISHLENNAYA KOMPANIYA,
RUS2081,FEDERAL STATE ENTERPRISE 'PLANT NAMED AFTER Y.M. SVERDLOV',
RUS2082,VLADIMIR VLADIMIROVICH MIKHEICHIK,
RUS2084,BEKS GEMI ISLETMECILIGI VE TICARET ANONIM SIRKETI,
RUS2087,ASIA SHIPPING COMPANY,
RUS2087,SUDOKHODNAIA KOMPANIIA AZIA,
RUS2088,ASIA SHIPPING HOLDINGS LTD,
RUS2092,OOO ARKTIK SPG 2,
RUS2094,SMZ JSC,
RUS2098,JSC KOMPEL,
RUS2103,KAMENSK-URAL METALLURGICAL PLANT,
RUS2103,KUMZ,
RUS2106,NIZHNY NOVGOROD JOINT STOCK COMPANY HYDROMASH NAMED AFTER V.I. LUZYANIN,
RUS2107,INCOTEKH,
RUS2108,"BEIJING MAIKE PUTE AVIATION ELECTRONIC CO., LTD",
RUS2109,LIMITED LIABILITY COMPANY REDUT SECURITY,
RUS2109,LIMITED LIABILITY COMPANY REDUT-BEZOPASNOST   PMC REDUT,
RUS2111,"SHENZHEN JUHANG INTERNATIONAL WULIU CO., LTD.",
RUS2113,VOSTOCHNAYA STEVEDORING COMPANY,
RUS2114,MICEX-RTS PJSC,
RUS2114,MOEX,
RUS2115,NATIONAL CLEARING CENTRE,
RUS2115,NCC,
RUS2116,KO JSC NRD,
RUS2116,MICEX SETTLEMENT HOUSE,
RUS2116,NATIONAL SETTLEMENT DEPOSITORY,
RUS2116,NSD,
RUS2120,INNOHUB LLC,
RUS2122,AVET VLADIMIROVICH MIRAKIAN,
RUS2123,JSC EASTERN EXCHANGE,
RUS2123,JSC SPB BIRZHA,
RUS2123,PUBLIC JOINT STOCK COMPANY SAINT PETERSBURG EXCHANGE,
RUS2124,YURII OLEGOVICH DENISOV,
RUS2124,YURIY DENISOV,
RUS2124,YURY DENISOV,
RUS2125,DENYS VLADIMIROVICH FROLOV,
RUS2126,IBRAHIM SALMANOVICH ZAKRIEV,
RUS2127,CENTRAL RESEARCH AND DEVELOPMENT AUTOMOBILE AND ENGINE INSTITUTE,
RUS2127,CENTRAL SCIENTIFIC RESEARCH AUTOMOBILE AND AUTOMOTIVE ENGINE INSTITUTE NAMI,
RUS2127,FSUE NAMI,
RUS2128,ARMEN SARGSYAN,
RUS2128,ARMEN SARKISJAN,
RUS2128,ARMEN SARKISSIAN,
RUS2131,BINA GRUPP,
RUS2131,LTD BINA GROUP,
RUS2132,OOO SMART LNG,
RUS2132,OOO SMART SPG,
RUS2133,NOVATEK-MURMANSK LLC,
RUS2134,LLC SONATEC,
RUS2135,HENGSHUI YUANCHEM NITROCELLULOSE,
RUS2138,LIMITED LIABILITY COMPANY RUSHIMALIANS,
RUS2138,RUSCHEMALLIANCE LLC,
RUS2138,RUSKHIMALLIANCE,
RUS2139,FSE TGP,
RUS2139,FEDERAL STATE ENTERPRISE TAMBOV GUNPOWDER PLANT,
RUS2139,TAMBOV POWDER PLANT,
RUS2140,JSC MACHINE- BUILDING PLANT ARSENAL,
RUS2140,MZ ARSENAL OAO,
RUS2140,OTKRYTOE AKTSIONERNOE OBSCHESTVO MASHINOSTROITELNYI ZAVOD ARSENAL,
RUS2141,FEDERAL STATE ENTERPRISE KAMENSKY PLANT,
RUS2141,FEDERALNOE KAZENNOE PREDPRIYATIE KOMBINAT KAMENSKI,
RUS2141,KOMBINAT KAMENSKI FKP,
RUS2141,KOMBINAT KAMENSKII,
RUS2144,CANTEEN OF THE FKP 'KAZAN STATE GOVERNMENT POWDER PLANT',
RUS2144,FEDERAL STATE ENTERPRISE KAZAN STATE GUNPOWDER PLANT,
RUS2144,FEDERAL STATE ENTERPRISE KAZAN STATE STATE POWDER PLANT CENTRE FOR REHABILITATION OF WORKERS OF THE FKP KGKPZ,
RUS2144,FKP KGKPZ,
RUS2144,FSE KGKPZ,
RUS2144,KAZAN GUNPOWDER FACTORY,
RUS2144,KAZAN POWDER PLANT,
RUS2144,KAZANSKIY GOSUDARSTVENNIY KAZYONNIY POROKHOVOY ZAVOD FKP,
RUS2144,KGKPZ,
RUS2149,ECO SHIPPING LLC RUS,
RUS2149,LLC ECO SHIPPING,
RUS2153,JOINT STOCK PARTNERSHIP VNIIP-PROGRESS,
RUS2153,JOINT-STOCK COMPANY VNIIR-PROGRESS,
RUS2153,JSC VNIIR-PROGRESS,
RUS2154,AO NAUCHNO-PROIZVODSTVENNOE OBEDINENIE MOSKOVSKI RADIOTEKHNICHESKI ZAVOD,
RUS2154,AO NPO MRTZ,
RUS2154,JSC 'SCIENTIFIC AND PRODUCTION ASSOCIATION 'MOSCOW RADIO ENGINEERING PLANT',
RUS2154,JSC NPO MRTZ,
RUS2155,LLC VOLGA-DNEPR AIRLINES,
RUS2157,MARC BLATT,
RUS2157,MARK BLATT,
RUS2157,MARKS BLATTS,
RUS2241,LIMITED LIABILITY COMPANY 'ZENITH FINANCE',
RUS2241,LIMITED LIABILITY COMPANY ZENIT FINANS,
RUS2241,TOVARYSTVO Z OBMEZHENOIU VIDPOVIDALNISTIU 'ZENIT FINANS',
RUS2247,AO RGD,
RUS2248,SKYPARTS INC OU,
RUS2248,VIRMAVIA,
RUS2250,AO DESIGN BUREAU OF NAVIGATION SYSTEMS,
RUS2250,AO KB NAVIS,
RUS2250,AO KONSTRUKTORSKOE BYURO NAVIGATSIONNYKH SISTEM,
RUS2250,DB NAVIS,
RUS2251,ELESAR GROUP,
RUS2257,"RED RABBIT TSK VEKTOR INDUSTRIAL (SHENZHEN) CO., LTD",
RUS2257,"REDLEPUS TSK VECTOR INDUSTRIAL (SHENZHEN) CO., LTD",
RUS2261,LLC SPINNER,
RUS2262,LLC TSK VEKTOR,
RUS2262,OBSHCHESTVO S OGRANICHENNOI OTVETSTVENNOSTYU TSK VEKTOR,
RUS2264,LIMITED LIABILITY COMPANY TECHNOLOGY OF DEVELOPMENT OF OPEN SYSTEMS,
RUS2264,LLC 'T.R.O.S.',
RUS2264,LLC TECHNOLOGY FOR THE DEVELOPMENT OF OPEN SYSTEMS,
RUS2264,LLC TROS,
RUS2264,OOO 'T.P.O.C.',
RUS2264,OOO T.R.O.S,
RUS2264,T.R.O.S,
RUS2264,TECHNOLOGY OF OPEN SYSTEMS DEVELOPMENT,
RUS2264,TEKHNOLOGIYA RAZVITIYA OTKRYTYKH SISTEM,
RUS2269,DALCOS,
RUS2269,DALKOS,
RUS2270,STANEX GROUP,
RUS2270,STANEX GROUP HOLDING,
RUS2270,STANEX GROUP LLP,
RUS2271,KAZSTANEX LLP,
RUS2271,TOO KAZSTANEX,
RUS2275,RATIBOR,
RUS2276,PMC ESPANIOLA,
RUS2277,THE PITBULL,
RUS2278,SPANIARD,
RUS2279,ELVIS,
RUS2279,THE WOLF,
RUS2280,BEAR,
RUS2280,BEARS,
RUS2280,BEARS 81ST BRIGADE,
RUS2280,MEDVEDI,
RUS2280,THE 81ST VOLUNTEER SPETSNAZ BRIGADE,
RUS2282,KONSTANTIN YURIEVICH MIRZAYANTS,
RUS2288,BY INNOVATION TECHNOLOGY INDUSTRY AND TRADE CO. LTD,
RUS2289,ANDREI NAUMOVICH PERLA,
RUS2291,NIKOLAY ALEKSANDROVICH TUPIKIN,
RUS2292,AGENTSTVO SOTSIALNOGO PROEKTIROVANIYA,
RUS2292,SDA,
RUS2293,COMPANY GROUP STRUKTURA LLC,
RUS2293,GK STRUKTURA,
RUS2293,GRUPPA KOMPANII STRUKTURA,
RUS2293,STRUCTURA,
RUS2293,STRUCTURA NATIONAL TECHNOLOGY,
RUS2293,STRUKTURA NATIONAL TECHNOLOGIES,
RUS2294,AUTONOMOUS NON-PROFIT ORGANIZATION FOR THE DEVELOPMENT OF DIGITAL PROJECTS IN THE FIELD OF PUBLIC RELATIONS AND COMMUNICATIONS DIALOGUE,
RUS2295,JAMES SIK BAN,
RUS2297,JSC UPT,
RUS2297,MANAGEMENT OF PROSPECTIVE TECHNOLOGIES,
RUS2302,RABADAZIA LLP,
RUS2302,RABADAZIJA LLP,
RUS2304,LLP 'TAUKZ',
RUS2304,TAUKZ LLP,
RUS2304,TAWKZ LLP,
RUS2304,TOO TAUKZ,
RUS2305,'ZAPCHAST TRADE' LLP,
RUS2305,'ZAPCHASTRAYD' LLP,
RUS2305,LLC 'ZAPCHASTTRADE',
RUS2306,LLC CPS ENERGY,
RUS2306,SPEED ENERGY LLP,
RUS2307,ALL RUSSIAN CHILDREN AND YOUTH MILITARY PATRIOTIC PUBLIC MOVEMENT YOUTH ARMY,
RUS2307,UNARMIA,
RUS2307,YUNARMIA,
RUS2307,YUNARMIYA,
RUS2314,ALYONA ALEXANDROVNA SHAPUROVA,
RUS2314,ELENA ALEKSANDROVNA SHAPUROVA,
RUS2317,VALENTINA VASILYEVNA LAVRYK,
RUS2342,SEAGRACE / PACIFIC ALLIANCE,
RUS2380,2RIVERS,
RUS2380,CORAL ENERGY GROUP,
RUS2380,CORAL ENERGY PTE LTD,
RUS2381,2RIVERS,
RUS2381,CORAL ENERGY DMCC,
RUS2381,CORAL ENERGY GROUP,
RUS2382,PJSC SURGUTNEFTEGAZ,
RUS2383,GAZPROM NEFT PAO,
RUS2383,PUBLIC JOINT STOCK COMPANY GAZPROM NEFT,
RUS2385,AKTSIONERNOE OBSHCHESTVO ZAVOD KIROV-ENERGOMASH,
RUS2386,RUSATOM ADDITIVE TECHNOLOGIES,
RUS2387,ARTEM YURIEVICH CHAIKA,
RUS2387,ARTYOM YURIEVICH CHAIKA,
RUS2387,ARTYOM YURYEVICH CHAIKA,
RUS2389,PAVEL MIKHAYLOVICH FRADKOV,
RUS2392,"NINGBO BENIN MACHINE TOOL CO., LTD",
RUS2393,"NINGBO OUTENG MACHINERY CO., LTD",
RUS2394,MCR GLOBAL ELEKTRONIK SANAYI VE TIC. LIMITED SIRKETI,
RUS2394,MCR GLOBAL ELEKTRONIK SANAYI VE TICARET LTD. STI.,
RUS2395,MONOLINK GROUP - FZCO,
RUS2395,MONOLINK GROUP-FZCO,
RUS2395,MONOLINK TRADING DMCC,
RUS2395,AXIOM INTERNATIONAL,
RUS2395,EKN TRADING FZCO,
RUS2395,SWIP TRADING FZCO,
RUS2396,SUZHOU BAISHENG POWER,
RUS2396,"SUZHOU BAISHENG POWER MACHINERY CO., LTD.",
RUS2396,"SUZHOU YUM POWER MACHINERY CO., LTD.",
RUS2398,DENIS GENNADIEVICH POPOV,
RUS2398,DENIS GENNADJEWITSCH POPOV,
RUS2398,DENIS GENNADYEVICH POPOV,
RUS2398,DENYS HENNADIIOVYCH POPOV,
RUS2402,FSUE GTSSS,
RUS2402,SPETSSVYAZ,
RUS2403,GAICHENYA,
RUS2407,LLC CRAFTTECH,
RUS2408,NIKOLAY MIKHAYLOVICH BUYNOV,
RUS2412,VLADISLAV FELIKSOVICH FILYOV,
RUS2416,AKTSIONERNE TOVARYSTVO 'NAUKOVO-VYROBNYCHE PIDPRYIEMSTVO 'SALIUT',
RUS2416,AKTSIONERNOE OBSHCHESTVO NAUCHNO-PROIZVODSTVENNOE PREDPRIYATIE SALYUT,
RUS2416,AO NPP SALYUT,
RUS2416,JOINT-STOCK COMPANY 'SCIENTIFIC AND PRODUCTION ENTERPRISE 'SALYUT',
RUS2416,JSC NPP SALYUT,
RUS2416,NPP SALUT,
RUS2416,OPEN JOINT-STOCK COMPANY 'SCIENTIFIC AND PRODUCTION ENTERPRISE 'SALYUT',
RUS2416,SCIENTIFIC-PRODUCTION ENTERPRISE SALYUT JSC,
RUS2418,"MC SIBANTHRACITE GROUP, LLC",
RUS2418,SIBANTHRACITE GROUP,
RUS2420,AO STROISERVIS,
RUS2420,AO STROYSERVICE,
RUS2420,JOINT STOCK COMPANY STROISERVIS,
RUS2420,JOINT STOCK COMPANY STROYSERVICE,
RUS2420,JOINT STOCK COMPANY STROYSERVIS,
RUS2420,JSC STROYSERVIS,
RUS2420,LLC STROYSERVIS,
RUS2420,OJSC STROYSERVIS,
RUS2424,NEWAY CNC,
RUS2425,"SHVABE OPTO-ELECTRONICS MEIZHOU CO., LTD",
RUS2425,"SHVABE OPTO-ELECTRONICS SHENZHEN CO., LTD",
RUS2425,"UOMZ MEIZHOU CO., LTD",
RUS2426,S7 AIRLINES,
RUS2426,S7 TRAVEL RETAIL LIMITED LIABILITY COMPANY,
RUS2432,NATALIA ALEKSANDROVNA TYURINA,
RUS2433,ALEKSANDR VASILYEVICH OREKHOV,
RUS2434,FEDERAL STATE BUDGETARY INSTITUTION OF SCIENCE THE INSTITUTE THEORETICAL AND APPLIED MECHANICS NAMED AFTER S.A. KHRISTIANOVICH OF THE SIBERIAN BRANCH OF THE RUSSIAN ACADEMY OF SCIENCES,
RUS2434,FEDERAL STATE BUDGETARY SCIENTIFIC INSTITUTION S.A. KHRISTIANOVICH INSTITUTE OF THEORETICAL AND APPLIED MECHANICS OF THE SIBERIAN BRANCH OF THE RUSSIAN ACADEMY OF SCIENCES,
RUS2434,FEDERALNOE GOSUDARSTVENNOE BIUDZHETNOE UCHREZHDENIE NAUKI INSTITUT TEORETICHESKOI I PRIKLADNOI MEKHANIKI IM SA KHRISTIANOVICHA SIBIRSKOGO OTDELENIIA ROSSIISKOI AKADEMII NAUK,
RUS2434,FILIAL FEDERALNOGO GOSUDARSTVENNOGO BYUDZHETNOGO UCHREZHDENIYA NAUKI INSTITUTA TEORETICHESKOI I PRIKLADNOI MEKHANIKI IM. S.A. KHRISTIANOVICHA SIBIRSKOGO OTDELENIYA ROSSIISKOI AKADEMII NAUK OPYTNYI,
RUS2434,ITAM SB RAS,
RUS2434,ITPM SO RAN,
RUS2434,TYUMENSKII FILIAL FEDERALNOGO GOSUDARSTVENNOGO BYUDZHETNOGO UCHREZHDENIYA NAUKI INSTITUTA TEORETICHESKOI I PRIKLADNOI MEKHANIKI IM. S.A. KHRISTIANOVICHA SIBIRSKOGO OTDELENIYA ROSSIISKOI AKADEMII NAUK,
RUS2435,ANDREI SERGEEVICH OLKHOVSKY,
RUS2436,FEDERAL STATE ENTERPRISE 'STATE RESEARCH INSTITUTE OF CHEMICAL PRODUCTS',
RUS2436,FEDERAL STATE INSTITUTION STATE RESEARCH INSTITUTE OF CHEMICAL PRODUCTS,
RUS2436,FEDERALNE KAZENNE PIDPRYIEMSTVO 'DERZHAVNYI NAUKOVO-DOSLIDNYI INSTYTUT KHIMICHNYKH PRODUKTIV',
RUS2436,FKP GOSNIIKHP,
RUS2436,GOSNIIKHP,
RUS2436,GOSUDARSTVENNYI NAUCHNO,
RUS2436,GOSUDARSTVENNYI NAUCHNO-ISSLEDOVATELSKII INSTITUT KHIMICHESKIKH PRODUKTOV,
RUS2436,ISSLEDOVATELSKII INSTITUT KHIMICHESKIKH PRODUKTOV,
RUS2437,ANDREY NIKOLAEVICH PAVLOVICH,
RUS2439,INTERVESP-M,
RUS2440,COMPANY INTERVESP,
RUS2440,LIMITED LIABILITY COMPANY 'COMPANY INTERVESP',
RUS2440,LIMITED LIABILITY COMPANY INTERVESP COMPANY,
RUS2440,OBSHCHESTVO S OGRANICHENNOI OTVETSTVENNOSTYU KOMPANIYA INTERVESP,
RUS2441,E. K.-COMPANY GMBH & CO. KG,
RUS2441,EK COMPANY AG,
RUS2441,EKC AG,
RUS2441,EKCOMPANY AG,
RUS2441,EK-COMPANY AG,
RUS2441,EK-COMPANY AKTIENGESELLSCHAFT,
RUS2441,EK-COMPANY GMBH & CO. KG,
RUS2441,EUROPAKONTAKT E. K.,
RUS2441,EUROPAKONTAKT GMBH & CO. KG,
RUS2444,OOO GRANT TREID,
RUS2446,SAMUEL STANISLAV NOVAKOV,
RUS2450,TATIANA VALENTINOVNA KHOMENKO,
RUS2451,LEE CHANG HO,
RUS2451,LEE CHANG-HO,
RUS2451,LI CHANG HO,
RUS2451,LI CHANG-HO,
RUS2451,RI CHANG-HO,
RUS2452,KIM YONG-BOK,
RUS2452,KIM YOUNG BOK,
RUS2452,KIM YOUNG-BOK,
RUS2453,SHIN GEUM CHEOL,
RUS2453,SHIN GEUM-CHEOL,
RUS2453,SHIN KUM CHOL,
RUS2453,SHIN KUM-CHOL,
RUS2453,SIN KUM-CHOL,
RUS2455,NO KWANG-CHOL,
RUS2457,ALEX USHKO,
RUS2457,ALEXANDER USHKO,
RUS2459,RI SONG-JIN,
RUS2466,"ACE ELECTRONIC (HK) CO., LTD",
RUS2470,LIMITED LIABILITY COMPANY IMPEX-DON,
RUS2470,OOO 'IMPEKS-DON',
RUS2479,OAO KEREMET BANK,
RUS2479,OJCS KEREMET BANK,
RUS2479,OJSC ROSINBANK,
RUS2479,OPEN JOINT STOCK COMPANY KEREMET BANK,
RUS2479,OTKRYTOE AKTSIONERNOE OBSCHESTVO KEREMET BANK,
RUS2493,POLY TECHNOLOGIES INCORPORATED,
RUS2493,POLYTECH,
RUS2493,PTI,
RUS2529,AHMED KARIMOV,
RUS2534,RO MARINE,
RUS2539,AKIN KOCAK,Good quality a.k.a
RUS2543,TAKHIR HARAYEV,
RUS2617,SHANGHAI NEW CHESS INT L LOGISTICS,
RUS2617,"SHANGHAI NEW CHESS INTERNATIONAL LOGISTICS CO., LTD",
RUS2617,SHANGHAI NEW CHESS INTL LOGISTICS,
RUS2617,"SHANGHAI NEW GEAR INTERNATIONAL LOGISTICS CO., LTD",
RUS2617,"SHANGHAI NEWGEIS INTERNATIONAL LOGISTICS CO., LTD",
RUS2618,"SHANGHAI NEW QISHI INTERNATIONAL LOGISTICS CO., LTD.",
RUS2618,"SHANGHAI NEWLAND INTERNATIONAL LOGISTICS CO., LTD",
RUS2618,"SHANGHAI NIUQISHI INTERNATIONAL LOGISTICS CO., LTD.",
RUS2620,LLC SYSTEM-L,
RUS2621,LLC 'NPP NIFRIT',
RUS2622,ATOMA LIMITED,
RUS2622,LIMITED LIABILITY COMPANY ATOMA,
RUS2622,OOO ATOMA,
RUS2623,LIMITED LIABILITY COMPANY CONSUL GROUP,
RUS2623,LLC GROUP CONSUL,
RUS2623,LLC TD GROUP CONSUL,
RUS2623,OOO CONSUL GROUP,
RUS2623,TH CONSUL GROUP LTD,
RUS2624,ESE,
RUS2638,EIGER SHIPPING,
RUS2638,EIGER SHIPPING SA,
RUS2640,LLC PIONEER TRADE,
RUS2643,JSC 'RRN AGENCY',
RUS2644,JSC 'VRK',
RUS2645,JSC 'DK REGION',
RUS2647,JSC 'INDUSTRY-REESTR',
RUS2649,JSC 'MRC',
RUS2650,JSC 'NKK',
RUS2651,JSC 'NSFK',
RUS2652,JSC 'NRK R.O.S.T',
RUS2653,JSC 'NSD',
RUS2654,JSC 'NEW REGISTRAR',
RUS2655,JSC 'PRC',
RUS2656,JSC 'RDC PARITET',
RUS2657,JSC 'REGISTRAR INTRACO',
RUS2658,AKTSIONERNOE OBSHCHESTVO VOLGOMASHZAVOD,
RUS2658,AO VMZ,
RUS2658,JSC 'RED OCTOBER CORPORATION',
RUS2658,JSC VMZ,
RUS2658,JSC VMZ RED OCTOBER,
RUS2658,KRASNY OKTYABR,
RUS2658,OPEN JOINT STOCK COMPANY VOLOGRAD METALLURGICAL PLANT KRASNY OKTYABR,
RUS2660,JSC 'KRC',
RUS2661,JSC 'REGISTRAR CAPITAL',
RUS2662,AO STATUS,
RUS2663,JSC RK 'CENTER-INVEST',
RUS2664,JSC 'REGISTER',
RUS2665,JSC SSR 'YAFC',
RUS2666,JSC 'RT-REGISTRAR',
RUS2667,JSC 'SERVICE REGISTER',
RUS2668,JSC 'SPECIALIZED DEPOSITORY INFINITUM',
RUS2669,JSC 'SRK',
RUS2670,JSC 'DRAGA',
RUS2675,JSC 'PRSD',
RUS2676,LLC 'DKT',
RUS2677,OOO 'EAR',
RUS2678,LLC 'KRK',
RUS2679,LLC 'MOSCOW STOCK CENTER',
RUS2682,LLC 'RBRU SD',
RUS2683,OOO 'RRK',
RUS2684,LLC 'REGISTRAR GARANT',
RUS2686,LLC 'RSD',
RUS2687,LLC 'SDK' 'GARANT',
RUS2688,LLC 'SD 'DEPO-PLAZA',
RUS2689,LLC 'CUR',
RUS2690,OOO 'YURR',
RUS2691,OOO SD PARTNER,
RUS2692,LLC SR 'RECOM',
RUS2708,AKTSIONERNE TOVARYSTVO METAFRAKS KEMIKALS,
RUS2708,JSC 'METAFRAX CHEMICALS',
RUS2708,JSC 'METAFRAX',
RUS2708,METAFRAX CHEMICALS JSC,
RUS2708,PJSC 'METAFRAX CHEMICALS',
RUS2708,PJSC METAFRAX CHEMICALS,
RUS2711,KLEVITSKII,
RUS2722,JSC SPCE,
RUS2722,JOINT-STOCK COMPANY 'ST. PETERSBURG CURRENCY EXCHANGE',
RUS2722,JSC SPCEC,
RUS2722,SPVB,
RUS2723,JSC PRC,
RUS2723,NCO JSC PRC,
RUS2723,PETERSBURG SETTLEMENT CENTER,
RUS2723,PETERSBURG SETTLEMENT CENTER LIMITED PSC LTD,
RUS2724,ASV,
RUS2727,ALEXANDER VLADIMIROVICH KOLYESNIKOV,
RUS2741,OLEG TKACH,
RUS2741,OLEG TKACZ,
RUS2741,OLEH TKACZ,
RUS2742,VLADIMIR PRISTOUPA,
RUS2742,VLADIMIR GRIGOREVICH PRISTOUPA,
RUS2742,VLADIMIR PRISTUPA,
RUS2743,FEDERAL STATE INSTITUTION MILITARY UNIT 40056,
RUS2743,GUGI,
RUS2744,YURII KARASIOV,
RUS2745,EGOR YUREVICH KARASEV,
RUS2746,LIMITED LIABILITY COMPANY COMMERCIAL BANK METALLURG,
RUS2746,LIMITED LIABILITY COMPANY SETTLEMENT NON-BANK CREDIT ORGANIZATION METALLURG,
RUS2746,LLC NBCO 'METALLURG',
RUS2746,METALLURG NBCO LLC,
RUS2746,METALLURG NPCO LLC,
RUS2746,"METALLURG, SETTLEMENT NON-BANK CREDIT ORGANIZATION LIMITED LIABILITY COMPANY",
RUS2746,OOO RNKO METALLURG,
RUS2746,RNKO METALLURG,
RUS2746,RNKO METALLURG LLC,
RUS2746,SETTLEMENT NON-BANK CREDIT ORGANIZATION 'METALLURG' (LIMITED LIABILITY COMPANY),
RUS2747,UMMC-INVEST,
RUS2876,LME TRADING DMCC,
RUS2914,AFRINZ,
RUS2915,ARTEM SERGEEVICH KUREEV,
RUS2915,ARTEM SERGEYEVICH KUREEV,
RUS2915,ARTYOM SERGEEVICH KUREEV,
RUS2915,ARTEM SERGEYEVICH KUREYEV,
RUS2915,ARTYOM SERGEYEVICH KUREYEV,
RUS2917,VIKTOR ALEKSANDROVICH LUKOVENKO,
RUS2917,VICTOR VALISEV,
RUS2921,JOINT STOCK COMPANY AVIATION EQUIPMENT,
RUS2921,JOINT STOCK COMPANY TECHNODINAMIKA,
RUS2921,JOINT STOCK COMPANY TEKHNODINAMIKA,
RUS2921,JOINT-STOCK COMPANY 'TEKHNODINAMIKA',
RUS2921,JSC TECHNODINAMIKA,
RUS2921,JSC TECHNODYNAMICS,
RUS2921,JSC TEKHNODINAMIKA,
RUS2921,TECHNODINAMICA HOLDING,
RUS2921,TECHNODINAMIKA JSC,
RUS2921,"TECHNODINAMIKA, JSC",
RUS2921,TEKHNODINAMIKA AO,
RUS2921,TEKNODINAMIKA JSC - TECHNODINAMIKA,
RUS2922,JOINT-STOCK COMPANY RUSPOLYMET,
RUS2922,JSC RUSPOLIMET,
RUS2924,JOINT-STOCK COMPANY 'REDKINSKY EXPERIMENTAL PLANT',
RUS2924,JSC ROZ,
RUS2924,OPEN JOINT STOCK COMPANY 'REDKINSKY EXPERIMENTAL PLANT',
RUS2924,REDKINO EXPERIMENTAL PLANT,
RUS2925,JOINT-STOCK COMPANY BRYANSK CHEMICAL PLANT OF THE 50TH ANNIVERSARY OF THE USSR,
RUS2925,JSC BRYANSK CHEMICAL PLANT NAMED AFTER THE 50TH ANNIVERSARY OF THE USSR,
RUS2926,FATIH SHUKUR,
RUS2927,ANOZIE,
RUS2927,ANOZIT FSE,
RUS2927,FEDERAL STATE ENTERPRISE 'ANOZIT',
RUS2927,FEDERAL STATE ENTERPRISE ANOSIT,
RUS2940,AO ELEKOND,
RUS2940,JOINT STOCK COMPANY ELECOND,
RUS2941,JOINT STOCK COMPANY 'REKOND PLANT',
RUS2941,JSC 'PLANT 'REKOND',
RUS2941,JSC 'REKOND PLANT',
RUS2942,JSC MESON FACTORY,
RUS2942,OPEN JOINT STOCK COMPANY PLANT MEZON,
RUS2943,AKTSIONERNOE OBSHCHESTVO NAUCHNO-PROIZVODSTVENNOE OBYEDINENIE POISK,
RUS2943,JOINT-STOCK COMPANY 'SCIENTIFIC AND PRODUCTION ASSOCIATION 'POISK',
RUS2943,JSC 'NPO 'POISK',
RUS2943,SCIENTIFIC PRODUCTION ASSOCIATION SEARCH,
RUS2944,AKTSIONERNOE OBSHCHESTVO PROTON,
RUS2944,AO PROTON,
RUS2944,JSC PROTON,
RUS2945,JSC NII SOLITON,
RUS2945,JSC RESEARCH INSTITUTE SOLITON,
RUS2945,JSC SRI SOLITON,
RUS2945,"SOLITON RESEARCH INSTITUTE, JSC",
RUS2946,ALL-RUSSIAN RESEARCH INSTITUTE OF RADIO ENGINEERING,
RUS2946,ALL-RUSSIAN RESEARCH INSTITUTE OF RADIO ENGINEERING JSC (VNIIRT JSC),
RUS2946,ALL-RUSSIAN SCIENTIFIC RESEARCH INSTITUTE OF RADIO ENGINEERING,
RUS2946,JSC ALL RUSSIAN RESEARCH INSTITUTE OF RADIO ENGINEERING (JSC VNIIRA),
RUS2946,JSC VNIIRT,
RUS2946,OPEN JOINT-STOCK COMPANY 'RUSSIAN INSTITUTE OF POWERFUL RADIO ENGINEERING',
RUS2947,JOINT-STOCK COMPANY RESEARCH INSTITUTE OF TECHNICAL SYSTEMS 'SINVENT',
RUS2947,JOINT-STOCK COMPANY SCIENTIFIC AND RESEARCH INSTITUTE OF TECHNICAL SYSTEMS SINVENT,
RUS2947,JOINT-STOCK COMPANY SCIENTIFIC RESEARCH INSTITUTE OF TECHNICAL SYSTEMS 'SYNVENT',
RUS2947,JSC 'NIITS 'SINVENT',
RUS2948,JOINT-STOCK COMPANY 'SCIENTIFIC AND PRODUCTION ENTERPRISE 'ZVUKOTEKHNIKA',
RUS2948,JSC 'NPP 'ZVUKOTECHNIKA',
RUS2948,RESEARCH AND PRODUCTION ENTERPRISE 'ZVUKOTEKHNIKA',
RUS2948,SCIENTIFIC AND PRODUCTION ENTERPRISE 'ZVUKOTEKHNIKA',
RUS2959,SIN YU LLC,
RUS2960,BING YIN JSC,
RUS2964,BIG BANG COMPLIANCE CONSULTING LIMITED,
RUS2982,JOINT-STOCK COMPANY SARAPULSKY RADIOZAVOD,
RUS2982,OPEN JOINT STOCK COMPANY SARAPUL RADIO PLANT,
RUS2987,KAPITAL BANK,
RUS2989,JANYSHBEK UULU NAZARBEK,
RUS2991,LIMITED LIABILITY COMPANY MYTISHINSKY INSTRUMENT MAKING PLANT,
RUS2991,MYTISHCHI INSTRUMENT ENGINEERING PLANT,
RUS2991,MYTISHCHI INSTRUMENT-MAKING PLANT LLC,
RUS2991,MYTISHINSKY PRIBOROSTROITELNYI ZAVOD,
RUS2993,JOINT-STOCK COMPANY EXPERIMENTAL DESIGN BUREAU IKAR,
RUS2993,JSC EXPERIMENTAL DESIGN BUREAU IKAR,
RUS3033,MOVEMENT OF THE FIRST,
RUS3034,VICTORY VOLUNTEERS,
RUS3035,LEILA RINATOVNA FAZLEEVA,
RUS3036,NATALIYA TISHCHENKO,
RUS3039,VALERY MAYOROV,
RUS3040,ZAMID ALIYEVICH CHALAEV,
RUS3044,AYMAN KADIROVA,
RUS3044,AIMANI KADYROVA,
RUS3044,AJMANI KADYROVA,
RUS3044,AJMANI NESIJEVNA KADYROVOVA,
RUS3044,AIMANI KADYROWA,
RUS3046,OTAR ANZOROVICH ROMANOV PARTSKHALADZE,
RUS3050,LIMITED LIABILITY COMPANY 'HELIKO GROUP',
RUS3053,ABSOLUT TRADE LTD,
RUS3053,ABSOLYUT TREID LLC,
RUS3053,LLC ELKO RUS,
RUS3053,LLCABSOLUTE TRADE,
RUS3054,MAKSCOMM LLC,
RUS3054,MAKSKOMM LIMITED LIABILITY COMPANY,
RUS3054,MAKSKOMM LLC,
RUS3055,LIMITED LIABILITY COMPANY SCIENTIFIC AND PRODUCTION COMPANY PROGRESS,
RUS3055,NPK PROGRESS,
RUS3055,OOO 'NPK 'PROGRESS',
RUS3056,IZZITION ELECTRONICS,
RUS3056,IZZITION E-TECHNOLOGY CO. LTD,
RUS3057,CHARTERS DV,
RUS3057,HARTIS DV LLC,
RUS3057,HEARTIS DV LIMITED COMPANY,
RUS3057,KHARTIS DV LLC,
RUS3057,LIMITED LIABILITY COMPANY CHARTERIS DV,
RUS3057,LIMITED LIABILITY COMPANY CHARTIS DV,
RUS3057,LIMITED LIABILITY COMPANY KHARTIS DV,
RUS3057,OOO HARTIS DV,
RUS3057,OOO KHARTIS DV,
RUS3058,DMITRI ALEKSEEVICH DMITRIEV,
RUS3058,DMITRIY ALEKSEYEVICH DMITRIEV,
RUS3058,DMITRY ALEKSEEVICH DMITRIEV,
RUS3058,DMITRY ALEKSEYEVICH DMITRIEV,
RUS3058,DMITRIY ALEKSEYEVICH DMITRIYEV,
RUS3060,S MICRON ELECTRONIC ELECTRICAL INDUSTRY CONTRACTING TRADE JOINT STOCK COMPANY,
RUS3060,S-MIKRON ELEKTRONIK,
RUS3061,INOI INTERNATIONAL,
RUS3061,INOI INTERNATIONAL FZ-LLC,
RUS3063,MAKSIM VIKTOROVICH AGEEV,
RUS3064,PJSC OIL AND GAS COMPANY ROSNEFT,
RUS3064,ROSNEFT,
RUS3069,JOINT STOCK COMPANY PERGAM-ENGINEERING,
RUS3069,JSC PERGAM-ENGINEERING,
RUS3069,OJSC PERGAM-ENGINEERING,
RUS3069,OPEN JOIN STOCK COMPANY PERGAM-ENGINEERING,
RUS3070,OOO ELECTRA PRO,
RUS3071,SHENZHEN JLFY TECHNOLOGY CO. LTD,
RUS3072,SURE TECHNOLOGY (HONG KONG) COMPANY LIMITED,
RUS3073,HORSWAY TECH (HK) CO LTD,
RUS3076,NSPK JSC,
RUS3077,CJSC SOLID BANK,
RUS3077,JOINT STOCK COMPANY SOLID BANK,
RUS3078,PJS SCBP PRIMSOTSBANK,
RUS3078,PRIMSOTSBANK,
RUS3079,JOINT-STOCK COMMERCIAL BANK TRANSSTROYBANK,
RUS3079,JSCB TRANSSTROYBANK,
RUS3080,BBR BANK,
RUS3080,BBR BANK (JOINT STOCK COMPANY),
RUS3080,BBR BANK (JSC),
RUS3080,JOINT STOCK COMPANY BBR BANK,
RUS3091,GUANGXI BEHAI LNG TERMINAL,
RUS3091,GUANGXI TIESHAN LNG TERMINAL,
RUS3094,JSC 'OIL COMPANY 'LUKOIL',
RUS3094,LUKOIL,
RUS3095,OOO ARS GLOBAL,
RUS3096,LLC LMSISTEMY,
RUS3096,OOO LMSISTEMY,
RUS3149,GRU,
RUS3149,MAIN DIRECTORATE,
RUS3149,MAIN INTELLIGENCE DIRECTORATE,
RUS3151,VLODEK,
RUS3151,WLODEK,
RUS3153,FUND FOR THE LEGAL PROTECTION AND SUPPORT OF RUSSIAN FEDERATION COMPATRIOTS,
RUS3153,PRAVFOND,
RUS3159,CGE,
RUS3161,RUSNEFTEGAZ LLC,
RUS3162,PJSC TATNEFT NAMED AFTER V.D. SHASHIN,
RUS3163,LLC INDEPENDENT OIL AND GAS COMPANY (NNK),
RUS3163,LLC INDEPENDENT PETROLEUM COMPANY,
RUS3166,SERGEY DOBRINOV,
RUS3167,SAPHIRA ENERGY FRZE,
RUS3169,ANDREY ANATOLIEVICH PALEVICH,
RUS3170,FARGONA CHEMICAL PLANT LLC,
RUS3170,FARGONA KIMYO ZAVODI,
RUS3170,FERGANA CHEMICAL PLANT LIMITED LIABILITY COMPANY,
RUS3170,FERGANA CHEMICAL PLANT LLC,
RUS3170,LIMITED LIABILITY COMPANY FERGANA CHEMICAL PLANT,
RUS3170,OOO FERGON CHEMICAL PLANT,
RUS3171,OOO GELION BUSINESS TRADE,
RUS3172,CHEMISTRY INTERNATIONAL,
RUS3172,CHEMISTRY INTERNATONAL MCHJ,
RUS3172,JV CHEMISTRY INTERNATIONAL,
RUS3173,OBSHCHESTVO S OGRANICHENNOI OTVETSTVENNOSTIU TEKSTIL-SERVIS,
RUS3173,OOO TEKSTIL-SERVIS,
RUS3173,TEKSTIL-SERVICE,
RUS3173,TEKSTIL-SERVIS,
RUS3173,TEXTILE SERVICE,
RUS3173,TEXTILE-SERVICE,
RUS3175,OOO RAW MATERIALS CELLULOSE,
RUS3175,RAW MATERIALS CELLULOSE,
RUS3175,RAW MATERIALS CELLULOSE LIMITED LIABILITY COMPANY,
RUS3175,RAW MATERIALS CELLULOSE LLC,
RUS3179,ALLIANCE CAPITAL KS SP. Z O.O.,
RUS3183,AMUR TRADING - FZCO,
RUS3185,NOVUS ENERGY DMCC,
RUS3185,NOVUS MIDDLE EAST DMCC,
RUS3333,LIMITED LIABILITY COMPANY SEPO-ZEM,
RUS3333,LLC SEPO-ZEM,
RUS3345,BANK AVERS JOINT STOCK COMPANY,
RUS3345,BANK AVERS JSC,
RUS3345,BANK AVERS LLC,
RUS3345,JSC BANK 'AVERS',
RUS3348,LIMITED LIABILITY COMPANY TOP ALLOY,
RUS3348,LLC TOP ELOY,
RUS3348,TOP ELOY LLC,
RUS3354,DALPRIBOR,
RUS3354,OPEN JOINT-STOCK COMPANY DALPRIBOR,
RUS3354,PUBLIC JOINT STOCK COMPANY DALPRIBOR,
RUS3355,CLOSED JOINT-STOCK COMPANY SCIENTIFIC AND TECHNICAL CENTER ELEKTROZOND,
RUS3356,CJSC NPC AQUAMARINE,
RUS3356,CLOSED JOINT-STOCK COMPANY SCIENTIFIC AND PRODUCTION CENTER AQUAMARINE,
RUS3357,AFRIKANTOV EXPERIMENTAL DESIGN BUREAU OF MECHANICAL ENGINEERING (OAO AFRIKANTOV OKBM),
RUS3357,OPEN JOINT-STOCK COMPANY EXPERIMENTAL DESIGN BUREAU OF MECHANICAL ENGINEERING NAMED AFTER I.I. AFRIKANTOV (OJSC AFRIKANTOV OKBM),
RUS3358,LIMITED LIABILITY COMPANY URAL DIESEL ENGINE PLANT,
RUS3358,OOO UDMZ,
RUS3358,URAL DIESEL ENGINE PLANT LLC,
RUS3358,URAL DIESEL MOTOR PLANT LLC,
RUS3360,LLC INZHIS,
RUS3360,LLC REGIONAL CENTER ENGINEERING AND SERVICE,
RUS3360,LLC UNIMATIC ENVERSIA,
RUS3360,LLC UNIMATIC INVERSIA,
RUS3360,LLC UNIMATIC INVERSION,
RUS3360,LLC UNIMATIC-INVERSIYA,
RUS3361,LLC MASHINOSTROITELNYE RESHENIYA,
RUS3362,"DALIAN YOUMANTE TRADING CO., LTD.",
RUS3362,"DALIAN YUMANTE TRADING CO., LTD.",
RUS3366,OPEN JOINT-STOCK COMPANY LADOGA PLANT,
RUS3366,PJSC LADOGA PLANT,
RUS3366,PUBLIC JOINT STOCK COMPANY LADOGA PLANT,
RUS3366,PUBLICHNOE AKTSIONERNOE OBSCHESTVO ZAVOD LADOGA,
RUS3379,JOINT-STOCK COMPANY SMK,
RUS3379,JSC SMK,
RUS3379,JSC STUPINO,
RUS3390,"SUZHOU GEDEWAY MACHINERY EQUIPMENT CO., LTD.",
RUS3390,"SUZHOU GODWAY MACHINERY EQUIPMENT CO., LTD.",
RUS3393,IMEDI,
RUS3397,MIDAX GROUP,
RUS3397,MIDAX GROUP LLC,
RUS3405,LLC 'BANK TOCHKA',
RUS3405,TOCHKA BANK LIMTED LIABILITY COMPANY,
RUS3405,TOCHKA BANK LLC,
RUS3406,JOINT STOCK COMPANY 'POCHTA BANK',
RUS3406,JOINT-STOCK COMPANY 'POST BANK',
RUS3406,JSC 'POST BANK,
RUS3406,LETO BANK,
RUS3406,POST BANK JSC,
RUS3407,"DALIAN UNITEC TRADING CO., LTD.",
RUS3408,JSCB LANTA-BANK (JSC),
RUS3409,BANK SINARA,
RUS3409,JOINT-STOCK COMPANY BANK SINARA,
RUS3409,SINARA BANK JSC,
RUS3409,SVERDLOVSK COMMERCIAL BANK,
RUS3410,GRANT AKOPOV,
RUS3411,OLEG IGOREVICH FISHELEV,
RUS3414,"SHENZHEN SHUOFANG PRECISION MACHINERY CO., LTD.",
RUS3414,SHENZHEN SOWIN PRECISION MACHINE TOOL CO LTD,
RUS3415,JIANGSU QIANZHU MACHINERY MANUFACTURING CO LTD,
RUS3416,NINGBO SKY MASTER PRECISION MACHINERY CO LTD,
RUS3418,RUSATOM ENERGY PROJECTS JSC,
RUS3419,RUSATOM ENERGY INTERNATIONAL ENGINEERING JOINT STOCK COMPANY,
RUS3420,ANDREI VALERIEVICH ROZHDESTVIN,
RUS3421,RUSATOM OVERSEAS CJSC,
RUS3423,OAO AK TRANSNEFT,
RUS3423,PUBLIC JOINT STOCK COMPANY TRANSNEFT,
RUS3430,LIMITED LIABILITY COMPANY SOLOMBALSKY MACHINE BUILDING PLANT,
RUS3431,LIMITED LIABILITY COMPANY VELMASH-SERVIS,
RUS3432,LIMITED LIABILITY COMPANY KRAN CENTER KAMAZ,
RUS3433,LLC PKC,
RUS3434,LIMITED LIABILITY COMPANY PALFINGER MARINE RUS,
RUS3439,ZHENGZHOU TIMEWAY MACHINE TOOL CO LTD,
RUS3443,DALIAN HAISHENG MACHINERY CO LTD,
RUS3449,"BEIJING MICRONANO SPACE TECHNOLOGY CO., LTD.",
RUS3449,"BEIJING MICRO-NANO STARRY SKY TECHNOLOGY CO., LTD",
RUS3449,"BEIJING MINOSPACE TECHNOLOGY CO., LTD.",
RUS3449,"BEIJING MINO-SPACE TECHNOLOGY CO., LTD.",
RUS3449,MINOSPACE,
RUS3459,BANK TKB,
RUS3459,JOINT STOCK BANK TRANSCAPITALBANK,
RUS3459,TKB,
RUS3459,TKB BANK PJSC,
RUS3459,TRANSKAPITALBANK,
RUS3461,COMMERCIAL BANK ABSOLUT BANK PAO,
RUS3461,JSC 'ABSOLUT BANK',
RUS3462,'AK BARS' BANK (OJSC),
RUS3462,OJSC 'AK BARS' BANK,
RUS3462,PJSC AK BARS BANK,
RUS3464,FORA BANK,
RUS3464,JSCB 'FORA-BANK' (JSC),
RUS3466,MARITIME MUTUAL,
RUS3475,FENIKS LLC,
RUS3475,OOO PHOENIX,
RUS3475,PHOENIX LLC,
RUS3481,GAZPROM LNG PORTOVAYA LLC,
RUS3485,LIMITED LIABILITY COMPANY SMP-138,
RUS3485,OOO SMP-138,
RUS3485,SMP 138 LLC,
RUS3489,JOINT STOCK COMPANY CONTROL SYSTEMS AND INSTRUMENTS,
RUS3489,JSC SUP,
RUS3489,OPEN JOINT-STOCK COMPANY CONTROL SYSTEMS AND INSTRUMENTS,
RUS3490,ALTAI INSTRUMENT-MAKING PLANT ROTOR,
RUS3490,ALTAY INSTRUMENT-MAKING PLANT ROTOR JSC,
RUS3490,JSC 'ALTAI INSTRUMENT-MAKING PLANT 'ROTOR',
RUS3490,JSC APZ 'ROTOR',
RUS3490,OPEN JOINT-STOCK COMPANY ALTAI INSTRUMENT-MAKING PLANT ROTOR,
RUS3490,ROTOR INSTRUMENT MAKING PLANT,
RUS3491,OPEN JOINT-STOCK COMPANY NEPTUNE,
RUS3491,PJSC NEPTUN,
RUS3491,PUBLIC JOINT STOCK COMPANY NEPTUNE,
RUS3494,LIMITED LIABILITY COMPANY CRYOGAS VYSOTSK,
RUS3494,LIMITED LIABILITY COMPANY KRIOGAZ VYSOTSK,
RUS3494,VYSOTSK LNG,
SOM0001,AL-SHABAAB,
SOM0001,AL-SHABAAB AL-ISLAAM,
SOM0001,AL-SHABAAB AL-ISLAMIYA,
SOM0001,AL-SHABAAB AL-JIHAAD,
SOM0001,HARAKAT AL-SHABAAB AL - MUJAAHIDIIN,
SOM0001,HARAKAT SHABAB AL-MUJAHIDIN,
SOM0001,HARAKATUL SHABAAB AL MUJAAHIDIIN,
SOM0001,HISB'UL SHABAAB,
SOM0001,HIZBUL SHABAAB,
SOM0001,MUJAAHIDIIN YOUTH MOVEMENT,
SOM0001,MUJAHIDEEN YOUTH MOVEMENT (MYM),
SOM0001,MUJAHIDIN AL-SHABAAB MOVEMENT,
SOM0001,MUJAHIDIN YOUTH MOVEMENT,
SOM0001,MYM,
SOM0001,SHABAAB,
SOM0001,THE UNITY OF ISLAMIC YOUTH,
SOM0001,THE YOUTH,
SOM0001,YOUTH WING,
SOM0002,YASIN ALI BAYNAH,
SOM0002,YASIN BAYNAH ALI,
SOM0002,YASSIN MOHAMED ALI,
SOM0002,YASIN BAYNAH,
SOM0002,YASSIN BAYNAH,
SOM0002,YASIIN CALI BAYNAX,
SOM0002,YASIN BEENAH,
SOM0002,YASSIN BEENAH,
SOM0002,YASIN BEENAX,
SOM0002,YASSIN BEENAX,
SOM0002,YASIN BENAH,
SOM0002,YASSIN BENAH,
SOM0002,YASSIN BENAX,
SOM0002,YASIN BEYNAH,
SOM0002,YASSIN BINAH,
SOM0002,YASIIN BAYNAX CALI,
SOM0003,HASSAN DAHIR AWEYS,
SOM0003,SHEIKH HASSAN DAHIR AWEYS ALI,Good quality a.k.a
SOM0003,SHAYKH HASSAN DAHIR AWES,Good quality a.k.a
SOM0003,HASSEN DAHIR AWEYES,Good quality a.k.a
SOM0003,AHMED DAHIR AWEYS,Good quality a.k.a
SOM0003,SHEIKH AWEYS,Good quality a.k.a
SOM0003,SHEIKH HASSAN DAHIR AWEYS,Good quality a.k.a
SOM0003,AWEYS HASSAN DAHIR,Good quality a.k.a
SOM0003,SHEIKH HASSAN,Good quality a.k.a
SOM0003,MOHAMMED HASSAN IBRAHIM,Good quality a.k.a
SOM0003,HASSAN TAHIR OAIS,Good quality a.k.a
SOM0003,HASSAN TAHIR UWAYS,Good quality a.k.a
SOM0004,HASSAN ABDULLAH HERSI AL-TURKI,
SOM0004,HASSAN AL-TURKI,Good quality a.k.a
SOM0004,HASSAN TURKI,Good quality a.k.a
SOM0004,HASSAN ABDILLAHI HERSI TURKI,Good quality a.k.a
SOM0004,SHEIKH HASSAN TURKI,Good quality a.k.a
SOM0004,XASAN CABDILAAHI XIRSI,Good quality a.k.a
SOM0004,XASAN CABDULLE XIRSI,Good quality a.k.a
SOM0005,AHMED ABDI AW-MOHAMED,
SOM0005,MUKTAR ABDIRAHMAN ABU ZUBEYR,Good quality a.k.a
SOM0005,MUKTAR ABDULRAHIM ABUZUBAIR,Good quality a.k.a
SOM0005,AHMED ABDI AW MOHAMMED,Good quality a.k.a
SOM0005,AHMED ABDI AW-MOHAMUD,Good quality a.k.a
SOM0005,GODANE,Good quality a.k.a
SOM0005,GODANI,Good quality a.k.a
SOM0005,SHAYKH MUKHTAR,Good quality a.k.a
SOM0005,ABU ZUBEYR,Good quality a.k.a
SOM0006,FUAD MOHAMED KHALAF,
SOM0006,FUAD MOHAMED KALAF,Good quality a.k.a
SOM0006,FUAD MOHAMMED KALAF,Good quality a.k.a
SOM0006,FUAD KHALAF,Good quality a.k.a
SOM0006,FUAD MOHAMED KHALIF,Good quality a.k.a
SOM0006,FUAD MOHAMMED KHALIF,Good quality a.k.a
SOM0006,FUAD MOHAMED QALAF,Good quality a.k.a
SOM0006,FUAD SHANGOLE,Good quality a.k.a
SOM0006,FOUAD SHONGALE,Good quality a.k.a
SOM0006,FUAD SHONGALE,Good quality a.k.a
SOM0006,FUAD SHONGOLE,Good quality a.k.a
SOM0006,FUAD MUHAMMAD KHALAF SHONGOLE,Good quality a.k.a
SOM0006,FUAD SONGALE,Good quality a.k.a
SOM0007,BASHIR MOHAMED MAHAMOUD,
SOM0007,GURE GAP,Good quality a.k.a
SOM0007,BASHIR MOHAMED MAHMOUD,Good quality a.k.a
SOM0007,BASHIR MAHMUD MOHAMMED,Good quality a.k.a
SOM0007,BASHIR MOHAMED MOHAMOUD,Good quality a.k.a
SOM0007,BASHIR MOHAMED MOHAMUD,Good quality a.k.a
SOM0007,ABU MUSCAB,Good quality a.k.a
SOM0007,QORGAB,Good quality a.k.a
SOM0007,BASHIR QORGAB,Good quality a.k.a
SOM0007,BASHIR YARE,Good quality a.k.a
SOM0008,FARES MOHAMMED MANA'A,
SOM0008,FARES MOHAMMED MANAA,Good quality a.k.a
SOM0008,FARIS MANA'A,Good quality a.k.a
SOM0009,HASSAN MAHAT OMAR,
SOM0009,HASSAAN HUSSEIN ADAM,Good quality a.k.a
SOM0009,XASSAAN XUSEEN ADAN,Good quality a.k.a
SOM0009,ASAN MAHAD CUMAR,Good quality a.k.a
SOM0009,SHEIKH HASSAAN HUSSEIN,Good quality a.k.a
SOM0009,HASSANE MAHAD OMAR,Good quality a.k.a
SOM0009,ABU SALMAAN,Good quality a.k.a
SOM0009,ABU SALMAN,Good quality a.k.a
SOM0010,OMAR HAMMAMI,
SOM0010,ABU MAANSUUR AL-AMRIKI,Good quality a.k.a
SOM0010,ABU MANSOUR AL-AMRIKI,Good quality a.k.a
SOM0010,ABU MANSUR AL-AMRIKI,Good quality a.k.a
SOM0010,ABU MANSUUR AL-AMRIKI,Good quality a.k.a
SOM0010,UMAR HAMMAMI,Good quality a.k.a
SOM0011,ABOUD ROGO MOHAMMED,
SOM0011,ABOUD ROGO MOHAMED,Good quality a.k.a
SOM0011,ABOUD ROGO MUHAMMAD,Good quality a.k.a
SOM0011,ABOUD MOHAMMAD ROGO,Good quality a.k.a
SOM0011,ABOUD MOHAMMED ROGO,Good quality a.k.a
SOM0011,ABOUD SEIF ROGO,Good quality a.k.a
SOM0011,SHEIKH ABOUD ROGO,Good quality a.k.a
SOM0012,ABUBAKER SHARIFF AHMED,
SOM0012,ABUBAKAR AHMED,Good quality a.k.a
SOM0012,SHEIKH ABUBAKAR AHMED,Good quality a.k.a
SOM0012,MAKABURI,Good quality a.k.a
SOM0012,ABU MAKABURI SHARIFF,Good quality a.k.a
SOM0012,ABUBAKER SHARIFF,Good quality a.k.a
SOM0013,MAALIM SALMAN,
SOM0013,MAALIM SALMAN ALI,Good quality a.k.a
SOM0013,MAALIM SELMAN ALI,Good quality a.k.a
SOM0013,AMEER SALMAN,Good quality a.k.a
SOM0013,MU'ALIM SALMAN,Good quality a.k.a
SOM0013,MA'ALIM SELMAN,Good quality a.k.a
SOM0013,MA'ALIN SULAYMAN,Good quality a.k.a
SOM0013,MA'ALIM SULEIMAN,Good quality a.k.a
SOM0013,MUALEM SULEIMAN,Good quality a.k.a
SOM0014,AHMED DIRIYE,
SOM0014,SHEIKH MAHAD OMAR ABDIKARIM,Good quality a.k.a
SOM0014,ABU DIRIYE,Good quality a.k.a
SOM0014,ABU UBAIDAH,Good quality a.k.a
SOM0014,SHEIKH AHMED UMAR ABU UBAIDAH,Good quality a.k.a
SOM0014,SHEIKH OMAR ABU UBAIDAHA,Good quality a.k.a
SOM0015,AHMAD IMAN ALI,
SOM0015,AHMED IMAN ALI,Good quality a.k.a
SOM0015,SHAYKH AHMAD IMAN ALI,Good quality a.k.a
SOM0015,SHEIKH AHMED IMAN ALI,Good quality a.k.a
SOM0015,ABU ZINIRA,Good quality a.k.a
SOM0016,ABDIFATAH ABUBAKAR ABDI,
SOM0016,MUSA MUHAJIR,Good quality a.k.a
SOM0017,ABUKAR ALI ADAN,
SOM0017,SHEIKH ABUKAR,Good quality a.k.a
SOM0017,ABUKAR ALI ADEN,Good quality a.k.a
SOM0017,IBRAHIM AFGHAN,Good quality a.k.a
SOM0018,MAALIM AYMAN,
SOM0018,NUH IBRAHIM ABDI,Good quality a.k.a
SOM0018,ABDIAZIZ DUBOW ALI,Good quality a.k.a
SOM0018,MA'ALIM AYMAN,Good quality a.k.a
SOM0018,MO'ALIM AYMAN,Good quality a.k.a
SOM0018,AYMAN KABO,Good quality a.k.a
SOM0019,MAHAD KARATE,
SOM0019,MAHAD MOHAMED ALI KARATE,Good quality a.k.a
SOM0019,MAHAD WARSAME QALLEY KARATE,Good quality a.k.a
SOM0019,ABDIRAHIM MOHAMED WARSAME,Good quality a.k.a
SOM0020,ALI MOHAMED RAGE CALI DHEER,Good quality a.k.a
SOM0020,ALI DHEERE,Good quality a.k.a
SOM0020,ALI DHERE,Good quality a.k.a
SOM0020,ALI MOHAMMED RAGE,Good quality a.k.a
SOM0020,ALI MOHAMUD RAGE,Good quality a.k.a
SOM0024,CABDULLAHI CUSMAN MAXAMED CADDOW,Good quality a.k.a
SOM0024,DHAGACADE,Low quality a.k.a
SOM0024,ENG. ISMAIL,Low quality a.k.a
SOM0024,FARACADE,Low quality a.k.a
SOM0024,INJINEER ISMAACIIL,Low quality a.k.a
SOM0025,ABDUKADIR,Low quality a.k.a
SOM0025,MOHAMED ABDUKADIR ABDUKADIR,Low quality a.k.a
SOM0025,ABDULKADIR,Low quality a.k.a
SOM0025,MOHAMED ABDULKADIR ABDULKADIR,Low quality a.k.a
SOM0026,MOHAMED MIRE,Low quality a.k.a
SOM0027,MOHAMED OMAR HAJI,Good quality a.k.a
SOM0027,MOHAMED OMAR MA'ALIN,Good quality a.k.a
SOM0027,MO'ALIN,Low quality a.k.a
SOM0027,MOHAMED HAJI OMAR,Good quality a.k.a
SOM0027,MA'D UMUROW,Good quality a.k.a
SSU0001,MICHAEL MAKUEI LUETH,
SSU0001,MICHAEL MAKUE LOWETH,
SSU0001,MICHAEL MAKUEI LUETH MAKUEI,
SSU0001,MICHAEL MAKUEI LEUTH,
SSU0001,MICHAEL MAKUEI,
SSU0002,GABRIEL JOK RIAK MAKOL,
SSU0002,GABRIEL JOK,Good quality a.k.a
SSU0002,JOCK RIAK,Good quality a.k.a
SSU0002,JOK RIAK,Good quality a.k.a
SSU0003,JAMES KOANG CHUOL,
SSU0003,JAMES KOANG CHOL,Good quality a.k.a
SSU0003,JAMES KOANG CHUAL,Good quality a.k.a
SSU0003,JAMES KOANG CHOL RANLEY,Good quality a.k.a
SSU0003,KOANG CHUOL RANLEY,Good quality a.k.a
SSU0004,MALEK REUBEN RIAK RENGU,
SSU0004,MALEK RUBEN,Good quality a.k.a
SSU0005,MARIAL CHANUONG YOL MANGOK,
SSU0005,MARIAL CHAN,Good quality a.k.a
SSU0005,MARIAL CHINOUM,Good quality a.k.a
SSU0005,MARIAL CHINUONG,Good quality a.k.a
SSU0005,MARIAL CHANOUNG YOL,Good quality a.k.a
SSU0006,PAUL MALONG AWAN ANEI,
SSU0006,BOL MALONG,Good quality a.k.a
SSU0006,PAUL MALONG,Good quality a.k.a
SSU0007,PETER GADET,
SSU0007,PETER GADET YAAK,Good quality a.k.a
SSU0007,PETER GATDET YAAK,Good quality a.k.a
SSU0007,PETER GADET YAK,Good quality a.k.a
SSU0007,PETER GATDEET YAKA,Good quality a.k.a
SSU0007,PETER GATDET YAKA,Good quality a.k.a
SSU0008,SANTINO DENG WOL,
SSU0008,SANTINO DENG KUOL,Good quality a.k.a
SSU0008,SANTINO DENG WUOL,Good quality a.k.a
SSU0009,SIMON GATWECH DUAL,
SSU0009,DHUAL,Low quality a.k.a
SSU0009,SIMON GATWICH DUAL,Good quality a.k.a
SSU0009,SIMON GETWECH DUAL,Good quality a.k.a
SSU0009,SIMON GATWEC DUEL,Good quality a.k.a
SSU0009,GADUEL,Low quality a.k.a
SSU0009,SIMON GARWICH,Good quality a.k.a
SSU0009,SIMON GATWEACH,Good quality a.k.a
SSU0009,SIMON GATWECH,Good quality a.k.a
SSU0009,SIMON GATWICK,Good quality a.k.a
SSU0010,GORDON KOANG CHAR BIEL,
SSU0010,KOANG BIEL CHAR,
SSU0010,KOANG NYALUALGO,
SSU0011,GATLUAK NYANG,
SSU0012,JAMES NANDO MARK,
SUD0001,GAFFAR MOHAMMED ELHASSAN,
SUD0001,GAFFAR MOHMED ELHASSAN,Good quality a.k.a
SUD0002,MUSA HILAL ABDALLA ALNSIEM,
SUD0002,ABDALLAH,Low quality a.k.a
SUD0002,AL NASEEM,Low quality a.k.a
SUD0002,AL NASIM,Low quality a.k.a
SUD0002,AL NASSEEM,Low quality a.k.a
SUD0002,ABD ALLAH,Low quality a.k.a
SUD0002,ALNASEEM,Low quality a.k.a
SUD0002,ALNASIM,Low quality a.k.a
SUD0002,ALNASSEEM,Low quality a.k.a
SUD0002,MUSA HILAL,Low quality a.k.a
SUD0004,JIBRIL ABDULKARIM IBRAHIM MAYU,
SUD0004,GABRIL ABDUL KAREEM BADRI,Good quality a.k.a
SUD0004,GIBRIL ABDUL KAREEM BAREY,Good quality a.k.a
SUD0004,TEK,Good quality a.k.a
SUD0006,AL GUNADE,
SUD0006,AL JUNAID,
SUD0006,ALGUNADE,
SUD0009,GIAD AUTOMOTIVE INDUSTRY,
SUD0009,GIAD CONGLOMERATE,
SUD0009,GIAD INDUSTRIAL CITY,
SUD0009,GIAD INDUSTRIAL COMPLEX,
SUD0010,GSK ADVANCE,
SUD0010,GSK ADVANCE CO. LTD,
SUD0011,ZADNA COMPANY,
SUD0011,ZADNA INTERNATIONAL INVESTMENTS,
SUD0014,MIKHAIL POTYOPKIN,
SUD0015,ANDREY SERGEEVICH MANDEL,
SUD0016,AL-SARRAJ MINING COMPANY LTD,
SUD0016,AL-SAWLAJ MINING COMPANY LTD,
SUD0016,AL-SOLAJ MINING COMPANY LTD,
SUD0017,RED ROCK LTD,
SUD0018,AL-FAKHER ADVANCED BUSINESS COMPANY LIMITED,
SUD0018,AL-FAKHER COMPANY,
SUD0018,AL-FAKHER COMPANY FOR ADVANCED BUSINESS,
SUD0018,AL-FAKHER INTERNATIONAL LIMITED,
SUD0019,AL ROWAD BANK FOR DEVELOPMENT & INVESTMENT,
SUD0019,AL ROWAD BANK FOR DEVELOPMENT AND INVESTMENT,
SUD0019,AL-KHALEEJ BANK,
SUD0019,GULF BANK COMPANY LIMITED,
SUD0020,ABDEL RAHMAN JUMMA BARAK ALLAH AHMAD,
SUD0020,ABDEL RAHMAN JOMA'A,
SUD0020,ABDELRAHMAN JUMA,
SUD0020,ABDUL RAHMAN JUMA,
SUD0020,ABDUL RAHMAN JUMMA,
SUD0021,OSMAN MOHAMED HAMID HAMID,
SUD0021,OSMAN MOHAMED HAMED MOHAMED,
SUD0022,ABDEL RAHIM HAMDAN DAGALO,
SUD0022,ABDELRAHIM DAGALO,
SUD0022,ABDELRAHIM HAMDAN DAGALO,
SUD0022,ABDUL RAHIM DAGALO,
SUD0022,ABDELRAHIM HAMDAN DAGALO MOUSA,
SUD0022,ABDUL RAHIM HAMDAN DAGLO MOUSA,
SUD0022,ABDELRAHIM HAMDAN DAGLO MUSA,
SUD0023,EIFATEH ABDULLAH IDRIS ADAM,
SUD0023,EIFATEH ABDULLAH IDRIS,
SUD0023,FATEH ABDULLAH IDRIS,
SUD0023,ABU LULU,
SUD0024,ANUSHOK,
SUD0024,ABU NASHUK,
SUD0024,ABU NSHOUK,
SUD0025,AL ZEIR SALEM,
SUD0026,ALVARO ANDRES QUIJANO BECERRA,
SUD0027,ABU AQLA KAKIL,
SUD0027,ABU AQLA KEIKAL,
SUD0027,ABU AQLA KEIKEL,
SUD0027,ABU AQLA KIKAL,
SUD0036,ALGONEY HAMDAN DAGALO,
SUD0036,AL-QONI HAMDAN DAGALO,
SYR0001,ABD AL-FATAH QUDSIYAH,
SYR0001,ABD AL-FATAH KUDSIYEH,
SYR0001,ABDEL-FATAH KUDSIYEH,
SYR0001,ABDULFATAH KUDSIYEH,
SYR0001,ABD AL-FATAH QUDSIAH,
SYR0001,ABDEL-FATAH QUDSIAH,
SYR0001,ABDULFATAH QUDSIAH,
SYR0001,ABD AL-FATAH QUDSIYA,
SYR0001,ABDEL-FATAH QUDSIYA,
SYR0001,ABDULFATAH QUDSIYA,
SYR0001,ABDEL-FATAH QUDSIYAH,
SYR0001,ABDULFATAH QUDSIYAH,
SYR0001,ABD AL-FATAH QUDSIYEH,
SYR0001,ABDEL-FATAH QUDSIYEH,
SYR0001,ABDULFATAH QUDSIYEH,
SYR0002,ABDELHAMID KHAMIS ABDULLAH,
SYR0002,KHAMIS AHMAD ABDELHAMID,
SYR0002,KHAMIS ABDULHAMID,
SYR0002,KHAMIS AHMAD ABDULHAMID,
SYR0002,ABDELHAMID KHAMIS ADBALLA,
SYR0002,HAMID,
SYR0002,AHMAD HAMID,
SYR0002,KHAMIS HAMID,
SYR0002,KHAMIS AHMAD HAMID,
SYR0002,ABDELHAMID KHAMIS KHAMIS,
SYR0003,ABDUL-SALAM AL NAYEF,
SYR0003,ABDEL-SALAM SA'AD,
SYR0004,ADNAN ABOUD HILWEH,
SYR0004,ADNAN ABOUD HELWEH,
SYR0006,AHMAD KAFAN,
SYR0006,AHMED KAFAN,
SYR0007,AHMAD SHEIKH ABDUL-QADER,
SYR0007,AHMAD AL-SHEIK ABDULQADER,
SYR0007,AHMAD SHEIKH ABDUL QADIR,
SYR0008,ALI ABDULLAH AYYUB,
SYR0008,ABDALLAH,
SYR0008,ALI ABDULLAH AYOB,
SYR0008,ALI ABDULLAH AYOUB,
SYR0008,ALI ABDULLAH AYUB,
SYR0008,ALI ABDULLAH AYYOUB,
SYR0009,AYOUB AL-SALIM,
SYR0009,ALI AL-SALEEM,
SYR0009,AYOUB AL-SALEEM,
SYR0009,ALI AL-SALIM,
SYR0010,ALI AL-ZAFIR,
SYR0010,ALI AL ZAFIR,
SYR0010,ALI AL-DAFEER,
SYR0011,ALI DAWWA,
SYR0012,ALI DOUBA,
SYR0013,ALI GHANEM,
SYR0014,ALI HAMOUD,
SYR0014,ALI HAMMOUD,
SYR0015,ALI MAMLUK,
SYR0015,ALI MAMLOUK,
SYR0016,ALI WANUS,
SYR0016,ALI WANNOUS,
SYR0017,AMAR ISMAEL,
SYR0017,AMMAR ISMAEL,
SYR0017,AMAR ISMAIL,
SYR0017,AMMAR ISMAIL,
SYR0018,AMER AL-ACHI,
SYR0018,AAMMAR AACHI,
SYR0018,AMER AACHI,
SYR0018,AMER IBRAHIM AACHI,
SYR0018,AMIS AACHI,
SYR0018,AMMAR AACHI,
SYR0018,AAMMAR ACHI,
SYR0018,AMER ACHI,
SYR0018,AMER IBRAHIM ACHI,
SYR0018,AMIS ACHI,
SYR0018,AMMAR ACHI,
SYR0018,AAMMAR AL ASHI,
SYR0018,AMER AL ASHI,
SYR0018,AMER IBRAHIM AL ASHI,
SYR0018,AMIS AL ASHI,
SYR0018,AMMAR AL ASHI,
SYR0018,AAMMAR AL-ACHI,
SYR0018,AMER IBRAHIM AL-ACHI,
SYR0018,AMIS AL-ACHI,
SYR0018,AMMAR AL-ACHI,
SYR0018,AAMMAR ASHI,
SYR0018,AMER ASHI,
SYR0018,AMER IBRAHIM ASHI,
SYR0018,AMIS ASHI,
SYR0018,AMMAR ASHI,
SYR0019,AMMAR AL-SHARIF,
SYR0019,AMAR AL SHAREEF,
SYR0019,AMMAR AL SHAREEF,
SYR0019,AMMAR MEDHAT AL SHAREEF,
SYR0019,AMAR AL-CHARIF,
SYR0019,AMMAR AL-CHARIF,
SYR0019,AMMAR MEDHAT AL-CHARIF,
SYR0019,AMAR AL-SHARIF,
SYR0019,AMMAR MEDHAT AL-SHARIF,
SYR0019,AMAR CHARIF,
SYR0019,AMMAR CHARIF,
SYR0019,AMMAR MEDHAT CHARIF,
SYR0019,AMAR SHARIF,
SYR0019,AMMAR SHARIF,
SYR0019,AMMAR MEDHAT SHARIF,
SYR0019,AMAR SHERIF,
SYR0019,AMMAR SHERIF,
SYR0019,AMMAR MEDHAT SHERIF,
SYR0020,AMR ARMANAZI,
SYR0020,AMER NAJIB AL-ARMANAZI,
SYR0020,AMR AL-ARMANAZI,
SYR0020,AMR MUHAMMAD AL-ARMANAZI,
SYR0020,AMROU AL-ARMANAZI,
SYR0020,AMER NAJIB AL-ARMANAZY,
SYR0020,AMR AL-ARMANAZY,
SYR0020,AMR MUHAMMAD AL-ARMANAZY,
SYR0020,AMROU AL-ARMANAZY,
SYR0020,AMER NAJIB ARMANAZI,
SYR0020,AMR MUHAMMAD NAJIB ARMANAZI,
SYR0020,AMROU ARMANAZI,
SYR0021,AOUS ASLAN,
SYR0022,ASMA AL ASAD,
SYR0022,ASMA AL AKHRAS,
SYR0022,ASMA FAWAZ AL AKHRAS,
SYR0022,ASMA FAWAZ AL ASAD,
SYR0022,ASMA AL-ASSAD,
SYR0022,ASMA FAWAZ AL-ASSAD,
SYR0022,ASMA ASSAD,
SYR0022,ASMA FAWAZ ASSAD,
SYR0023,ATEJ NAJIB,
SYR0023,ATEF NAJEEB,
SYR0023,ATEJ NAJEEB,
SYR0023,ATIF NAJEEB,
SYR0023,ATEF NAJIB,
SYR0023,ATIF NAJIB,
SYR0024,BADER AQEL,
SYR0025,BADI' MU'ALLA,
SYR0026,BASHAR AL ASAD,
SYR0026,BASSAR HAFIZ AL ASAD,
SYR0026,BASHAR AL ASSAD,
SYR0026,BASSAR HAFIZ AL ASSAD,
SYR0026,BASHAR AL-'ASAD,
SYR0026,BASSAR HAFIZ AL-'ASAD,
SYR0026,BASHAR AL-ASSAD,
SYR0026,BASSAR HAFIZ AL-ASSAD,
SYR0027,BASSAM AL HASSAN,
SYR0027,BASSAM HASAN,
SYR0027,BASSAM AL HASAN,
SYR0028,BASSAM AL-MISRI,
SYR0029,BASSEL BILAL,
SYR0029,BASEL BILAL,
SYR0030,BAYAN BITAR,
SYR0030,BAYAN AL-BITAR,
SYR0031,BISHR AL-SABBAN,
SYR0031,BISHR MAZIN AL-SABBAN,
SYR0031,MOHAMMED BISHR AL-SABBAN,
SYR0032,BISHR RIYAD YAZIGI,
SYR0033,BOUTHANIA SHAABAN,
SYR0033,BUTHAINA SHAABAN,
SYR0034,BURHAN QADOUR,
SYR0034,BURHAN QADDOUR,
SYR0034,BURHAN QADDUR,
SYR0035,BUSHRA AL ASAD,
SYR0035,BOUCHRA AL ASAD,
SYR0035,BOUCHRA AL ASSAD,
SYR0035,BUSHRA AL ASSAD,
SYR0035,BOUCHRA AL-ASSAD,
SYR0035,BUSHRA AL-ASSAD,
SYR0035,BOUCHRA SHAWKAT,
SYR0035,BUSHRA SHAWKAT,
SYR0036,DURAID DURGHAM,
SYR0036,DOURAID DERGHAM,
SYR0036,DURAID DERGHAM,
SYR0036,DOURAID DURGHAM,
SYR0037,EMAD ABDUL-GHANI SABOUNI,
SYR0037,EMAD ABDUL-GHANI AL SABUNI,
SYR0037,IMAD ABDUL GHANI AL SABUNI,
SYR0037,IMAD ABDUL GHANI SABOUNI,
SYR0038,EMAD HAMSHO,
SYR0038,EMAD HAMCHO,
SYR0038,IMAD HAMCHO,
SYR0038,EMAD HAMCHU,
SYR0038,IMAD HAMCHU,
SYR0038,EMAD HAMISHO,
SYR0038,IMAD HAMISHO,
SYR0038,IMAD HAMSHO,
SYR0038,EMAD HEMASHO,
SYR0038,IMAD HEMASHO,
SYR0038,EMAD HMEISHO,
SYR0038,IMAD HMEISHO,
SYR0038,EMAD HMISHO,
SYR0038,IMAD HMISHO,
SYR0039,EZZEDINE ISMAEL,
SYR0039,EZZEDINE HAMRA,
SYR0039,EZZEDINE ISMAIL,
SYR0040,FAHD JASIM AL-FURAYJ,
SYR0040,FAHD JASEM AL-FREJJ,
SYR0040,FAHD JASIM AL-FREJJ,
SYR0040,FAHD JASSEM AL-FREJJ,
SYR0040,FAHD JASSIM AL-FREJJ,
SYR0040,FAHED JASEM AL-FREJJ,
SYR0040,FAHED JASIM AL-FREJJ,
SYR0040,FAHED JASSEM AL-FREJJ,
SYR0040,FAHED JASSIM AL-FREJJ,
SYR0040,FAHD JASEM AL-FURAYJ,
SYR0040,FAHD JASSEM AL-FURAYJ,
SYR0040,FAHD JASSIM AL-FURAYJ,
SYR0040,FAHED JASEM AL-FURAYJ,
SYR0040,FAHED JASIM AL-FURAYJ,
SYR0040,FAHED JASSEM AL-FURAYJ,
SYR0040,FAHED JASSIM AL-FURAYJ,
SYR0041,FARES CHEHABI,
SYR0041,FARES AL-CHIBABI,
SYR0041,FARES AL-SHIHABI,
SYR0041,FARES CHIHABI,
SYR0041,FARES SHIHABI,
SYR0042,FARUQ AL SHAR',
SYR0042,FAROUK AL CHAR',
SYR0042,FAROUQ AL CHAR',
SYR0042,FARUQ AL CHAR',
SYR0042,FAROUK AL SHAR,
SYR0042,FAROUQ AL SHAR,
SYR0042,FARUQ AL SHAR,
SYR0042,FAROUK AL SHAR',
SYR0042,FAROUQ AL SHAR',
SYR0042,FAROUK AL SHARA,
SYR0042,FAROUQ AL SHARA,
SYR0042,FARUQ AL SHARA,
SYR0042,FAROUK AL SHARA',
SYR0042,FAROUQ AL SHARA',
SYR0042,FARUQ AL SHARA',
SYR0042,FAROUK AL-SHARAA,
SYR0042,FAROUQ AL-SHARAA,
SYR0042,FARUQ AL-SHARAA,
SYR0043,FAWWAZ EL-ATOU,
SYR0043,FAWAZ AL ATTO,
SYR0043,FAWWAZ AL ATTO,
SYR0043,FAWAZ EL-ATOU,
SYR0044,FAYEZ ASI,
SYR0044,FAYEZ AL-ASI,
SYR0045,FAYSSAL ABBAS,
SYR0045,FAYSAL ABBAS,
SYR0046,FIRAS AL-HAMED,
SYR0046,FIRAS AL-HAMID,
SYR0047,FO'AD HAMOUDEH,
SYR0047,FO'AD HAMMOUDA,
SYR0047,FOUAD HAMMOUDA,
SYR0047,FU'AD HAMMOUDA,
SYR0047,FO'AD HAMMOUDAH,
SYR0047,FOUAD HAMMOUDAH,
SYR0047,FU'AD HAMMOUDAH,
SYR0047,FO'AD HAMMOUDE,
SYR0047,FOUAD HAMMOUDE,
SYR0047,FU'AD HAMMOUDE,
SYR0047,FO'AD HAMMOUDEH,
SYR0047,FOUAD HAMMOUDEH,
SYR0047,FU'AD HAMMOUDEH,
SYR0047,FOUAD HAMOUDEH,
SYR0047,FU'AD HAMOUDEH,
SYR0048,FU'AD TAWIL,
SYR0048,FAUD TAWIL,
SYR0049,GEORGE CHAOUI,
SYR0050,GEORGE HASWANI,
SYR0050,GEORGE AL HASAWANI,
SYR0050,GEORGES AL HASAWANI,
SYR0050,JURJ AL HASAWANI,
SYR0050,GEORGE HASAWANI,
SYR0050,GEORGES HASAWANI,
SYR0050,JURJ HASAWANI,
SYR0050,GEORGES HASWANI,
SYR0050,JURJ HASWANI,
SYR0050,GEORGE HESSWANI,
SYR0050,GEORGES HESSWANI,
SYR0050,JURJ HESSWANI,
SYR0050,GEORGE HEWANI,
SYR0050,GEORGES HEWANI,
SYR0050,JURJ HEWANI,
SYR0050,GEORGE KHESOUANI,
SYR0050,GEORGES KHESOUANI,
SYR0050,JURJ KHESOUANI,
SYR0051,GHASSAN AFIF,
SYR0051,GHASSAN AFEEF,
SYR0052,GHASSAN ABBAS,
SYR0053,GHASSAN AHMED GHANNAN,
SYR0053,GHASSAN AHMED GHANEM,
SYR0054,GHASSAN BELAL,
SYR0054,GHASSAN BILAL,
SYR0055,GHASSAN JAOUDAT ISMAIL,
SYR0055,GHASSAN JAOUDAT ISMAEL,
SYR0056,GHASSAN KHALIL,
SYR0056,GHASSAN KHALEEL,
SYR0057,GHASSAN OMAR KHALAF,
SYR0058,GHAZWAN KHEIR BEK,
SYR0058,GHAZQAN KHAYRBIK BEK,
SYR0058,GHAZQAN KHEIR BEK,
SYR0058,GHAZWAN KHAYRBIK BEK,
SYR0059,GHIATH JERAATLI,
SYR0059,GHIATH JER'ATLI,
SYR0059,GHIATH JIRAATLI,
SYR0059,GHIATH JIR'ATLI,
SYR0060,HAFIZ MAKHLOUF,
SYR0060,HAFEZ MAKHLOUF,
SYR0060,HAFEZ MAKHLUF,
SYR0060,HAFIZ MAKHLUF,
SYR0061,HALA MOHAMMAD AL NASSER,
SYR0061,HALA MOHAMED AL NASSER,
SYR0061,HALA MOHAMMED AL NASSER,
SYR0061,HALA MUHAMMAD AL NASSER,
SYR0062,HALA SIRHAN,
SYR0062,HALAH SIRHAN,
SYR0063,ABDULLAH ABDULLAH,
SYR0064,ABDULLAH AL-GHARBI,
SYR0064,ABDULLAH AL-QIRBI,
SYR0065,ABDULLAH KHALEEL HUSSEIN,
SYR0065,ABDALLAH KHALEEL HUSSAIN,
SYR0065,ABDALLAH KHALIL HUSSAIN,
SYR0065,ABDULLAH KHALEEL HUSSAIN,
SYR0065,ABDULLAH KHALIL HUSSAIN,
SYR0065,ABDALLAH KHALEEL HUSSEIN,
SYR0065,ABDALLAH KHALIL HUSSEIN,
SYR0065,ABDULLAH KHALIL HUSSEIN,
SYR0066,ADIB MAYALEH,
SYR0066,ADEEB MAYALEH,
SYR0066,ADEEB MAYYALEH,
SYR0066,ADIB MAYYALEH,
SYR0066,ANDRE MAYARD,
SYR0067,ADIB SALAMEH,
SYR0067,ADIB SALAMA,
SYR0067,ADIB NIMR SALAMA,
SYR0067,MOHAMMED ADIB SALAMA,
SYR0067,ADIB SALAMAH,
SYR0067,ADIB NIMR SALAMAH,
SYR0067,MOHAMMED ADIB SALAMAH,
SYR0067,ADIB NIMR SALAMEH,
SYR0067,MOHAMMED ADIB SALAMEH,
SYR0067,ADIB SALME,
SYR0067,ADIB NIMR SALME,
SYR0067,MOHAMMED ADIB SALME,
SYR0068,ADNAN ABDO AL-SUKHNY,
SYR0068,ADNAN ABDO AL SIKHNY,
SYR0068,ADNAN ABDOU AL SIKHNY,
SYR0068,ADNAN ABDO AL-SEKHNI,
SYR0068,ADNAN ABDOU AL-SEKHNI,
SYR0068,ADNAN ABDO AL-SEKHNY,
SYR0068,ADNAN ABDOU AL-SEKHNY,
SYR0068,ADNAN ABDO AL-SIKHNI,
SYR0068,ADNAN ABDOU AL-SIKHNI,
SYR0068,ADNAN ABDOU AL-SUKHNY,
SYR0069,AHMAD AL-HAMU,
SYR0069,AHMAD AL-HAMO,
SYR0070,AHMAD BALLUL,
SYR0070,AHMAD MUHAMMAD BALLUL,
SYR0070,AHMED BALLUL,
SYR0070,AHMED MUHAMMAD BALLUL,
SYR0070,AHMAD BALOL,
SYR0070,AHMAD MUHAMMAD BALOL,
SYR0070,AHMED BALOL,
SYR0070,AHMED MUHAMMAD BALOL,
SYR0071,AHMED DIBE,
SYR0071,AHMAD DEEB,
SYR0071,AHMED DEEB,
SYR0071,AHMAD DIB,
SYR0071,AHMED DIB,
SYR0071,AHMAD DIBE,
SYR0073,ADNAN HASAN MAHMOUD,
SYR0075,ALI HEIDAR,
SYR0075,ALI HAIDAR,
SYR0075,ALI HAYDAR,
SYR0075,ALI HEYDAR,
SYR0076,AMJAD AL-ABBAS,
SYR0076,ABBAS,
SYR0077,ATEF NADDAF,
SYR0077,AATEF AL-NADDAF,
SYR0077,ATEF AL-NADDAF,
SYR0077,ATIF AL-NADDAF,
SYR0077,AATEF NADAF,
SYR0077,ATEF NADAF,
SYR0077,ATIF NADAF,
SYR0077,AATEF NADDAF,
SYR0077,ATIF NADDAF,
SYR0078,BASSAM HANNA,
SYR0079,HASHIM ANWAR AL-AQQAD,
SYR0079,HASHEM ANWAR AKKAD,
SYR0079,HASHIM ANWAR AKKAD,
SYR0079,HASHEM ANWAR AL-AKKAD,
SYR0079,HASHIM ANWAR AL-AKKAD,
SYR0079,HASHEM ANWAR AL-AQQAD,
SYR0079,HASHEM ANWAR AQQAD,
SYR0079,HASHIM ANWAR AQQAD,
SYR0080,HASSAN AL-SARI,
SYR0081,HASSAN NOURI,
SYR0081,HASSAN AL-NOUR,
SYR0082,HASSAN HIJAZI,
SYR0083,HASSAN SAFIYEH,
SYR0083,HASSAN SAFIYE,
SYR0084,ELIAS HASSIB SHAMMAS,
SYR0084,ELIAS HASIB SHAMMAS,
SYR0085,HAYEL AL-ASAD,
SYR0085,HAYEL AL-ASSAD,
SYR0086,HAZWAN AL WEZ,
SYR0086,HAZWAN AL-WAZZ,
SYR0086,HAZWAN AL-WEZ,
SYR0087,HILAL HILAL,
SYR0087,AL-HILAL HILAL,
SYR0088,HISHAM MOHAMMAD MAMDOUTH AL-SHA'AR,
SYR0090,HOUMAM JAZAI'IRI,
SYR0090,HUMAM AL JAZAERI,
SYR0090,HAMMAM AL JAZAIRI,
SYR0090,HUMMAM ALJAZAERI,
SYR0090,HAMMAM AL-JAZAERI,
SYR0090,HOUMAM AL-JAZAERI,
SYR0090,HUMAM AL-JAZAERI,
SYR0090,HAMMAM AL-JAZAIRI,
SYR0090,HOUMAM AL-JAZAIRI,
SYR0090,HUMAM AL-JAZAIRI,
SYR0090,HAMMAM JAZAI'IRI,
SYR0090,HUMAM JAZAI'IRI,
SYR0091,HUSAM SUKKAR,
SYR0091,HUSAM SUKAR,
SYR0091,HUSSAM SUKAR,
SYR0091,HUSSAM SUKKAR,
SYR0092,HUSSAM LUQA,
SYR0092,HOUSAM LOUCA,
SYR0092,HOUSSAM LOUCA,
SYR0092,HUSAM LOUCA,
SYR0092,HUSSAM LOUCA,
SYR0092,HOUSAM LOUKA,
SYR0092,HOUSSAM LOUKA,
SYR0092,HUSAM LOUKA,
SYR0092,HUSSAM LOUKA,
SYR0092,HOUSAM LOUQA,
SYR0092,HOUSSAM LOUQA,
SYR0092,HUSAM LOUQA,
SYR0092,HUSSAM LOUQA,
SYR0092,HOUSAM LUKA,
SYR0092,HOUSSAM LUKA,
SYR0092,HUSAM LUKA,
SYR0092,HUSSAM LUKA,
SYR0092,HOUSAM LUQA,
SYR0092,HOUSSAM LUQA,
SYR0092,HUSAM LUQA,
SYR0092,HOUSAM,
SYR0092,HOUSSAM,
SYR0092,HUSAM,
SYR0092,LOUCA,
SYR0092,LOUKA,
SYR0092,LOUQA,
SYR0092,LUKA,
SYR0093,HUSSEIN ARNOUS,
SYR0093,HUSSEIN ARNUS,
SYR0094,IBRAHIM AL-HASSAN,
SYR0094,AL-HASAN,
SYR0095,HUSSEIN MAHMOUD FARZAT,
SYR0095,HUSSAIN MAHMOUD FARZAT,
SYR0095,HUSSAIN MAHMUD FARZAT,
SYR0095,HUSSAIN MOHAMMAD FARZAT,
SYR0095,HUSSEIN MAHMUD FARZAT,
SYR0095,HUSSEIN MOHAMMAD FARZAT,
SYR0096,HUSSEIN MAKHLOUF,
SYR0096,HUSSEIN MAKHLUF,
SYR0098,IBRAHIM MA'ALA,
SYR0098,IBRAHIM MAALA,
SYR0098,IBRAHIM MAALE,
SYR0099,IHAB MAKHLOUF,
SYR0099,EHAB MAKHLOUF,
SYR0099,IEHAB MAKHLOUF,
SYR0100,IMAD ABDULLAH SARA,
SYR0100,IMAD ABULLAH SARA,
SYR0100,IMAD ABDULLAH SARAH,
SYR0100,IMAD ABULLAH SARAH,
SYR0101,IMAD MOHAMMAD DEEB KHAMIS,
SYR0101,IMAD MOHAMED DEEB KHAMEES,
SYR0101,IMAD MOHAMED DIB KHAMEES,
SYR0101,IMAD MOHAMMAD DEEB KHAMEES,
SYR0101,IMAD MOHAMMAD DIB KHAMEES,
SYR0101,IMAD MOHAMMED DEEB KHAMEES,
SYR0101,IMAD MOHAMMED DIB KHAMEES,
SYR0101,IMAD MUHAMMAD DEEB KHAMEES,
SYR0101,IMAD MUHAMMAD DIB KHAMEES,
SYR0101,IMAD MOHAMED DEEB KHAMIS,
SYR0101,IMAD MOHAMED DIB KHAMIS,
SYR0101,IMAD MOHAMMAD DIB KHAMIS,
SYR0101,IMAD MOHAMMED DEEB KHAMIS,
SYR0101,IMAD MOHAMMED DIB KHAMIS,
SYR0101,IMAD MUHAMMAD DEEB KHAMIS,
SYR0101,IMAD MUHAMMAD DIB KHAMIS,
SYR0102,ISMAEL ISMAEL,
SYR0102,ISMAIL ISMAEL,
SYR0102,SMA'IL ISMAEL,
SYR0102,ISMAEL ISMAIL,
SYR0102,ISMAIL ISMAIL,
SYR0102,SMA'IL ISMAIL,
SYR0102,ISMAEL ISMA'IL,
SYR0102,ISMAIL ISMA'IL,
SYR0102,SMA'IL ISMA'IL,
SYR0103,ISSAM ANBOUBA,
SYR0104,ISSAM HALLAQ,
SYR0104,ESSAM HALAQ,
SYR0104,ISSAM HALAQ,
SYR0104,ESSAM HALLAK,
SYR0104,ISSAM HALLAK,
SYR0104,ESSAM HALLAQ,
SYR0104,ESSAM BARBER,
SYR0104,ISSAM BARBER,
SYR0105,ISSAM KHALIL,
SYR0106,IYAD MAKHLOUF,
SYR0106,EYAD MOHAMAD MAKHLOUF,
SYR0107,JASSEM MOHAMMAD ZAKARIA,
SYR0107,JASEM MOHAMED ZAKARIA,
SYR0107,JASEM MOHAMMAD ZAKARIA,
SYR0107,JASEM MOHAMMED ZAKARIA,
SYR0107,JASEM MUHAMMAD ZAKARIA,
SYR0107,JASSEM MOHAMED ZAKARIA,
SYR0107,JASSEM MOHAMMED ZAKARIA,
SYR0107,JASSEM MUHAMMAD ZAKARIA,
SYR0108,JAMAL SHA'BAN SHAHEEN,
SYR0108,JAMAL SHAABAN SHAHEEN,
SYR0109,JAMAL YUNES,
SYR0109,JAMAL YOUNES,
SYR0111,JAMIL HASSAN,
SYR0111,JAMEEL AL-HASSAN,
SYR0111,JAMIEEL AL-HASSAN,
SYR0111,JAMIL AL-HASSAN,
SYR0111,JAMEEL ASSAN,
SYR0111,JAMIEEL ASSAN,
SYR0111,JAMIL ASSAN,
SYR0111,JAMEEL HASSAN,
SYR0111,JAMIEEL HASSAN,
SYR0112,JAWDAT AL-AHMED,
SYR0112,JAWDAT AL-AHAMAD,
SYR0113,JAWDAT IBRAHIM SAFI,
SYR0114,JAYYIZ RAYYAN AL-MUSA,
SYR0114,JAEZ SAWADA AL-HAMMOUD AL-MOUSA,
SYR0114,JAYEZ AL-HAMMOUD AL-MOUSA,
SYR0115,JIHAD MOHAMED SULTAN,
SYR0115,JIHAD MOHAMMAD SULTAN,
SYR0115,JIHAD MOHAMMED SULTAN,
SYR0115,JIHAD MUHAMMAD SULTAN,
SYR0116,JOSEPH SUWAID,
SYR0116,SWEID,
SYR0117,JUMAH AL-AHMAD,
SYR0117,JUMAH AL AHMED,
SYR0118,KAMAL CHEIKA,
SYR0118,KAMAL AL-SHEIKHA,
SYR0119,KAMAL EDDIN TU'MA,
SYR0119,KAMAL EDDIN TOHME,
SYR0119,KAMAL EL DIN TOHME,
SYR0119,KAMALEDDINE TOHME,
SYR0119,KAMAL EL DIN TU'MA,
SYR0119,KAMALEDDINE TU'MA,
SYR0120,KHALAF SOULEYMANE ABDALLAH,
SYR0120,KHALAF SLEIMAN AL-ABDULLA,
SYR0120,KHALAF SLEIMAN AL-ABDULLAH,
SYR0121,KHALED SAWAN,
SYR0122,KHALID QADDUR,
SYR0122,KHALED KADDOUR,
SYR0122,KHALID KADDOUR,
SYR0122,KHALED QADDOUR,
SYR0122,KHALID QADDOUR,
SYR0122,KHALED QADDUR,
SYR0122,KHALED QADOUR,
SYR0122,KHALID QADOUR,
SYR0123,KHALID AL-TAWEEL,
SYR0123,KHALED AL-TAWIL,
SYR0124,KHAYR AL-DIN AL-SAYYED,
SYR0125,KHODR ORFALI,
SYR0125,KHUD ORFALI,
SYR0125,KHUDR ORFALI,
SYR0125,KHODR ORPHALY,
SYR0125,KHUD ORPHALY,
SYR0125,KHUDR ORPHALY,
SYR0125,KHODR URFALI,
SYR0125,KHUD URFALI,
SYR0125,KHUDR URFALI,
SYR0126,KHUDR KHUDR,
SYR0127,KIFAH MOULHEM,
SYR0127,KIFAH MILHIM,
SYR0127,KIFAH MOULHIM,
SYR0127,KIFAH MULHEM,
SYR0127,KIFAH MULHIM,
SYR0128,KINDA AL-SHAMMAT,
SYR0128,KINDA SHMAT,
SYR0129,LUBANA MUSHAWEH,
SYR0129,LUBANA MSHAWEH,
SYR0129,LUBANAH MSHAWEH,
SYR0129,LUBANA MSHAWWEHY,
SYR0129,LUBANAH MSHAWWEHY,
SYR0129,LUBANAH MUSHAWEH,
SYR0129,LUBANA MUSHAWWEH,
SYR0129,LUBANAH MUSHAWWEH,
SYR0130,LU'AI AL-ALI,
SYR0130,LOAI AL-ALI,
SYR0130,LOUAY AL-ALI,
SYR0131,MAAMOUN HAMDAN,
SYR0131,MA'MOUN HAMDAN,
SYR0132,MAAN JDIID,
SYR0132,MAAN JDIDD,
SYR0132,JADEED,
SYR0132,JDEED,
SYR0132,JDIF,
SYR0132,JEDEED,
SYR0132,JEDID,
SYR0132,MA'AN,
SYR0133,MAYZAR ABDU SAWAN,
SYR0133,MEEZER SAWAN,
SYR0134,MAHER AL-ASSAD,
SYR0134,MAHIR AL-ASSAD,
SYR0135,MANAL AL-ASSAD,
SYR0135,MANAL AL JADAAN,
SYR0136,MAHMOUD IBRAHEEM SA'ID,
SYR0136,MAHMOUD IBRAHEEM SAEED,
SYR0136,MAHMOUD IBRAHEEM SA'EED,
SYR0136,MAHMOUD IBRAHEEM SAID,
SYR0136,MAHMOUD IBRAHEEM SAIID,
SYR0137,MANSOUR FADLALLAH AZZAM,
SYR0137,MANSOUR FADL ALLAH AZAM,
SYR0137,MANSOUR FADLALLAH AZAM,
SYR0137,MANSUR FADL ALLAH AZAM,
SYR0137,MANSUR FADLALLAH AZAM,
SYR0137,MANSOUR FADL ALLAH AZZAM,
SYR0137,MANSUR FADL ALLAH AZZAM,
SYR0137,MANSUR FADLALLAH AZZAM,
SYR0138,MAHER SULAIMAN,
SYR0138,MAHIR SULAIMAN,
SYR0138,MAHER SULEIMAN,
SYR0138,MAHIR SULEIMAN,
SYR0139,MAKHMOUD AL-KHATTIB,
SYR0139,MAHMOUD AL-KHATEEB,
SYR0139,MAKHMOUD AL-KHATEEB,
SYR0139,MAHMOUD AL-KHATIB,
SYR0139,MAKHMOUD AL-KHATIB,
SYR0139,AL-KHATTIB MAHMOUD,
SYR0140,MALEK ALI,
SYR0140,MALEK MUHAMMAD ALI,
SYR0140,MALIK ALI,
SYR0140,MALIK MUHAMMAD ALI,
SYR0141,MALIK HASAN,
SYR0141,MALEK HASAN,
SYR0141,MALEK HASSAN,
SYR0141,MALIK HASSAN,
SYR0142,ABDUL-SALAM FAJR MAHMOUD,
SYR0143,SAMIR DABUL,
SYR0143,SAMIR DAABOUL,
SYR0144,AYMAN JABIR,
SYR0144,AYMIN JABER,
SYR0145,JAWDAT SALBI MAWAS,
SYR0145,JAWDAT SALIBI MAWAS,
SYR0145,JAWDAT SALBI MAWWAS,
SYR0145,JAWDAT SALIBI MAWWAS,
SYR0145,JAWDAT SALBI MAWWAZ,
SYR0145,JAWDAT SALIBI MAWWAZ,
SYR0146,ADNAN SLAKHO,
SYR0146,ADNAN AS-SAHNI,
SYR0146,ADNAN ABU AS-SAHNI,
SYR0146,ADNAN ABU SLAKHO,
SYR0146,ADNAN ABDO AL-SUKHNI,
SYR0147,MOHAMMAD SAFWAN KATAN,
SYR0147,MOHAMMAD SAFWAN QATTAN,
SYR0148,SAMER ABDELRAHMAN AL-KHALIL,
SYR0149,MOHAMMAD YAHIYA MOALLA,
SYR0149,MOHAMED YAHIA MAALA,
SYR0149,MOHAMED YAHIYA MAALA,
SYR0149,MOHAMED YAHYA MAALA,
SYR0149,MOHAMED YEHYA MAALA,
SYR0149,MOHAMED YIHIA MAALA,
SYR0149,MOHAMED YIHYA MAALA,
SYR0149,MOHAMMAD YAHIA MAALA,
SYR0149,MOHAMMAD YAHIYA MAALA,
SYR0149,MOHAMMAD YAHYA MAALA,
SYR0149,MOHAMMAD YEHYA MAALA,
SYR0149,MOHAMMAD YIHIA MAALA,
SYR0149,MOHAMMAD YIHYA MAALA,
SYR0149,MOHAMMED YAHIA MAALA,
SYR0149,MOHAMMED YAHIYA MAALA,
SYR0149,MOHAMMED YAHYA MAALA,
SYR0149,MOHAMMED YEHYA MAALA,
SYR0149,MOHAMMED YIHIA MAALA,
SYR0149,MOHAMMED YIHYA MAALA,
SYR0149,MUHAMMAD YAHIA MAALA,
SYR0149,MUHAMMAD YAHIYA MAALA,
SYR0149,MUHAMMAD YAHYA MAALA,
SYR0149,MUHAMMAD YEHYA MAALA,
SYR0149,MUHAMMAD YIHIA MAALA,
SYR0149,MUHAMMAD YIHYA MAALA,
SYR0149,MOHAMED YAHIA MALA,
SYR0149,MOHAMED YAHIYA MALA,
SYR0149,MOHAMED YAHYA MALA,
SYR0149,MOHAMED YEHYA MALA,
SYR0149,MOHAMED YIHIA MALA,
SYR0149,MOHAMED YIHYA MALA,
SYR0149,MOHAMMAD YAHIA MALA,
SYR0149,MOHAMMAD YAHIYA MALA,
SYR0149,MOHAMMAD YAHYA MALA,
SYR0149,MOHAMMAD YEHYA MALA,
SYR0149,MOHAMMAD YIHIA MALA,
SYR0149,MOHAMMAD YIHYA MALA,
SYR0149,MOHAMMED YAHIA MALA,
SYR0149,MOHAMMED YAHIYA MALA,
SYR0149,MOHAMMED YAHYA MALA,
SYR0149,MOHAMMED YEHYA MALA,
SYR0149,MOHAMMED YIHIA MALA,
SYR0149,MOHAMMED YIHYA MALA,
SYR0149,MUHAMMAD YAHIA MALA,
SYR0149,MUHAMMAD YAHIYA MALA,
SYR0149,MUHAMMAD YAHYA MALA,
SYR0149,MUHAMMAD YEHYA MALA,
SYR0149,MUHAMMAD YIHIA MALA,
SYR0149,MUHAMMAD YIHYA MALA,
SYR0149,MOHAMED YAHIA MA'LA,
SYR0149,MOHAMED YAHIYA MA'LA,
SYR0149,MOHAMED YAHYA MA'LA,
SYR0149,MOHAMED YEHYA MA'LA,
SYR0149,MOHAMED YIHIA MA'LA,
SYR0149,MOHAMED YIHYA MA'LA,
SYR0149,MOHAMMAD YAHIA MA'LA,
SYR0149,MOHAMMAD YAHIYA MA'LA,
SYR0149,MOHAMMAD YAHYA MA'LA,
SYR0149,MOHAMMAD YEHYA MA'LA,
SYR0149,MOHAMMAD YIHIA MA'LA,
SYR0149,MOHAMMAD YIHYA MA'LA,
SYR0149,MOHAMMED YAHIA MA'LA,
SYR0149,MOHAMMED YAHIYA MA'LA,
SYR0149,MOHAMMED YAHYA MA'LA,
SYR0149,MOHAMMED YEHYA MA'LA,
SYR0149,MOHAMMED YIHIA MA'LA,
SYR0149,MOHAMMED YIHYA MA'LA,
SYR0149,MUHAMMAD YAHIA MA'LA,
SYR0149,MUHAMMAD YAHIYA MA'LA,
SYR0149,MUHAMMAD YAHYA MA'LA,
SYR0149,MUHAMMAD YEHYA MA'LA,
SYR0149,MUHAMMAD YIHIA MA'LA,
SYR0149,MUHAMMAD YIHYA MA'LA,
SYR0149,MOHAMED YAHIA MOALLA,
SYR0149,MOHAMED YAHIYA MOALLA,
SYR0149,MOHAMED YAHYA MOALLA,
SYR0149,MOHAMED YEHYA MOALLA,
SYR0149,MOHAMED YIHIA MOALLA,
SYR0149,MOHAMED YIHYA MOALLA,
SYR0149,MOHAMMAD YAHIA MOALLA,
SYR0149,MOHAMMAD YAHYA MOALLA,
SYR0149,MOHAMMAD YEHYA MOALLA,
SYR0149,MOHAMMAD YIHIA MOALLA,
SYR0149,MOHAMMAD YIHYA MOALLA,
SYR0149,MOHAMMED YAHIA MOALLA,
SYR0149,MOHAMMED YAHIYA MOALLA,
SYR0149,MOHAMMED YAHYA MOALLA,
SYR0149,MOHAMMED YEHYA MOALLA,
SYR0149,MOHAMMED YIHIA MOALLA,
SYR0149,MOHAMMED YIHYA MOALLA,
SYR0149,MUHAMMAD YAHIA MOALLA,
SYR0149,MUHAMMAD YAHIYA MOALLA,
SYR0149,MUHAMMAD YAHYA MOALLA,
SYR0149,MUHAMMAD YEHYA MOALLA,
SYR0149,MUHAMMAD YIHIA MOALLA,
SYR0149,MUHAMMAD YIHYA MOALLA,
SYR0149,MOHAMED YAHIA MUALA,
SYR0149,MOHAMED YAHIYA MUALA,
SYR0149,MOHAMED YAHYA MUALA,
SYR0149,MOHAMED YEHYA MUALA,
SYR0149,MOHAMED YIHIA MUALA,
SYR0149,MOHAMED YIHYA MUALA,
SYR0149,MOHAMMAD YAHIA MUALA,
SYR0149,MOHAMMAD YAHIYA MUALA,
SYR0149,MOHAMMAD YAHYA MUALA,
SYR0149,MOHAMMAD YEHYA MUALA,
SYR0149,MOHAMMAD YIHIA MUALA,
SYR0149,MOHAMMAD YIHYA MUALA,
SYR0149,MOHAMMED YAHIA MUALA,
SYR0149,MOHAMMED YAHIYA MUALA,
SYR0149,MOHAMMED YAHYA MUALA,
SYR0149,MOHAMMED YEHYA MUALA,
SYR0149,MOHAMMED YIHIA MUALA,
SYR0149,MOHAMMED YIHYA MUALA,
SYR0149,MUHAMMAD YAHIA MUALA,
SYR0149,MUHAMMAD YAHIYA MUALA,
SYR0149,MUHAMMAD YAHYA MUALA,
SYR0149,MUHAMMAD YEHYA MUALA,
SYR0149,MUHAMMAD YIHIA MUALA,
SYR0149,MUHAMMAD YIHYA MUALA,
SYR0149,MOHAMED YAHIA MU'LA,
SYR0149,MOHAMED YAHIYA MU'LA,
SYR0149,MOHAMED YAHYA MU'LA,
SYR0149,MOHAMED YEHYA MU'LA,
SYR0149,MOHAMED YIHIA MU'LA,
SYR0149,MOHAMED YIHYA MU'LA,
SYR0149,MOHAMMAD YAHIA MU'LA,
SYR0149,MOHAMMAD YAHIYA MU'LA,
SYR0149,MOHAMMAD YAHYA MU'LA,
SYR0149,MOHAMMAD YEHYA MU'LA,
SYR0149,MOHAMMAD YIHIA MU'LA,
SYR0149,MOHAMMAD YIHYA MU'LA,
SYR0149,MOHAMMED YAHIA MU'LA,
SYR0149,MOHAMMED YAHIYA MU'LA,
SYR0149,MOHAMMED YAHYA MU'LA,
SYR0149,MOHAMMED YEHYA MU'LA,
SYR0149,MOHAMMED YIHIA MU'LA,
SYR0149,MOHAMMED YIHYA MU'LA,
SYR0149,MUHAMMAD YAHIA MU'LA,
SYR0149,MUHAMMAD YAHIYA MU'LA,
SYR0149,MUHAMMAD YAHYA MU'LA,
SYR0149,MUHAMMAD YEHYA MU'LA,
SYR0149,MUHAMMAD YIHIA MU'LA,
SYR0149,MUHAMMAD YIHYA MU'LA,
SYR0150,MOHAMMAD ZIAD GHRIWATI,
SYR0151,MOHAMMED AL-AHMED,
SYR0151,MOHAMED AL-AHMAD,
SYR0151,MOHAMMAD AL-AHMAD,
SYR0151,MOHAMMED AL-AHMAD,
SYR0151,MUHAMMAD AL-AHMAD,
SYR0151,MOHAMED AL-AHMED,
SYR0151,MOHAMMAD AL-AHMED,
SYR0151,MUHAMMAD AL-AHMED,
SYR0152,MOHAMMED HAMCHO,
SYR0152,MOHAMMAD HAMCHO,
SYR0152,MOHAMMAD SABER HAMCHO,
SYR0152,MOHAMMAD HAMSHO,
SYR0152,MOHAMMAD SABER HAMSHO,
SYR0152,MOHAMMED HAMSHO,
SYR0153,MOHAMED HEIKMAT IBRAHIM,
SYR0153,MOHAMED,
SYR0154,MOHAMMED JABIR,
SYR0155,MOHAMAD GHAZI AL-JALALI,
SYR0155,MOHAMMAD GHAZI AL-JALALI,
SYR0155,MOHAMAD GHAZI JALALI,
SYR0155,MOHAMMAD GHAZI JALALI,
SYR0156,MOHAMAD AMER MARDINI,
SYR0156,MOHAMAD AMER AL-MARDINI,
SYR0156,MOHAMED AMER AL-MARDINI,
SYR0156,MOHAMMAD AMER AL-MARDINI,
SYR0156,MOHAMED AMER MARDINI,
SYR0156,MOHAMMAD AMER MARDINI,
SYR0157,MOHAMED IBRAHIM KHADDOR,
SYR0157,MOHAMMAD KHADDOR,
SYR0157,MOHAMMED KHADDOR,
SYR0157,MUHAMMAD KHADDOR,
SYR0157,MOHAMED KHADDOUR,
SYR0157,MOHAMMAD KHADDOUR,
SYR0157,MOHAMMED KHADDOUR,
SYR0157,MUHAMMAD KHADDOUR,
SYR0157,MOHAMED KHADDUR,
SYR0157,MOHAMMAD KHADDUR,
SYR0157,MOHAMMED KHADDUR,
SYR0157,MUHAMMAD KHADDUR,
SYR0157,MOHAMED KHADOUR,
SYR0157,MOHAMMAD KHADOUR,
SYR0157,MOHAMMED KHADOUR,
SYR0157,MUHAMMAD KHADOUR,
SYR0157,MOHAMED KHUDOUR,
SYR0157,MOHAMMAD KHUDOUR,
SYR0157,MOHAMMED KHUDOUR,
SYR0157,MUHAMMAD KHUDOUR,
SYR0157,MUHAMMAD IBRAHIM KHADDUR,
SYR0158,MOHAMED MAARUF,
SYR0158,MOHAMED MAAROUF,
SYR0158,MOHAMED MA'ROUF,
SYR0158,MOHAMED MA'RUF,
SYR0159,MOHAMED MAZEN ALI YOUSEF,
SYR0159,MOHAMAD MAZEN ALI YOUSAF,
SYR0159,MOHAMED MAZEN ALI YOUSAF,
SYR0159,MOHAMAD MAZEN ALI YOUSEF,
SYR0159,YOUSAF,
SYR0160,MOHAMMAD ABDUL-SATTAR AL SAYED,
SYR0160,MOHAMMED ABDUL AL SAYED,
SYR0160,MOHAMMED ABDUL SATTAR AL SAYED,
SYR0160,MOHAMMAD ABDUL-SATTAR AL-SAYYED,
SYR0160,MOHAMMED ABDUL AL-SAYYED,
SYR0160,MOHAMMED ABDUL SATTAR AL-SAYYED,
SYR0162,MOHAMMAD AL-JLEILATI,
SYR0162,MOHAMED AL-JILILATI,
SYR0162,MOHAMMAD AL-JILILATI,
SYR0162,MOHAMMED AL-JILILATI,
SYR0162,MUHAMMAD AL-JILILATI,
SYR0162,MOHAMED AL-JLEILATI,
SYR0162,MOHAMMED AL-JLEILATI,
SYR0162,MUHAMMAD AL-JLEILATI,
SYR0163,MOHAMMAD DARAR KHALUDI,
SYR0163,MOHAMMAD KHALOUDY,
SYR0163,MOHAMMAD DARAR KHALOUDY,
SYR0163,MOHAMMED DIRAR KHALOUDY,
SYR0163,MOHAMMAD KHALUDI,
SYR0163,MOHAMMED DIRAR KHALUDI,
SYR0163,MOHAMMAD KHLOUDI,
SYR0163,MOHAMMAD DARAR KHLOUDI,
SYR0163,MOHAMMED DIRAR KHLOUDI,
SYR0163,MOHAMMAD KHULOUDI,
SYR0163,MOHAMMAD DARAR KHULOUDI,
SYR0163,MOHAMMED DIRAR KHULOUDI,
SYR0164,MOHAMMAD IBRAHIM AL-SHAAR,
SYR0164,MOHAMED IBRAHIM AL-CHAAR,
SYR0164,MOHAMMAD IBRAHIM AL-CHAAR,
SYR0164,MOHAMMED IBRAHIM AL-CHAAR,
SYR0164,MUHAMMAD IBRAHIM AL-CHAAR,
SYR0164,MOHAMED IBRAHIM AL-CHA'AR,
SYR0164,MOHAMMAD IBRAHIM AL-CHA'AR,
SYR0164,MOHAMMED IBRAHIM AL-CHA'AR,
SYR0164,MUHAMMAD IBRAHIM AL-CHA'AR,
SYR0164,MOHAMED IBRAHIM AL-SHAAR,
SYR0164,MOHAMMED IBRAHIM AL-SHAAR,
SYR0164,MUHAMMAD IBRAHIM AL-SHAAR,
SYR0164,MOHAMED IBRAHIM AL-SHA'AR,
SYR0164,MOHAMMAD IBRAHIM AL-SHA'AR,
SYR0164,MOHAMMED IBRAHIM AL-SHA'AR,
SYR0164,MUHAMMAD IBRAHIM AL-SHA'AR,
SYR0166,MOHAMMAD MUFLEH,
SYR0167,MOHAMED TOURJMAN,
SYR0167,MOHAMMAD RAMEZ TOURJMAN,
SYR0167,MOHAMMED TOURJMAN,
SYR0167,MUHAMMAD TOURJMAN,
SYR0167,MOHAMED TOURJUMAN,
SYR0167,MOHAMMAD RAMEZ TOURJUMAN,
SYR0167,MOHAMMED TOURJUMAN,
SYR0167,MUHAMMAD TOURJUMAN,
SYR0169,MOHAMMAD WALID GHAZAL,
SYR0170,MOHAMMED ZUHAIR KHARBOUTLI,
SYR0170,MOHAMMED ZAHIR KHARBOUTLI,
SYR0170,MOHAMMMAD ZUHAIR KHARBUTLI,
SYR0172,MUHAMAD MAHALLA,
SYR0172,MOHAMED MAALLA,
SYR0172,MUHAMAD MAALLA,
SYR0172,MUHAMMAD MAALLA,
SYR0172,MOHAMED MAHALLA,
SYR0172,MUHAMMAD MAHALLA,
SYR0172,MOHAMED MAHLA,
SYR0172,MUHAMAD MAHLA,
SYR0172,MUHAMMAD MAHLA,
SYR0172,MOHAMED MUALLA,
SYR0172,MUHAMAD MUALLA,
SYR0172,MUHAMMAD MUALLA,
SYR0172,MOHAMED MUHALLA,
SYR0172,MUHAMAD MUHALLA,
SYR0172,MUHAMMAD MUHALLA,
SYR0173,MUHAMMAD ALI DURGHAM,
SYR0173,MOHAMMAD DIRGHAM,
SYR0173,MOHAMMED DIRGHAM,
SYR0173,MUHAMMAD DIRGHAM,
SYR0173,MUHAMMAD ALI DIRGHAM,
SYR0173,MOHAMMAD DURGHAM,
SYR0173,MOHAMMED DURGHAM,
SYR0173,MUHAMMAD DURGHAM,
SYR0174,MUHAMMAD DIB ZAYTUN,
SYR0174,MOHAMMED DEEB ZAITOUN,
SYR0174,MUHAMMAD DEEB ZAITOUN,
SYR0174,MUHAMMAD DIB ZAITOUN,
SYR0174,MOHAMMED DEEB ZAYTUN,
SYR0174,MUHAMMAD DEEB ZAYTUN,
SYR0174,MOHAMMED DEEB ZEITOUN,
SYR0174,MOHAMMED DIB ZEITOUN,
SYR0174,MUHAMMAD DEEB ZEITOUN,
SYR0174,MUHAMMAD DIB ZEITOUN,
SYR0174,MOHAMED DIB ZEITUN,
SYR0174,MOHAMMED DEEB ZEITUN,
SYR0174,MUHAMMAD DEEB ZEITUN,
SYR0175,MUHAMMAD KHALLOUF,
SYR0175,ABOU EZZAT,
SYR0176,MOHAMMED BILAL,
SYR0176,MUHAMMAD NAFI BILAL,
SYR0176,MUHAMMAD BILAL,
SYR0177,MUHAMMAD YOUSEF HASOURI,
SYR0177,MOHAMMAD YOUSEF HASOURI,
SYR0177,MOHAMMED YOUSEF HASOURI,
SYR0178,MUHAMMAD IBRAHIM,
SYR0179,MUHAMMAD SAID BUKHAYTAN,
SYR0179,MOHAMMAD SAEED BUKHAYTAN,
SYR0179,MOHAMMAD SA'EED BUKHAYTAN,
SYR0179,MOHAMMAD SAID BUKHAYTAN,
SYR0179,MOHAMMAD SA'ID BUKHAYTAN,
SYR0179,MOHAMMED SAEED BUKHAYTAN,
SYR0179,MOHAMMED SA'EED BUKHAYTAN,
SYR0179,MOHAMMED SAID BUKHAYTAN,
SYR0179,MOHAMMED SA'ID BUKHAYTAN,
SYR0179,MUHAMMAD SAEED BUKHAYTAN,
SYR0179,MUHAMMAD SA'EED BUKHAYTAN,
SYR0179,MUHAMMAD SA'ID BUKHAYTAN,
SYR0179,SAID BEKHEITAN,
SYR0180,MUHAMMED ZAMRINI,
SYR0180,ZMARENA,
SYR0181,MUJAHED ISMAIL,
SYR0181,MUJAHED ISMAEL,
SYR0182,MUNIR ADANOV,
SYR0182,MONEER ADANOF,
SYR0182,MONIR ADANOF,
SYR0182,MOUNEER ADANOF,
SYR0182,MOUNIR ADANOF,
SYR0182,MUNEER ADANOF,
SYR0182,MUNIR ADANOF,
SYR0182,MONEER ADANOV,
SYR0182,MONIR ADANOV,
SYR0182,MOUNEER ADANOV,
SYR0182,MOUNIR ADANOV,
SYR0182,MUNEER ADANOV,
SYR0182,MONEER ADNUF,
SYR0182,MONIR ADNUF,
SYR0182,MOUNEER ADNUF,
SYR0182,MOUNIR ADNUF,
SYR0182,MUNEER ADNUF,
SYR0182,MUNIR ADNUF,
SYR0183,MUNZIR JAMIL AL ASAD,
SYR0183,MONZER JAMIL AL ASAD,
SYR0183,MUNDHIR JAMIL AL ASAD,
SYR0183,MONZER JAMIL AL-ASSAD,
SYR0183,MUNDHIR JAMIL AL-ASSAD,
SYR0183,MUNZIR JAMIL AL-ASSAD,
SYR0184,NABIL AL-HASAN,
SYR0184,AL-HASSAN,
SYR0185,NAIM JASEM SULEIMAN,
SYR0185,NAAEEM JASEM SULEIMAN,
SYR0185,NAAIM JASEM SULEIMAN,
SYR0185,NAEEM JASEM SULEIMAN,
SYR0185,NA'EEM JASEM SULEIMAN,
SYR0185,NA'IM JASEM SULEIMAN,
SYR0186,NAJM HAMAD AL AHMAD,
SYR0186,NEJM HAMAD AL AHMAD,
SYR0186,NAJM HAMAD AL-AHMED,
SYR0186,NEJM HAMAD AL-AHMED,
SYR0187,NAJM-EDDIN KHREIT,
SYR0187,NAJM KHRAIT,
SYR0187,NAJM-ADDEEN KHRAIT,
SYR0187,NAJM-ADDIN KHRAIT,
SYR0187,NAJM-EDDEEN KHRAIT,
SYR0187,NAJM-EDDIN KHRAIT,
SYR0187,NEJM-ADDEEN KHRAIT,
SYR0187,NEJM-ADDIN KHRAIT,
SYR0187,NEJM-EDDEEN KHRAIT,
SYR0187,NEJM-EDDIN KHRAIT,
SYR0187,NAJM AL DEEN KHREIT,
SYR0187,NAJM-ADDEEN KHREIT,
SYR0187,NAJM-ADDIN KHREIT,
SYR0187,NAJM-EDDEEN KHREIT,
SYR0187,NEJM-ADDEEN KHREIT,
SYR0187,NEJM-ADDIN KHREIT,
SYR0187,NEJM-EDDEEN KHREIT,
SYR0187,NEJM-EDDIN KHREIT,
SYR0188,NASSER AL-ALI,
SYR0188,NASER AL-ALI,
SYR0188,NASR AL-ALI,
SYR0189,NAWFUL AL-HUSAYN,
SYR0189,NAWFAL AL-HUSAYN,
SYR0189,NAWFEL AL-HUSAYN,
SYR0189,NOFAL AL-HUSAYN,
SYR0189,NAWFAL AL-HUSSAIN,
SYR0189,NAWFEL AL-HUSSAIN,
SYR0189,NAWFUL AL-HUSSAIN,
SYR0189,NOFAL AL-HUSSAIN,
SYR0189,NAWFAL AL-HUSSEIN,
SYR0189,NAWFEL AL-HUSSEIN,
SYR0189,NAWFUL AL-HUSSEIN,
SYR0189,NOFAL AL-HUSSEIN,
SYR0190,NAZEERA FARAH SARKEES,
SYR0190,NADHEERA FARAH SARKEES,
SYR0190,NADIRA FARAH SARKEES,
SYR0190,NAZIRA FARAH SARKEES,
SYR0190,NADHEERA FARAH SARKIS,
SYR0190,NADHIRA FARAH SARKIS,
SYR0190,NAZEERA FARAH SARKIS,
SYR0190,NAZIRA FARAH SARKIS,
SYR0191,NAZIH HASSUN,
SYR0191,NAHIB HASSOUN,
SYR0191,NAZEEH HASSOUN,
SYR0191,NAZIH HASSOUN,
SYR0191,NAHIB HASSUN,
SYR0191,NAZEEH HASSUN,
SYR0192,NAZIH ZAREER,
SYR0192,NAZIH ZERIR,
SYR0194,NIZAR WAHBEH YAZAJI,
SYR0194,NIZAR WEHBE YAZAJI,
SYR0194,AL-YAZIGI,
SYR0194,YAZIGI,
SYR0195,OMAR IBRAHIM GHALAWANJI,
SYR0197,QADRI JAMIL,
SYR0197,KADRI JAMEEL,
SYR0197,QADRI JAMEEL,
SYR0197,KADRI JAMIL,
SYR0199,QUSAY MIHOUB,
SYR0200,RAFE'A ABU SA'AD,
SYR0200,RAFE'A ABU SAAD,
SYR0201,RAFIQ SHAHADAH,
SYR0201,RAFEEQ CHAHADA,
SYR0201,RAFIQ CHAHADA,
SYR0201,RAFEEQ CHAHADE,
SYR0201,RAFIQ CHAHADE,
SYR0201,RAFEEQ CHAHADEH,
SYR0201,RAFIQ CHAHADEH,
SYR0201,RAFEEQ SHAHADA,
SYR0201,RAFIQ SHAHADA,
SYR0201,RAFEEQ SHAHADAH,
SYR0201,RAFEEQ SHAHADE,
SYR0201,RAFIQ SHAHADE,
SYR0201,RAFEEQ SHAHADEH,
SYR0201,RAFIQ SHAHADEH,
SYR0201,RAFEEQ SHSHADAH,
SYR0201,RAFIQ SHSHADAH,
SYR0202,RAIF AL-QUWATLY,
SYR0202,RAEEF AL-KOUATLY,
SYR0202,RAIF AL-KOUATLY,
SYR0202,RA'IF AL-KOUATLY,
SYR0202,RI'AF AL-KOUATLY,
SYR0202,RAEEF AL-QUWATLI,
SYR0202,RAIF AL-QUWATLI,
SYR0202,RA'IF AL-QUWATLI,
SYR0202,RI'AF AL-QUWATLI,
SYR0202,RAEEF AL-QUWATLY,
SYR0202,RA'IF AL-QUWATLY,
SYR0202,RI'AF AL-QUWATLY,
SYR0203,RAMADAN MAHMOUD RAMADAN,
SYR0203,RAMADAN AL-RAMADAN,
SYR0204,RAMI MAKHLOUF,
SYR0205,RAYMOND RIZQ,
SYR0205,RAYMOND RIZK,
SYR0206,RAZAN OTHMAN,
SYR0207,RIMA AL-QADIRI,
SYR0207,RIMA AL-KADIRI,
SYR0208,RIYAD CHALICHE,
SYR0208,RIYAD SHALEESH,
SYR0208,RIYAD SHALISH,
SYR0209,SAFWAN AL ASSAF,
SYR0210,SA'IID MA'THI HNEIDI,
SYR0210,SAEED MAAZI HNEIDI,
SYR0210,SAEED MA'DHI HNEIDI,
SYR0210,SAEED MA'THI HNEIDI,
SYR0210,SAEED MA'ZI HNEIDI,
SYR0210,SAEED MU'DHI HNEIDI,
SYR0210,SAEED MU'ZI HNEIDI,
SYR0210,SA'EED MAAZI HNEIDI,
SYR0210,SA'EED MA'DHI HNEIDI,
SYR0210,SA'EED MA'THI HNEIDI,
SYR0210,SA'EED MA'ZI HNEIDI,
SYR0210,SA'EED MU'DHI HNEIDI,
SYR0210,SA'EED MU'ZI HNEIDI,
SYR0210,SA'ID MAAZI HNEIDI,
SYR0210,SA'ID MA'DHI HNEIDI,
SYR0210,SA'ID MA'THI HNEIDI,
SYR0210,SA'ID MA'ZI HNEIDI,
SYR0210,SA'ID MU'DHI HNEIDI,
SYR0210,SA'ID MU'ZI HNEIDI,
SYR0210,SA'IID MAAZI HNEIDI,
SYR0210,SA'IID MA'DHI HNEIDI,
SYR0210,SA'IID MA'ZI HNEIDI,
SYR0210,SA'IID MU'DHI HNEIDI,
SYR0210,SA'IID MU'ZI HNEIDI,
SYR0211,SAJI' DARWISH,
SYR0211,JAMIL DARWIS,
SYR0211,SAJEE DARWIS,
SYR0211,SAJI DARWIS,
SYR0211,SAJI' DARWIS,
SYR0211,SJAA DARWIS,
SYR0211,JAMIL DARWISH,
SYR0211,SAJEE DARWISH,
SYR0211,SAJI DARWISH,
SYR0211,SJAA DARWISH,
SYR0212,SALAH HAMAD,
SYR0213,SALAM MOHAMMAD AL-SAFFAF,
SYR0215,SALEH AL-RASHED,
SYR0216,SALWA ABDULLAH,
SYR0216,SALWA ABDALLAH,
SYR0217,SAMIR HASSAN,
SYR0217,SAMEER AL-HASSAN,
SYR0217,SAMEER HASAN,
SYR0217,SAMIR AL-HASSAN,
SYR0217,SAMIR HASAN,
SYR0217,SAMEER HASSAN,
SYR0218,SAMIR IZZAT QADI AMIN,
SYR0219,SAMIR JOUMAA,
SYR0219,SAMEER JOUM'A,
SYR0219,SAMIR JOUM'A,
SYR0219,SAMEER JOUMAA,
SYR0219,SAMEER JUM'A,
SYR0219,SAMIR JUM'A,
SYR0219,SAMEER JUMAA,
SYR0219,SAMIR JUMAA,
SYR0219,ABOU SAMI,
SYR0220,SHA'AFIQ MASA,
SYR0220,SHAFIK MASA,
SYR0220,SHAFIQ MASA,
SYR0220,SHA'AFIQ MASSA,
SYR0220,SHAFIK MASSA,
SYR0220,SHAFIQ MASSA,
SYR0221,SUBHI AHMAD AL ABDALLAH,
SYR0221,SUBHI AHMAD AL-ABDALLAH,
SYR0221,SUBHI AHMAD AL-ABDULLAH,
SYR0222,SUFIAN ALLAW,
SYR0223,SUHAIL AL-ABDULLAH,
SYR0223,SAHEIL AL-ABDALLAH,
SYR0223,SUHAIL AL-ABDALLAH,
SYR0223,SAHEIL AL-ABDULLAH,
SYR0223,AL-ABDALLAH,
SYR0223,SUHEIL,
SYR0224,SUHAYL HASSAN,
SYR0224,SOHAIL AL-HASAN,
SYR0224,SUHAIL AL-HASAN,
SYR0224,SUHAYL AL-HASAN,
SYR0224,SUHEIL AL-HASAN,
SYR0224,SOHAIL AL-HASSAN,
SYR0224,SUHAIL AL-HASSAN,
SYR0224,SUHAYL AL-HASSAN,
SYR0224,SUHEIL AL-HASSAN,
SYR0224,SOHAIL HASAN,
SYR0224,SUHAIL HASAN,
SYR0224,SUHAYL HASAN,
SYR0224,SUHEIL HASAN,
SYR0224,SOHAIL HASSAN,
SYR0224,SUHAIL HASSAN,
SYR0224,SUHEIL HASSAN,
SYR0224,AL-NIMR,
SYR0224,SALMAN,
SYR0224,THE TIGER,
SYR0225,SULEIMAN AL ABBAS,
SYR0226,TAHA TAHA,
SYR0227,TAHIR HAMID KHALIL,
SYR0227,TAHIR HAMID KHALI,
SYR0227,KHALIL TAHIR HAMID,
SYR0228,TALA MUSTAFA TLASS,
SYR0228,NAIM TALA MUSTAFA TLASS,
SYR0229,TALAL MAKHLOUF,
SYR0229,TALAL MAKHLUF,
SYR0229,MAKHLUF,
SYR0231,TAWFIQ YOUNES,
SYR0231,TAWFIK YOUNES,
SYR0231,TAWFIK YOUNIS,
SYR0231,TAWFIQ YOUNIS,
SYR0231,TAWFIK YUNES,
SYR0231,TAWFIQ YUNES,
SYR0232,TAYSEER QALA AWWAD,
SYR0233,WAEL NADER AL-HALQI,
SYR0233,WAEL NADER AL-HALKI,
SYR0234,WAFIQ NASSER,
SYR0234,WAFEEQ NASSER,
SYR0235,WAFIQA HOSNI,
SYR0236,WAJIH MAHMUD,
SYR0236,WAJEEH MAHMUD,
SYR0238,YASIN AHMAD DAHI,
SYR0238,YASIN DHAHI,
SYR0239,YASSER AL SIBA'II,
SYR0239,YASER AL SIBAEI,
SYR0239,YASSER AL SIBAEI,
SYR0239,YASER AL-SIBAI,
SYR0239,YASSER AL-SIBAI,
SYR0239,YASER AL-SIBA'I,
SYR0239,YASSER AL-SIBA'I,
SYR0239,YASER SIBAI,
SYR0239,YASSER SIBAI,
SYR0241,YOUSEF SULEIMAN AL-AHMAD,
SYR0241,YOUSEF SULEIMAN AL-AHMED,
SYR0242,YUSUF AJEEB,
SYR0242,YUSUF AJIB,
SYR0243,ZOULHIMA CHALICHE,
SYR0243,DHU AL-HIMMA CHALICHE,
SYR0243,ZU AL-HIMMA CHALICHE,
SYR0243,DHU AL-HIMMA SHALEESH,
SYR0243,ZOULHIMA SHALEESH,
SYR0243,ZU AL-HIMMA SHALEESH,
SYR0243,DHU AL-HIMMA SHALISH,
SYR0243,ZOULHIMA SHALISH,
SYR0243,ZU AL-HIMMA SHALISH,
SYR0244,ZUHAIR FADHLUN,
SYR0244,ZOHER FADHLOUN,
SYR0244,ZUHAIR FADHLOUN,
SYR0244,ZOHER FADHLUN,
SYR0244,ZOHER FADLON,
SYR0245,ZUHAIR HAMAD,
SYR0245,ZOUHAIR HAMAD,
SYR0245,ZOUHEIR HAMAD,
SYR0245,ZUHEIR HAMAD,
SYR0246,BASSAM BASHIR IBRAHIM,
SYR0247,MICHEL KASSOUHA,
SYR0247,AHMED SALEM HASSAN,
SYR0247,MICHEL KASOUHA,
SYR0247,AHMED SALEM,
SYR0248,AHMED AL-JARROUCHEH,
SYR0248,AHMAD AL-JARROUCHEH,
SYR0248,AHMAD AL-JARROUCHI,
SYR0248,AHMED AL-JARROUCHI,
SYR0248,AHMAD EL-JARROUCHI,
SYR0248,AHMED EL-JARROUCHI,
SYR0248,AHMAD JAROUCHA,
SYR0248,AHMED JAROUCHA,
SYR0248,AHMAD JAROUCHAH,
SYR0248,AHMED JAROUCHAH,
SYR0248,AHMAD JAROUCHEH,
SYR0248,AHMED JAROUCHEH,
SYR0248,AHMAD JAROUCHI,
SYR0248,AHMED JAROUCHI,
SYR0248,AHMAD JAROUSHA,
SYR0248,AHMED JAROUSHA,
SYR0248,AHMAD JAROUSHEH,
SYR0248,AHMED JAROUSHEH,
SYR0248,AHMAD JAROUSHI,
SYR0248,AHMED JAROUSHI,
SYR0248,AHMAD JARROUCHE,
SYR0248,AHMED JARROUCHE,
SYR0248,AHMAD JARUSHI,
SYR0248,AHMED JARUSHI,
SYR0249,ALI BARAKAT,
SYR0249,ALI BAKARAT,
SYR0250,GHAITH FAYAD,
SYR0250,GHIATH FAYAD,
SYR0250,FAYAD,
SYR0252,KHALIL ZGHRAYBIH,
SYR0252,ZAGHRAYBA,
SYR0252,ZAGHRAYBAH,
SYR0252,ZAGHRAYBE,
SYR0252,ZEGHRAYBA,
SYR0252,ZEGHRAYBAH,
SYR0252,ZEGHRAYBE,
SYR0252,ZEGHRAYBEH,
SYR0252,ZGHRAYBA,
SYR0252,ZGHRAYBIH,
SYR0252,ZGRAYBE,
SYR0252,ZGRAYBEH,
SYR0252,ZIGHRAYBA,
SYR0252,ZIGHRAYBE,
SYR0252,ZIGHRAYBEH,
SYR0252,ZUGHRAYBA,
SYR0252,ZUGHRAYBAH,
SYR0252,ZUGHRAYBE,
SYR0253,MOHAMAD ZAFER MOHABAK,
SYR0253,MOHAMAD DHAFER MOHABAK,
SYR0253,MOHAMED DHAFER MOHABAK,
SYR0253,MOHAMED ZAFER MOHABAK,
SYR0253,MOHAMMAD DHAFER MOHABAK,
SYR0253,MOHAMMAD ZAFER MOHABAK,
SYR0253,MOHAMMED DHAFER MOHABAK,
SYR0253,MOHAMMED ZAFER MOHABAK,
SYR0253,MOHAMAD DHAFER MOHABBAK,
SYR0253,MOHAMAD ZAFER MOHABBAK,
SYR0253,MOHAMED DHAFER MOHABBAK,
SYR0253,MOHAMED ZAFER MOHABBAK,
SYR0253,MOHAMMAD DHAFER MOHABBAK,
SYR0253,MOHAMMAD ZAFER MOHABBAK,
SYR0253,MOHAMMED DHAFER MOHABBAK,
SYR0253,MOHAMMED ZAFER MOHABBAK,
SYR0253,MOHAMAD DHAFER MUHABAK,
SYR0253,MOHAMAD ZAFER MUHABAK,
SYR0253,MOHAMED DHAFER MUHABAK,
SYR0253,MOHAMED ZAFER MUHABAK,
SYR0253,MOHAMMAD DHAFER MUHABAK,
SYR0253,MOHAMMAD ZAFER MUHABAK,
SYR0253,MOHAMMED DHAFER MUHABAK,
SYR0253,MOHAMMED ZAFER MUHABAK,
SYR0253,MOHAMAD DHAFER MUHABBAK,
SYR0253,MOHAMAD ZAFER MUHABBAK,
SYR0253,MOHAMED DHAFER MUHABBAK,
SYR0253,MOHAMED ZAFER MUHABBAK,
SYR0253,MOHAMMAD DHAFER MUHABBAK,
SYR0253,MOHAMMAD ZAFER MUHABBAK,
SYR0253,MOHAMMED DHAFER MUHABBAK,
SYR0253,MOHAMMED ZAFER MUHABBAK,
SYR0254,MOHAMMAD MOUTI' MOUAYYAD,
SYR0254,MOHAMMAD MUTI'A MOUAYYAD,
SYR0257,ANAS TALAS,
SYR0257,ANAS TALOUS,
SYR0257,ANAS TLASS,
SYR0257,ANAS TULS,
SYR0258,NAZIR AHMAD JAMALEDDINE,
SYR0258,MOHAMMED JAMALEDDINE,
SYR0258,AHMAD NAZIR,
SYR0259,MAZIN AL-TARAZI,
SYR0259,MAZEN AL-TARAZI,
SYR0260,SAMER FOZ,
SYR0260,SAMER FAWZ,
SYR0260,SAMER ZUHAIR FAWZ,
SYR0260,SAMIR FAWZ,
SYR0260,SAMER ZUHAIR FOZ,
SYR0260,SAMIR FOZ,
SYR0261,KHALDOUN AL-ZOUBI,
SYR0261,KHALDOON AL-ZOUBI,
SYR0261,KHALDOON AL-ZU'BI,
SYR0261,KHALDOUN AL-ZU'BI,
SYR0261,KHALDOON ZUBI,
SYR0261,KHALDOUN ZUBI,
SYR0262,HUSSAM AL-QATIRJI,
SYR0262,HOSSAM AHMED AL-KATERJI,
SYR0262,HOSSAM MOHAMMED AL-KATERJI,
SYR0262,HOSSAM MUHAMMAD AL-KATERJI,
SYR0262,HUSSAM AL-KATERJI,
SYR0262,HUSSAM AHMED AL-KATERJI,
SYR0262,HUSSAM MOHAMMED AL-KATERJI,
SYR0262,HUSSAM MUHAMMAD AL-KATERJI,
SYR0262,HOSSAM AHMED AL-QATIRJI,
SYR0262,HOSSAM MOHAMMED AL-QATIRJI,
SYR0262,HOSSAM MUHAMMAD AL-QATIRJI,
SYR0262,HUSSAM AHMED AL-QATIRJI,
SYR0262,HUSSAM MOHAMMED AL-QATIRJI,
SYR0262,HUSSAM MUHAMMAD AL-QATIRJI,
SYR0263,BASHAR MOHAMMAD ASSI,
SYR0264,KHALED AL-ZUBAIDI,
SYR0264,MOHAMMED KHALED BASSAM AL-ZUBAIDI,
SYR0264,MOHAMMED KHALID BASSAM AL-ZUBAIDI,
SYR0264,KHALED AL-ZUBEDI,
SYR0264,MOHAMMED KHALED BASSAM AL-ZUBEDI,
SYR0264,MOHAMMED KHALID BASSAM AL-ZUBEDI,
SYR0268,INDUSTRIAL SOLUTIONS,
SYR0269,DREX TECHNOLOGIES S.A.,
SYR0270,RAWAFED DAMASCUS PRIVATE JOINT STOCK COMPANY,
SYR0270,RAWAFED TRIBUTARY DAMASCUS PRIVATE JOINT STOCK COMPANY,
SYR0270,RAWAFID DAMASCUS PRIVATE JOINT STOCK COMPANY,
SYR0270,RAWAFID TRIBUTARY DAMASCUS PRIVATE JOINT STOCK COMPANY,
SYR0271,AMAN DAMASCUS JOINT STOCK COMPANY,
SYR0271,AMAN DAMASCUS JSC,
SYR0272,BUNYAN DAMASCUS PRIVATE JOINT STOCK COMPANY,
SYR0272,BUNYAN DAMASCUS PRIVATE JSC,
SYR0273,MIRZA,
SYR0279,AL MASHREQ INVESTMENT FUND,
SYR0279,AMIF,
SYR0279,SUNDUQ AL MASHREK AL ISTITHMARI,
SYR0283,BENA PROPERTIES,
SYR0283,BANNA PROPERTIES,
SYR0283,BENA,
SYR0284,BUSINESS LAB,
SYR0287,CHAM HOLDING,
SYR0287,AL SHAM COMPANY,
SYR0287,AL-SHAM COMPANY,
SYR0287,CHAM,
SYR0287,CHAM INVESTMENT GROUP,
SYR0287,SHAM HOLDING,
SYR0287,SHAM HOLDING COMPANY SAL,
SYR0288,CHAM INVESTMENT GROUP,
SYR0288,AL SHAM COMPANY,
SYR0288,AL-SHAM COMPANY,
SYR0288,CHAM,
SYR0288,CHAM HOLDING,
SYR0288,SHAM HOLDING,
SYR0288,SHAM HOLDING COMPANY SAL,
SYR0297,EL JAZIREH,
SYR0297,AL JAZIREH,
SYR0297,"AL-JAZEERAH GENERAL TRANSPORT COMPANY, PETROLEUM DERIVATIVES AND OIL SERVICES",
SYR0297,EL JAZEERA,
SYR0297,EL JAZEERAH,
SYR0297,EL JAZERRA,
SYR0297,EL JAZIRA,
SYR0298,EL-TEL CO,
SYR0299,EXPERT PARTNERS,
SYR0304,HAMCHO INTERNATIONAL,
SYR0304,HAMCHO GROUP,
SYR0304,HAMCHO GROUP INTERNATIONAL,
SYR0305,HAMSHO TRADING,
SYR0305,HAMISHO,
SYR0305,HAMSHO TRADE AND CONSTRUCTION,
SYR0305,HAMSHO TRADING EST.,
SYR0305,HAMSHO TRADING ESTABLISHMENT,
SYR0306,HANDASIEH ORGANIZATION FOR ENGINEERING INDUSTRIES,
SYR0306,(GENERAL) ORGANIZATION FOR ENGINEERING INDUSTRIES,
SYR0307,HIGHER INSTITUTE FOR APPLIED SCIENCES AND TECHNOLOGY (HIAST),
SYR0307,HISAT,
SYR0307,L'INSTITUT SUPERIEUR DES SCIENCES APPLIQUEES ET DE TECHNOLOGIE (ISSAT),
SYR0309,INDUSTRIAL ESTABLISHMENT OF DEFENCE,
SYR0309,COEFFICIENT DEFENSE FOUNDATION,
SYR0309,DEFENCE FACTORIES ESTABLISHMENT,
SYR0309,ESTABLISSEMENT INDUSTRIAL DE LA DEFENCE (ETINDE),
SYR0309,ESTABLISSEMENTS INDUSTRIELS DE LA DEFENSE (EID),
SYR0309,INDUSTRIAL ESTABLISHMENT FOR DEFENCE,
SYR0309,INDUSTRIAL ESTABLISHMENT OF DEFENSE,
SYR0311,MADA TRANSPORT,
SYR0311,AL SHAM COMPANY,
SYR0311,AL-SHAM COMPANY,
SYR0311,CHAM,
SYR0311,CHAM HOLDING,
SYR0311,SHAM HOLDING,
SYR0311,SHAM HOLDING COMPANY SAL,
SYR0313,MECHANICAL CONSTRUCTION FACTORY,
SYR0313,CHAM CO.,
SYR0313,COMPANY FOR METALIC CONSTRUCTIONS & MECHANICAL INDUSTRIES,
SYR0313,COMPANY OF MELALLIC CONSTRUCTIONS AND MECHANICAL INDUSTRIES,
SYR0313,MATTOCK CONSTRUCT,
SYR0313,MCMI,
SYR0313,METAL CONSTRUCTION & MECHANIC INDUSTRY CO,
SYR0313,METAL CONSTRUCTIONS AND MECHANICAL INDUSTRIES COMPANY,
SYR0313,METALIC CONSTRUCTIONS AND MECHANICAL INDUSTRIES CO.,
SYR0313,METALLIC CONSTRUCTION AND MECHANICAL INDUSTRIES CO.,
SYR0313,THE GENERAL COMPANY FOR METALS CONSTRUCTION,
SYR0314,MEGATRADE,
SYR0315,MILITARY HOUSING ESTABLISHMENT,
SYR0315,MILIHOUSE,
SYR0319,NATIONAL STANDARDS & CALIBRATION LABORATORY,
SYR0319,NSCL,
SYR0319,SSRC,
SYR0320,ORGANISATION FOR TECHNOLOGICAL INDUSTRIES,
SYR0320,OTI,
SYR0320,TECHNICAL INDUSTRIES CORPORATION (TIC),
SYR0325,RAMAK CONSTRUCTIONS COMPANY,
SYR0325,RAMAK,
SYR0325,RAMAK CONSTRUCTION/S CO.,
SYR0325,RAMAK CONTRACTING & TRADING,
SYR0325,RAMAK LTD.,
SYR0328,SOURUH COMPANY,
SYR0328,SOROH AL CHAM COMPANY,
SYR0328,SORUH COMPANY,
SYR0331,SYRIAN COMPANY FOR INFORMATION TECHNOLOGY,
SYR0331,SCIT,
SYR0336,SYRIATEL,
SYR0337,SYRONICS-SYRIAN ARAB CO. FOR ELECTRONIC INDUSTRIES,
SYR0344,IMAD MUWAFFAQ AL-AZAB,
SYR0345,IYAD MOHAMMAD AL-KHATIB,
SYR0346,MOHAMMAD KHALED AL-RAHMOUN,
SYR0346,MUHAMMAD KHALID RAHMUN,
SYR0348,MOHAMMAD RAMI RADWAN MARTINI,
SYR0349,SUHAIL MOHAMMAD ABDULLATIF,
SYR0350,YASIR ABBAS,
SYR0350,YASER ABAS,
SYR0350,YASR - AZIZ ABAS,
SYR0350,YASSER ABAS,
SYR0350,YASER 'AZIZ - ABBAS,
SYR0350,YASR - AZIZ 'AZIZ - ABBAS,
SYR0350,YASSER 'AZIZ - ABBAS,
SYR0350,YASIR AZIZ ABBAS,
SYR0350,YASSER ABBAS,
SYR0351,MAHIR BURHANEDDINE AL-IMAN,
SYR0352,WASEEM AL-KATTAN,
SYR0352,ANOUAR AL-KATAN,
SYR0352,WASEEM AL-KATAN,
SYR0352,WASIM AL-KATAN,
SYR0352,WASSEEM AL-KATAN,
SYR0352,WASSIM AL-KATAN,
SYR0352,ANOUAR AL-KATTAN,
SYR0352,WASIM AL-KATTAN,
SYR0352,WASSEEM AL-KATTAN,
SYR0352,WASSIM AL-KATTAN,
SYR0352,ANOUAR AL-QATAN,
SYR0352,WASEEM AL-QATAN,
SYR0352,WASIM AL-QATAN,
SYR0352,WASSEEM AL-QATAN,
SYR0352,WASSIM AL-QATAN,
SYR0352,ANOUAR AL-QATTAN,
SYR0352,WASEEM AL-QATTAN,
SYR0352,WASIM AL-QATTAN,
SYR0352,WASSEEM AL-QATTAN,
SYR0352,WASSIM AL-QATTAN,
SYR0353,AMER FOZ,
SYR0355,SAQR RUSTOM,
SYR0355,SAQER AL-ROSTOM,
SYR0355,SAQER ASAAD AL-ROSTOM,
SYR0355,SAQER ASAD AL-ROSTOM,
SYR0355,SAQER AS'AD AL-ROSTOM,
SYR0355,SAQR AL-ROSTOM,
SYR0355,SAQR ASAAD AL-ROSTOM,
SYR0355,SAQR ASAD AL-ROSTOM,
SYR0355,SAQR AS'AD AL-ROSTOM,
SYR0355,SAQER ALRUSTOM,
SYR0355,SAQR ALRUSTOM,
SYR0355,SAQER ASAAD AL-RUSTOM,
SYR0355,SAQER ASAD AL-RUSTOM,
SYR0355,SAQER AS'AD AL-RUSTOM,
SYR0355,SAQR ASAAD AL-RUSTOM,
SYR0355,SAQR ASAD AL-RUSTOM,
SYR0355,SAQR AS'AD AL-RUSTOM,
SYR0355,SAQER RUSTOM,
SYR0355,SAQER ASAAD RUSTOM,
SYR0355,SAQER ASAD RUSTOM,
SYR0355,SAQER AS'AD RUSTOM,
SYR0356,ADEL ANWAR AL-OLABI,
SYR0356,ADEL ANOUAR AL-OLABI,
SYR0356,ADIL ANWAR AL-OLABI,
SYR0356,ADEL ANOUAR EL-OULABI,
SYR0356,ADEL ANWAR EL-OULABI,
SYR0356,ADIL ANWAR EL-OULABI,
SYR0357,KHODR ALI TAHER,
SYR0358,DAMASCUS CHAM HOLDING,
SYR0358,DAMASCUS CHAM HOLDING COMPANY,
SYR0358,DAMASCUS CHAM PRIVATE JOINT STOCK COMPANY,
SYR0359,AL QATARJI COMPANY,
SYR0359,AL-SHAM AND AL-DARWISH COMPANY,
SYR0359,KATARJI,
SYR0359,KATERJI GROUP,
SYR0359,KATIRJI COMPANY,
SYR0359,KHATIRJI,
SYR0359,KHATIRJI GROUP,
SYR0359,QATARJI INTERNATIONAL GROUP,
SYR0360,TALAL AL-BARAZI,
SYR0360,TALAL BARAZI,
SYR0360,TALAL BARAZZI,
SYR0361,LOUBANA MOUCHAWEH,
SYR0361,LUBANA MOUCHAWEH,
SYR0361,LOUBANA MSHAWEH,
SYR0361,LUBANA MSHAWEH,
SYR0362,DAREM TABA'A,
SYR0363,AHMAD SAYYED,
SYR0363,AHMAD AL-SAYED,
SYR0363,AHMAD AL-SAYYED,
SYR0363,AHMAD ALSYED,
SYR0364,TAMMAM RA'AD,
SYR0364,TAMAM RAAD,
SYR0364,TAMAM RA'AD,
SYR0365,KINAN YAGHI,
SYR0365,KENAN YAGI,
SYR0365,KINAN YAGI,
SYR0366,ZUHAIR KHAZIM,
SYR0366,ZOUHAIR KHAZIM,
SYR0367,BASSAM TOU'MA,
SYR0367,BASSAM TU'MA,
SYR0368,HASSAN GHABACHE,
SYR0368,HASSAN AL-GHABBASH,
SYR0368,HASSAN GHOBASH,
SYR0369,ZIYAD SABBAGH,
SYR0370,MOHAMMAD HASSAN QATANA,
SYR0371,GHASSAN ZAMEL,
SYR0371,GHASSAN AL ZAMIL,
SYR0371,GHASSAN AL-ZAMEL,
SYR0372,MOHAMAD FAYEZ BARCHA,
SYR0372,MOHAMAD FAYEZ AL-BARASHA,
SYR0372,MOHAMAD FAYEZ AL-BARSHA,
SYR0372,MOHAMMAD BARCHA,
SYR0372,MOHAMAD AL-BARASHA,
SYR0372,MOHAMMAD AL-BARASHA,
SYR0372,MOHAMAD AL-BARSHA,
SYR0372,MOHAMMAD AL-BARSHA,
SYR0372,MOHAMMAD FAYEZ BARCHA,
SYR0373,MALLOUL HUSSEIN,
SYR0373,MALOUL AL-HUSSEIN,
SYR0373,MALOUL HUSSEIN,
SYR0373,MALLOUL AL-HUSSEIN,
SYR0374,MOHAMMAD SAMIR HADDAD,
SYR0375,MUHAMMAD BARA AL-QATIRJI,
SYR0375,ABU AL-BARA AL-QATARJI,
SYR0375,BARA AL-QATARJI,
SYR0375,BARA AHMAD AL-QATARJI,
SYR0375,MUHAMMAD AL-QATARJI,
SYR0375,MUHAMMAD BARA AL-QATARJI,
SYR0375,MUHAMMAD BARA AHMAD RUSHDI AL-QATARJI,
SYR0375,MUHAMMAD NUR AL-DIN AL-QATARJI,
SYR0375,ABU AL-BARA AL-QATIRJI,
SYR0375,BARA AL-QATIRJI,
SYR0375,BARA AHMAD AL-QATIRJI,
SYR0375,MUHAMMAD AL-QATIRJI,
SYR0375,MUHAMMAD BARA AHMAD RUSHDI AL-QATIRJI,
SYR0375,MUHAMMAD NUR AL-DIN AL-QATIRJI,
SYR0375,ABU AL-BARA KATARJI,
SYR0375,BARA KATARJI,
SYR0375,BARA AHMAD KATARJI,
SYR0375,MUHAMMAD KATARJI,
SYR0375,MUHAMMAD BARA KATARJI,
SYR0375,MUHAMMAD BARA AHMAD RUSHDI KATARJI,
SYR0375,MUHAMMAD NUR AL-DIN KATARJI,
SYR0375,ABU AL-BARA KHATARJI,
SYR0375,BARA KHATARJI,
SYR0375,BARA AHMAD KHATARJI,
SYR0375,MUHAMMAD KHATARJI,
SYR0375,MUHAMMAD BARA KHATARJI,
SYR0375,MUHAMMAD BARA AHMAD RUSHDI KHATARJI,
SYR0375,MUHAMMAD NUR AL-DIN KHATARJI,
SYR0375,ABU AL-BARA KHATIRJI,
SYR0375,BARA KHATIRJI,
SYR0375,BARA AHMAD KHATIRJI,
SYR0375,MUHAMMAD KHATIRJI,
SYR0375,MUHAMMAD BARA KHATIRJI,
SYR0375,MUHAMMAD BARA AHMAD RUSHDI KHATIRJI,
SYR0375,MUHAMMAD NUR AL-DIN KHATIRJI,
SYR0375,ABU AL-BARA QATARJI,
SYR0375,BARA QATARJI,
SYR0375,BARA AHMAD QATARJI,
SYR0375,MUHAMMAD QATARJI,
SYR0375,MUHAMMAD BARA QATARJI,
SYR0375,MUHAMMAD BARA AHMAD RUSHDI QATARJI,
SYR0375,MUHAMMAD NUR AL-DIN QATARJI,
SYR0375,ABU AL-BARA QATIRJI,
SYR0375,BARA QATIRJI,
SYR0375,BARA AHMAD QATIRJI,
SYR0375,MUHAMMAD QATIRJI,
SYR0375,MUHAMMAD BARA QATIRJI,
SYR0375,MUHAMMAD BARA AHMAD RUSHDI QATIRJI,
SYR0375,MUHAMMAD NUR AL-DIN QATIRJI,
SYR0375,ABU AL-BARA QATRJI,
SYR0375,BARA QATRJI,
SYR0375,BARA AHMAD QATRJI,
SYR0375,MUHAMMAD QATRJI,
SYR0375,MUHAMMAD BARA QATRJI,
SYR0375,MUHAMMAD BARA AHMAD RUSHDI QATRJI,
SYR0375,MUHAMMAD NUR AL-DIN QATRJI,
SYR0375,ABU BARA,
SYR0376,FAISAL AL-MIQDAD,
SYR0376,FAISAL AL-MEKDAD,
SYR0376,FAYCAL AL-MEKDAD,
SYR0376,FAYSSAL AL-MEKDAD,
SYR0376,FAISAL AL-MEQDAD,
SYR0376,FAYCAL AL-MEQDAD,
SYR0376,FAYSSAL AL-MEQDAD,
SYR0376,FAYCAL AL-MIQDAD,
SYR0376,FAYSSAL AL-MIQDAD,
SYR0376,FAISAL MEKDAD,
SYR0376,FAYCAL MEKDAD,
SYR0376,FAYSSAL MEKDAD,
SYR0376,FAISAL MEQDAD,
SYR0376,FAYCAL MEQDAD,
SYR0376,FAYSSAL MEQDAD,
SYR0376,FAISAL MIQDAD,
SYR0376,FAYCAL MIQDAD,
SYR0376,FAYSSAL MIQDAD,
SYR0377,LUNA AL-SHIBL,
SYR0377,LUNA AL CHEBEL,
SYR0377,LUNA AL CHEBIL,
SYR0377,LUNA AL SHEBEL,
SYR0377,LUNA AL SHEBIL,
SYR0377,LUNA AL SHIBIL,
SYR0377,LUNA AL SHIBL,
SYR0377,LUNA ALSHEBEL,
SYR0377,LUNA CHEBEL,
SYR0377,LUNA CHEBIL,
SYR0377,LUNA SHEBEL,
SYR0377,LUNA SHEBIL,
SYR0377,LUNA SHIBIL,
SYR0377,LUNA SHIBL,
SYR0378,MALIK ALIAA,
SYR0378,MALEK ALIA,
SYR0378,MALIK ALIA,
SYR0378,MALEK ALIAA,
SYR0379,YASSER HUSSEIN IBRAHIM,
SYR0379,YASAR IBRAHIM,
SYR0379,YASSAR IBRAHIM,
SYR0380,ZAID SALAH,
SYR0380,ZAED SALAH,
SYR0380,ZAED SALEH,
SYR0380,ZAID SALEH,
SYR0381,MOHAMED AL-CHAAR,
SYR0381,MOHAMMAD AL-CHAAR,
SYR0381,MOHAMMED AL-CHAAR,
SYR0381,MUHAMMAD AL-CHAAR,
SYR0381,MOHAMED AL-CHA'AR,
SYR0381,MOHAMMAD AL-CHA'AR,
SYR0381,MOHAMMED AL-CHA'AR,
SYR0381,MUHAMMAD AL-CHA'AR,
SYR0381,MOHAMED AL-SHAAR,
SYR0381,MOHAMMAD AL-SHAAR,
SYR0381,MUHAMMAD AL-SHAAR,
SYR0381,MOHAMED AL-SHA'AR,
SYR0381,MOHAMMAD AL-SHA'AR,
SYR0381,MOHAMMED AL-SHA'AR,
SYR0381,MUHAMMAD AL-SHA'AR,
SYR0382,ALEXANDER YURYEVICH CHAYKO,
SYR0383,ANDREI MYCHAILOVYCH BOGATOV,
SYR0384,ANDREI MIKOLAYVYCH TROSHEV,
SYR0385,SERGEI FEDOROVICH RUDSKOI,
SYR0391,MOHAMMED ISSAM SHAMMOUT,
SYR0391,MUHAMMED ISSAM SHAMMOUT,
SYR0392,AHMED KHALIL KHALIL,
SYR0395,AMJAD YOUSEF,
SYR0395,AMJAD YOUSSUF,
SYR0396,ABDEL LATIF HAMID,
SYR0396,ABDUL LATIF HAMID,
SYR0396,ABDULLATIF HAMID,
SYR0396,ABDELLATIF HAMIDA,
SYR0396,ABDELLATIF HAMIDEH,
SYR0397,TAER ABDUL KAREEM AL-KAYALI,
SYR0397,TAHER ABDUL KAREEM CAIALI,
SYR0397,TAHER ABDUL KAREEM KAYYALI,
SYR0398,AMER TAYSIR KHEITI,
SYR0398,AMER TAYSIR KHAITI,
SYR0398,AMER TAYSEER KHITI,
SYR0399,IMAD ABU ZUREIK,
SYR0399,EMAD ABU ZUREIQ,
SYR0400,MOSTAFA QASSEM AL MASALMEH,
SYR0400,MUSTAFA QASSEM AL KASM,
SYR0400,MUSTAFA QASSEM AL KASAM,
SYR0400,MUSTAFA QASSEM AL QASIM,
SYR0400,MUSTAFA QASSEM AL-KASEM,
SYR0401,MUHAMMED ASSEF ISSA SHALISH,
SYR0402,SAMER KAMAL AL ASSAD,
SYR0402,SAMER KAMAL ASAD,
SYR0402,SAMER KAMAL ASSAD,
SYR0403,WASEEM BADEE AL-ASAD,
SYR0403,WASEEM BADI AL-ASAD,
SYR0403,WASEEM BADIE AL-ASAD,
SYR0403,WASIM BADIA AL-ASAD,
SYR0403,WASSIM BADIA AL-ASAD,
SYR0403,WASEEM BADIA ALASSAD,
SYR0403,WASEEM BADIA AL-ASSAD,
SYR0403,WASEEM BADIA ASAD,
SYR0403,WASEEM BADIA ASSAD,
SYR0404,NOAH ZAAYTER,
SYR0404,NOAH ZEITER,
SYR0404,NOAH ZUAITER,
SYR0406,HASSAN MUHAMMAD DAGO,
SYR0406,HASSAN MUHAMMAD DAKOU,
SYR0406,HASSAN MUHAMMAD DAQOU,
SYR0406,HASAN MUHAMMAD DAQQOU,
SYR0406,HASSAN MOHAMAD DAQQOU,
SYR0406,HASSAN MUHAMMAD DAQU,
SYR0406,HASSAN MUHAMMAD DEKKO,
SYR0406,HASSAN MUHAMMAD DIKU,
SYR0406,HASSAN MUHAMMAD DOQU,
SYR0406,HASSAN MUHAMMAD DUQO,
SYR0406,HASSAN MUHAMMAD DUQQU,
SYR0409,MOHAMED KANJO HASSAN,
SYR0409,MOHAMMAD KANJO HASSAN,
SYR0409,MUHAMMAD HASSAN,
SYR0409,MOHAMMAD KANJO,
SYR0409,MOHAMMED KANJO,
SYR0409,MOHAMMED HASAN KANJO,
SYR0409,MUHAMMAD KANJO,
SYR0410,YAZAN AL HOMSI,
SYR0410,YAZAN AHMAD AL-HOMSI,
SYR0411,GERGES BOUTROS AL HALLAQ,
SYR0411,BOUTROS AL-HALLAQ,
SYR0411,BOUTROS BIN GERGES AL-HALLAQ,
SYR0411,BOUTROS GEORGE AL-HALLAQ,
SYR0411,BOUTROS GORGEOUS AL-HALLAQ,
SYR0411,BOUTROS JIRJIS AL-HALLAQ,
SYR0411,BUTRUS AL-HALLAQ,
SYR0411,BUTRUS GIRGUS AL-HALLAQ,
SYR0411,BOUTROS HALLAQ,
SYR0412,LOUAY AL-MUNAJJED,
SYR0412,LOUAY IMAD AL-DIN AL-MUNAJJED,
SYR0412,LOUMAY IMAD AL-DIN AL-MUNAJJED,
SYR0412,LOUAY BIN IMAD AL-DIN AL-MUNAJJID,
SYR0413,FIRAS HASSAN KADDOUR,
SYR0413,HASSAN KADDOUR,
SYR0413,FIRAS BIN HASSAN QADDOUR,
SYR0413,HASSAN QADDOUR,
SYR0416,AHMAD BOUSTAJI,
SYR0417,MOHSEN 'ABD AL-KARIM' ALI,
SYR0417,MOHSEN ABDULKARIM ALI,
SYR0417,MOHSEN BIN ABDUL KARIM ALI,
SYR0417,MOHSIN ABDUL-KARIM ALI,
SYR0417,MUHSEN ABD AL-KARIM ALI,
SYR0418,ABU JAAFAR,
SYR0419,GHAITH SULEIMAN DALLA,
SYR0419,GHAYATH SULEIMAN DALLA,
SYR0419,GHAYTH SULEIMAN DALLA,
SYR0419,GHIATH SULEIMAN DALLA,
SYR0419,GYATH SULEIMAN DALLA,
SYR0420,ABU AMSHA,
SYR0421,ABU BAKR,
SYR0423,AMSHAT,
SYR0424,AL-HAMZA DIVISION,
SYR0424,HAMZAT DIVISION,
SYR0425,MUDALLAL KHOURI,
SYR0425,MADALAL KHOURY,
SYR0425,MTANYUS KHOURY,
SYR0425,MUDALAL KHOURY,
SYR0425,MUDALLAL KHURI,
SYR0426,IMAD KHOURI,
SYR0426,EMAD KHOURY,
SYR0426,IMAD KHURI,
SYR0426,IMAD MTANYUS KHURI,
SYR0426,MTANYUS KHURI,
SYR0426,IMAD KHURY,
SYR0426,MTANYUS KHURY,
VEN0001,NESTOR LUIS REVEROL TORRES,
VEN0002,GUSTAVO ENRIQUE GONZALEZ LOPEZ,
VEN0003,ANTONIO JOSE BENAVIDES TORRES,
VEN0004,MAIKEL JOSE MORENO PEREZ,
VEN0005,TAREK WILLIAM SAAB HALABI,
VEN0006,DIOSDADO CABELLO RONDON,
VEN0007,TARECK ZAIDAN EL-AISSAMI MADDAH,
VEN0008,JESUS RAFAEL SUAREZ CHOURIO,
VEN0009,IVAN HERNANDEZ DALA,
VEN0010,DELCY ELOINA RODRIGUEZ GOMEZ,
VEN0011,ELIAS JOSE JAUA MILANO,
VEN0012,SANDRA OBLITAS RUZZA,
VEN0013,FREDDY ALIRIO BERNAL ROSALES,
VEN0014,SOCORRO ELIZABETH HERNANDEZ HERNANDEZ,
VEN0014,SOCORRO ELIZABETH HERNANDEZ DE HERNANDEZ,
VEN0015,XAVIER ANTONIO MORENO REYES,
VEN0016,SERGIO JOSE RIVERO MARCANO,
VEN0017,TIBISAY LUCENA RAMIREZ,
VEN0018,KATHERINE NAYARITH HARRINGTON PADRON,
VEN0019,NESTOR NEPTALI BLANCO HURTADO,
VEN0020,RAFAEL RAMON BLANCO MARRERO,
VEN0021,CARLOS ALBERTO CALDERON CHIRINOS,
VEN0022,ALEXIS ENRIQUE ESCALONA MARRERO,
VEN0023,RAFAEL ANTONIO FRANCO QUINTERO,
VEN0024,ALEXANDER GRANKO ARTEAGA,
VEN0024,ALEXANDER ENRIQUE GRANKO ARTEAGA,
VEN0025,HANNOVER ESTEBAN GUERRERO MIJARES,
VEN0026,JOSE ADELINO ORNELAS FERREIRA,
VEN0026,JOSE ADELINO ORNELA FERREIRA,
VEN0026,JOSE ADELINO ORNELLA FERREIRA,
VEN0026,JOSE ADELINO ORNELLAS FERREIRA,
VEN0027,GLADYS DEL VALLE REQUENA,
VEN0028,TANIA VALENTINA DIAZ GONZALEZ,
VEN0029,ELVIS EDUARDO AMOROSO,
VEN0029,ELVIS EDUARDO HIDROBO AMOROSO,
VEN0030,JUAN JOSE MENDOZA JOVER,
VEN0031,JORGE ELIESER MARQUEZ MONSALVE,
VEN0032,FARIK KARIN MORA SALCEDO,
VEN0033,DINORAH YOSELIN BUSTAMANTE PUERTA,
VEN0034,LUIS EDUARDO PARRA RIVERO,
VEN0035,FRANKLYN LEONARDO DUARTE,
VEN0036,JOSE GREGORIO NORIEGA FIGUEROA,
VEN0041,DOMINGO ANTONIO HERNANDEZ LARES,
YEM0001,ABD AL-KHALIQ AL-HOUTHI,
YEM0001,ABU-YUNUS,Low quality a.k.a
YEM0001,ABD-AL-KHALIQ BADR-AL-DIN AL HUTHI,Good quality a.k.a
YEM0001,ABD AL-KHALIQ AL-HUTHI,Good quality a.k.a
YEM0001,'ABD AL-KHALIQ BADR AL-DIN AL-HUTHI,Good quality a.k.a
YEM0001,ABD-AL-KHALIQ AL-HUTHI,Good quality a.k.a
YEM0002,ABDULLAH YAHYA AL HAKIM,
YEM0002,ABU ALI AL HAKIM,Good quality a.k.a
YEM0002,ABU ALI ALHAKIM,Good quality a.k.a
YEM0002,ABDALLAH AL-HAKIM,Good quality a.k.a
YEM0002,ABU-ALI AL-HAKIM,Good quality a.k.a
YEM0002,ABDALLAH AL-MU'AYYAD,Good quality a.k.a
YEM0004,ABDULMALIK AL-HOUTHI,
YEM0004,ABDULMALIK AL-HUTHI,Good quality a.k.a
YEM0006,SULTAN SALEH AIDA AIDA ZABIN,
YEM0006,ABU SAGAR ZABIN,Low quality a.k.a
YEM0006,ABU SAQAR ZABIN,Low quality a.k.a
YEM0007,MUHAMMAD ABD AL-KARIM AL-GHAMARI,
YEM0007,MOHAMMAD AL-GHAMARI,Low quality a.k.a
YEM0008,YUSUF AL-MADANI,
YEM0009,SALEH MESFER SALEH AL SHAER,
YEM0009,SALEH AL SHAE,Low quality a.k.a
YEM0009,SALEH MESFER AL SHAER,Low quality a.k.a
YEM0009,SALEH MOSFER SALEH AL SHAER,Low quality a.k.a
YEM0009,SALEH MUSFER SALEH AL SHAER,Low quality a.k.a
YEM0009,SALEH AL SHA'IR,Low quality a.k.a
YEM0009,ABU YASSER,Low quality a.k.a
YEM0010,ANSARALLAH,
YEM0010,PARTISANS OF GOD,
YEM0010,SUPPORTERS OF GOD,
YEM0012,AHMAD'ALI AL-HAMZI,Low quality a.k.a
YEM0012,AHMAD'ALI AHSAN AL-HAMZI,Low quality a.k.a
YEM0012,AHMED ALI AL-HAMZI,Low quality a.k.a
YEM0012,MUTI AL-HAMZI,Low quality a.k.a
YEM0014,NASSER AL-ATIFI,
YEM0015,ABU JAAFAR AL-TALBI,
YEM0017,MUHAMMAD FADL ABDULNABI,
YEM0018,ALI HUSAYN AL-HUTHI,
